group,letter,noise,sample_idx,iter,energia,s_0,s_1,s_2,s_3,s_4,s_5,s_6,s_7,s_8,s_9,s_10,s_11,s_12,s_13,s_14,s_15,s_16,s_17,s_18,s_19,s_20,s_21,s_22,s_23,s_24
AL,A,0.05,0,0,-9.6,-1,1,1,1,-1,1,-1,-1,-1,-1,1,1,1,1,1,1,-1,-1,-1,1,1,-1,-1,-1,1
AL,A,0.05,0,1,-11.520000000000001,-1,1,1,1,-1,1,-1,-1,-1,1,1,1,1,1,1,1,-1,-1,-1,1,1,-1,-1,-1,1
AL,A,0.05,0,2,-11.520000000000001,-1,1,1,1,-1,1,-1,-1,-1,1,1,1,1,1,1,1,-1,-1,-1,1,1,-1,-1,-1,1
AL,A,0.1,0,0,-9.6,-1,1,1,1,-1,1,-1,-1,-1,-1,1,1,1,1,1,1,-1,-1,-1,1,1,-1,-1,-1,1
AL,A,0.1,0,1,-11.520000000000001,-1,1,1,1,-1,1,-1,-1,-1,1,1,1,1,1,1,1,-1,-1,-1,1,1,-1,-1,-1,1
AL,A,0.1,0,2,-11.520000000000001,-1,1,1,1,-1,1,-1,-1,-1,1,1,1,1,1,1,1,-1,-1,-1,1,1,-1,-1,-1,1
AL,A,0.15,0,0,-6.239999999999999,-1,1,-1,1,-1,1,-1,-1,-1,-1,1,1,1,1,1,1,1,-1,-1,1,1,-1,-1,-1,1
AL,A,0.15,0,1,-11.520000000000001,-1,1,1,1,-1,1,-1,-1,-1,1,1,1,1,1,1,1,-1,-1,-1,1,1,-1,-1,-1,1
AL,A,0.15,0,2,-11.520000000000001,-1,1,1,1,-1,1,-1,-1,-1,1,1,1,1,1,1,1,-1,-1,-1,1,1,-1,-1,-1,1
AL,A,0.2,0,0,-6.239999999999999,-1,1,-1,1,-1,1,-1,-1,-1,-1,1,1,1,1,1,1,1,-1,-1,1,1,-1,-1,-1,1
AL,A,0.2,0,1,-11.520000000000001,-1,1,1,1,-1,1,-1,-1,-1,1,1,1,1,1,1,1,-1,-1,-1,1,1,-1,-1,-1,1
AL,A,0.2,0,2,-11.520000000000001,-1,1,1,1,-1,1,-1,-1,-1,1,1,1,1,1,1,1,-1,-1,-1,1,1,-1,-1,-1,1
AL,A,0.25,0,0,-4.800000000000001,-1,1,-1,1,-1,1,-1,-1,-1,-1,1,1,1,1,1,1,1,-1,1,1,1,-1,-1,-1,1
AL,A,0.25,0,1,-11.520000000000001,-1,1,1,1,-1,1,-1,-1,-1,1,1,1,1,1,1,1,-1,-1,-1,1,1,-1,-1,-1,1
AL,A,0.25,0,2,-11.520000000000001,-1,1,1,1,-1,1,-1,-1,-1,1,1,1,1,1,1,1,-1,-1,-1,1,1,-1,-1,-1,1
AL,A,0.3,0,0,-2.56,-1,1,-1,1,-1,1,-1,-1,-1,-1,1,1,1,1,1,1,1,-1,1,-1,1,1,-1,-1,1
AL,A,0.3,0,1,-11.520000000000001,-1,1,1,1,-1,1,-1,-1,-1,1,1,1,1,1,1,1,-1,-1,-1,1,1,-1,-1,-1,1
AL,A,0.3,0,2,-11.520000000000001,-1,1,1,1,-1,1,-1,-1,-1,1,1,1,1,1,1,1,-1,-1,-1,1,1,-1,-1,-1,1
AL,A,0.35,0,0,-0.48000000000000015,-1,1,-1,1,1,1,-1,-1,-1,-1,1,1,-1,1,-1,1,1,-1,1,-1,1,1,-1,-1,1
AL,A,0.35,0,1,-8.0,-1,1,1,1,-1,1,-1,-1,-1,1,1,1,1,1,1,1,-1,-1,-1,1,1,-1,1,1,1
AL,A,0.35,0,2,-11.520000000000001,-1,1,1,1,-1,1,-1,-1,-1,1,1,1,1,1,1,1,-1,-1,-1,1,1,-1,-1,-1,1
AL,A,0.35,0,3,-11.520000000000001,-1,1,1,1,-1,1,-1,-1,-1,1,1,1,1,1,1,1,-1,-1,-1,1,1,-1,-1,-1,1
AL,A,0.4,0,0,-0.48000000000000015,-1,1,-1,1,1,1,-1,-1,-1,-1,1,1,-1,1,-1,1,1,-1,1,-1,1,1,-1,-1,1
AL,A,0.4,0,1,-8.0,-1,1,1,1,-1,1,-1,-1,-1,1,1,1,1,1,1,1,-1,-1,-1,1,1,-1,1,1,1
AL,A,0.4,0,2,-11.520000000000001,-1,1,1,1,-1,1,-1,-1,-1,1,1,1,1,1,1,1,-1,-1,-1,1,1,-1,-1,-1,1
AL,A,0.4,0,3,-11.520000000000001,-1,1,1,1,-1,1,-1,-1,-1,1,1,1,1,1,1,1,-1,-1,-1,1,1,-1,-1,-1,1
AL,A,0.45,0,0,0.96,-1,1,-1,1,1,-1,-1,1,-1,-1,1,1,-1,1,-1,1,1,1,1,-1,1,1,-1,-1,1
AL,A,0.45,0,1,-2.24,-1,1,1,1,-1,1,1,-1,1,1,-1,1,1,1,1,-1,-1,-1,-1,1,-1,-1,1,1,-1
AL,A,0.45,0,2,-5.76,-1,1,1,1,1,-1,-1,1,-1,1,1,1,1,1,1,1,1,1,1,1,1,-1,-1,-1,1
AL,A,0.45,0,3,-5.76,-1,1,1,1,-1,1,1,-1,1,1,-1,1,1,1,1,-1,-1,-1,-1,1,-1,-1,-1,-1,-1
AL,A,0.45,0,4,-5.76,-1,1,1,1,1,-1,-1,1,-1,1,1,1,1,1,1,1,1,1,1,1,1,-1,-1,-1,1
AL,A,0.5,0,0,0.8,-1,1,-1,1,1,-1,-1,1,-1,-1,1,1,-1,1,-1,-1,1,1,1,-1,1,1,1,-1,1
AL,A,0.5,0,1,-11.520000000000001,1,-1,-1,-1,1,-1,1,1,1,-1,-1,-1,-1,-1,-1,-1,1,1,1,-1,-1,1,1,1,-1
AL,A,0.5,0,2,-11.520000000000001,1,-1,-1,-1,1,-1,1,1,1,-1,-1,-1,-1,-1,-1,-1,1,1,1,-1,-1,1,1,1,-1
AL,A,0.55,0,0,-0.6399999999999999,1,1,-1,1,1,-1,-1,1,1,-1,1,-1,-1,1,-1,-1,1,1,1,-1,1,1,1,-1,1
AL,A,0.55,0,1,-11.520000000000001,1,-1,-1,-1,1,-1,1,1,1,-1,-1,-1,-1,-1,-1,-1,1,1,1,-1,-1,1,1,1,-1
AL,A,0.55,0,2,-11.520000000000001,1,-1,-1,-1,1,-1,1,1,1,-1,-1,-1,-1,-1,-1,-1,1,1,1,-1,-1,1,1,1,-1
AL,A,0.6,0,0,-0.6399999999999999,1,1,-1,1,1,-1,-1,1,1,-1,1,-1,-1,1,-1,-1,1,1,1,-1,1,1,1,-1,1
AL,A,0.6,0,1,-11.520000000000001,1,-1,-1,-1,1,-1,1,1,1,-1,-1,-1,-1,-1,-1,-1,1,1,1,-1,-1,1,1,1,-1
AL,A,0.6,0,2,-11.520000000000001,1,-1,-1,-1,1,-1,1,1,1,-1,-1,-1,-1,-1,-1,-1,1,1,1,-1,-1,1,1,1,-1
AL,A,0.65,0,0,-0.6399999999999999,1,1,-1,1,1,-1,-1,1,1,-1,1,-1,-1,1,-1,-1,1,1,1,-1,1,1,1,-1,1
AL,A,0.65,0,1,-11.520000000000001,1,-1,-1,-1,1,-1,1,1,1,-1,-1,-1,-1,-1,-1,-1,1,1,1,-1,-1,1,1,1,-1
AL,A,0.65,0,2,-11.520000000000001,1,-1,-1,-1,1,-1,1,1,1,-1,-1,-1,-1,-1,-1,-1,1,1,1,-1,-1,1,1,1,-1
AL,L,0.05,0,0,-9.6,1,-1,-1,-1,-1,1,-1,-1,-1,1,1,-1,-1,-1,-1,1,-1,-1,-1,-1,1,1,1,1,1
AL,L,0.05,0,1,-11.520000000000001,1,-1,-1,-1,-1,1,-1,-1,-1,-1,1,-1,-1,-1,-1,1,-1,-1,-1,-1,1,1,1,1,1
AL,L,0.05,0,2,-11.520000000000001,1,-1,-1,-1,-1,1,-1,-1,-1,-1,1,-1,-1,-1,-1,1,-1,-1,-1,-1,1,1,1,1,1
AL,L,0.1,0,0,-9.6,1,-1,-1,-1,-1,1,-1,-1,-1,1,1,-1,-1,-1,-1,1,-1,-1,-1,-1,1,1,1,1,1
AL,L,0.1,0,1,-11.520000000000001,1,-1,-1,-1,-1,1,-1,-1,-1,-1,1,-1,-1,-1,-1,1,-1,-1,-1,-1,1,1,1,1,1
AL,L,0.1,0,2,-11.520000000000001,1,-1,-1,-1,-1,1,-1,-1,-1,-1,1,-1,-1,-1,-1,1,-1,-1,-1,-1,1,1,1,1,1
AL,L,0.15,0,0,-6.239999999999999,1,-1,1,-1,-1,1,-1,-1,-1,1,1,-1,-1,-1,-1,1,1,-1,-1,-1,1,1,1,1,1
AL,L,0.15,0,1,-11.520000000000001,1,-1,-1,-1,-1,1,-1,-1,-1,-1,1,-1,-1,-1,-1,1,-1,-1,-1,-1,1,1,1,1,1
AL,L,0.15,0,2,-11.520000000000001,1,-1,-1,-1,-1,1,-1,-1,-1,-1,1,-1,-1,-1,-1,1,-1,-1,-1,-1,1,1,1,1,1
AL,L,0.2,0,0,-6.239999999999999,1,-1,1,-1,-1,1,-1,-1,-1,1,1,-1,-1,-1,-1,1,1,-1,-1,-1,1,1,1,1,1
AL,L,0.2,0,1,-11.520000000000001,1,-1,-1,-1,-1,1,-1,-1,-1,-1,1,-1,-1,-1,-1,1,-1,-1,-1,-1,1,1,1,1,1
AL,L,0.2,0,2,-11.520000000000001,1,-1,-1,-1,-1,1,-1,-1,-1,-1,1,-1,-1,-1,-1,1,-1,-1,-1,-1,1,1,1,1,1
AL,L,0.25,0,0,-4.800000000000001,1,-1,1,-1,-1,1,-1,-1,-1,1,1,-1,-1,-1,-1,1,1,-1,1,-1,1,1,1,1,1
AL,L,0.25,0,1,-11.520000000000001,1,-1,-1,-1,-1,1,-1,-1,-1,-1,1,-1,-1,-1,-1,1,-1,-1,-1,-1,1,1,1,1,1
AL,L,0.25,0,2,-11.520000000000001,1,-1,-1,-1,-1,1,-1,-1,-1,-1,1,-1,-1,-1,-1,1,-1,-1,-1,-1,1,1,1,1,1
AL,L,0.3,0,0,-2.56,1,-1,1,-1,-1,1,-1,-1,-1,1,1,-1,-1,-1,-1,1,1,-1,1,1,1,-1,1,1,1
AL,L,0.3,0,1,-11.520000000000001,1,-1,-1,-1,-1,1,-1,-1,-1,-1,1,-1,-1,-1,-1,1,-1,-1,-1,-1,1,1,1,1,1
AL,L,0.3,0,2,-11.520000000000001,1,-1,-1,-1,-1,1,-1,-1,-1,-1,1,-1,-1,-1,-1,1,-1,-1,-1,-1,1,1,1,1,1
AL,L,0.35,0,0,-0.48000000000000015,1,-1,1,-1,1,1,-1,-1,-1,1,1,-1,1,-1,1,1,1,-1,1,1,1,-1,1,1,1
AL,L,0.35,0,1,-8.0,1,-1,-1,-1,-1,1,-1,-1,-1,-1,1,-1,-1,-1,-1,1,-1,-1,-1,-1,1,1,-1,-1,1
AL,L,0.35,0,2,-11.520000000000001,1,-1,-1,-1,-1,1,-1,-1,-1,-1,1,-1,-1,-1,-1,1,-1,-1,-1,-1,1,1,1,1,1
AL,L,0.35,0,3,-11.520000000000001,1,-1,-1,-1,-1,1,-1,-1,-1,-1,1,-1,-1,-1,-1,1,-1,-1,-1,-1,1,1,1,1,1
AL,L,0.4,0,0,-0.48000000000000015,1,-1,1,-1,1,1,-1,-1,-1,1,1,-1,1,-1,1,1,1,-1,1,1,1,-1,1,1,1
AL,L,0.4,0,1,-8.0,1,-1,-1,-1,-1,1,-1,-1,-1,-1,1,-1,-1,-1,-1,1,-1,-1,-1,-1,1,1,-1,-1,1
AL,L,0.4,0,2,-11.520000000000001,1,-1,-1,-1,-1,1,-1,-1,-1,-1,1,-1,-1,-1,-1,1,-1,-1,-1,-1,1,1,1,1,1
AL,L,0.4,0,3,-11.520000000000001,1,-1,-1,-1,-1,1,-1,-1,-1,-1,1,-1,-1,-1,-1,1,-1,-1,-1,-1,1,1,1,1,1
AL,L,0.45,0,0,0.96,1,-1,1,-1,1,-1,-1,1,-1,1,1,-1,1,-1,1,1,1,1,1,1,1,-1,1,1,1
AL,L,0.45,0,1,-2.24,1,-1,-1,-1,-1,1,1,-1,1,-1,-1,-1,-1,-1,-1,-1,-1,-1,-1,-1,-1,1,-1,-1,-1
AL,L,0.45,0,2,-5.76,1,-1,-1,-1,1,-1,-1,1,-1,-1,1,-1,-1,-1,-1,1,1,1,1,-1,1,1,1,1,1
AL,L,0.45,0,3,-5.76,1,-1,-1,-1,-1,1,1,-1,1,-1,-1,-1,-1,-1,-1,-1,-1,-1,-1,-1,-1,1,1,1,-1
AL,L,0.45,0,4,-5.76,1,-1,-1,-1,1,-1,-1,1,-1,-1,1,-1,-1,-1,-1,1,1,1,1,-1,1,1,1,1,1
AL,L,0.5,0,0,0.8,1,-1,1,-1,1,-1,-1,1,-1,1,1,-1,1,-1,1,-1,1,1,1,1,1,-1,-1,1,1
AL,L,0.5,0,1,-11.520000000000001,-1,1,1,1,1,-1,1,1,1,1,-1,1,1,1,1,-1,1,1,1,1,-1,-1,-1,-1,-1
AL,L,0.5,0,2,-11.520000000000001,-1,1,1,1,1,-1,1,1,1,1,-1,1,1,1,1,-1,1,1,1,1,-1,-1,-1,-1,-1
AL,L,0.55,0,0,-0.6399999999999999,-1,-1,1,-1,1,-1,-1,1,1,1,1,1,1,-1,1,-1,1,1,1,1,1,-1,-1,1,1
AL,L,0.55,0,1,-11.520000000000001,-1,1,1,1,1,-1,1,1,1,1,-1,1,1,1,1,-1,1,1,1,1,-1,-1,-1,-1,-1
AL,L,0.55,0,2,-11.520000000000001,-1,1,1,1,1,-1,1,1,1,1,-1,1,1,1,1,-1,1,1,1,1,-1,-1,-1,-1,-1
AL,L,0.6,0,0,-0.6399999999999999,-1,-1,1,-1,1,-1,-1,1,1,1,1,1,1,-1,1,-1,1,1,1,1,1,-1,-1,1,1
AL,L,0.6,0,1,-11.520000000000001,-1,1,1,1,1,-1,1,1,1,1,-1,1,1,1,1,-1,1,1,1,1,-1,-1,-1,-1,-1
AL,L,0.6,0,2,-11.520000000000001,-1,1,1,1,1,-1,1,1,1,1,-1,1,1,1,1,-1,1,1,1,1,-1,-1,-1,-1,-1
AL,L,0.65,0,0,-0.6399999999999999,-1,-1,1,-1,1,-1,-1,1,1,1,1,1,1,-1,1,-1,1,1,1,1,1,-1,-1,1,1
AL,L,0.65,0,1,-11.520000000000001,-1,1,1,1,1,-1,1,1,1,1,-1,1,1,1,1,-1,1,1,1,1,-1,-1,-1,-1,-1
AL,L,0.65,0,2,-11.520000000000001,-1,1,1,1,1,-1,1,1,1,1,-1,1,1,1,1,-1,1,1,1,1,-1,-1,-1,-1,-1
FUY,F,0.05,0,0,-9.28,1,1,1,1,1,1,-1,-1,-1,1,1,1,1,1,-1,1,-1,-1,-1,-1,1,-1,-1,-1,-1
FUY,F,0.05,0,1,-11.04,1,1,1,1,1,1,-1,-1,-1,-1,1,1,1,1,-1,1,-1,-1,-1,-1,1,-1,-1,-1,-1
FUY,F,0.05,0,2,-11.04,1,1,1,1,1,1,-1,-1,-1,-1,1,1,1,1,-1,1,-1,-1,-1,-1,1,-1,-1,-1,-1
FUY,F,0.1,0,0,-9.28,1,1,1,1,1,1,-1,-1,-1,1,1,1,1,1,-1,1,-1,-1,-1,-1,1,-1,-1,-1,-1
FUY,F,0.1,0,1,-11.04,1,1,1,1,1,1,-1,-1,-1,-1,1,1,1,1,-1,1,-1,-1,-1,-1,1,-1,-1,-1,-1
FUY,F,0.1,0,2,-11.04,1,1,1,1,1,1,-1,-1,-1,-1,1,1,1,1,-1,1,-1,-1,-1,-1,1,-1,-1,-1,-1
FUY,F,0.15,0,0,-5.92,1,1,-1,1,1,1,-1,-1,-1,1,1,1,1,1,-1,1,1,-1,-1,-1,1,-1,-1,-1,-1
FUY,F,0.15,0,1,-11.04,1,1,1,1,1,1,-1,-1,-1,-1,1,1,1,1,-1,1,-1,-1,-1,-1,1,-1,-1,-1,-1
FUY,F,0.15,0,2,-11.04,1,1,1,1,1,1,-1,-1,-1,-1,1,1,1,1,-1,1,-1,-1,-1,-1,1,-1,-1,-1,-1
FUY,F,0.2,0,0,-5.92,1,1,-1,1,1,1,-1,-1,-1,1,1,1,1,1,-1,1,1,-1,-1,-1,1,-1,-1,-1,-1
FUY,F,0.2,0,1,-11.04,1,1,1,1,1,1,-1,-1,-1,-1,1,1,1,1,-1,1,-1,-1,-1,-1,1,-1,-1,-1,-1
FUY,F,0.2,0,2,-11.04,1,1,1,1,1,1,-1,-1,-1,-1,1,1,1,1,-1,1,-1,-1,-1,-1,1,-1,-1,-1,-1
FUY,F,0.25,0,0,-4.8,1,1,-1,1,1,1,-1,-1,-1,1,1,1,1,1,-1,1,1,-1,1,-1,1,-1,-1,-1,-1
FUY,F,0.25,0,1,-11.04,1,1,1,1,1,1,-1,-1,-1,-1,1,1,1,1,-1,1,-1,-1,-1,-1,1,-1,-1,-1,-1
FUY,F,0.25,0,2,-11.04,1,1,1,1,1,1,-1,-1,-1,-1,1,1,1,1,-1,1,-1,-1,-1,-1,1,-1,-1,-1,-1
FUY,F,0.3,0,0,-3.68,1,1,-1,1,1,1,-1,-1,-1,1,1,1,1,1,-1,1,1,-1,1,1,1,1,-1,-1,-1
FUY,F,0.3,0,1,-7.200000000000001,1,1,1,1,1,1,-1,-1,-1,-1,1,1,-1,1,1,1,-1,-1,-1,-1,1,-1,-1,1,-1
FUY,F,0.3,0,2,-11.04,1,1,1,1,1,1,-1,-1,-1,-1,1,1,1,1,-1,1,-1,-1,-1,-1,1,-1,-1,-1,-1
FUY,F,0.3,0,3,-11.04,1,1,1,1,1,1,-1,-1,-1,-1,1,1,1,1,-1,1,-1,-1,-1,-1,1,-1,-1,-1,-1
FUY,F,0.35,0,0,-4.4799999999999995,1,1,-1,1,-1,1,-1,-1,-1,1,1,1,-1,1,1,1,1,-1,1,1,1,1,-1,-1,-1
FUY,F,0.35,0,1,-11.040000000000001,-1,1,1,1,-1,1,-1,1,-1,1,1,1,-1,1,1,1,1,-1,1,1,1,1,-1,1,1
FUY,F,0.35,0,2,-11.040000000000001,-1,1,1,1,-1,1,-1,1,-1,1,1,1,-1,1,1,1,1,-1,1,1,1,1,-1,1,1
FUY,F,0.4,0,0,-4.4799999999999995,1,1,-1,1,-1,1,-1,-1,-1,1,1,1,-1,1,1,1,1,-1,1,1,1,1,-1,-1,-1
FUY,F,0.4,0,1,-11.040000000000001,-1,1,1,1,-1,1,-1,1,-1,1,1,1,-1,1,1,1,1,-1,1,1,1,1,-1,1,1
FUY,F,0.4,0,2,-11.040000000000001,-1,1,1,1,-1,1,-1,1,-1,1,1,1,-1,1,1,1,1,-1,1,1,1,1,-1,1,1
FUY,F,0.45,0,0,-1.92,1,1,-1,1,-1,-1,-1,1,-1,1,1,1,-1,1,1,1,1,1,1,1,1,1,-1,-1,-1
FUY,F,0.45,0,1,-11.040000000000001,-1,1,1,1,-1,1,-1,1,-1,1,1,1,-1,1,1,1,1,-1,1,1,1,1,-1,1,1
FUY,F,0.45,0,2,-11.040000000000001,-1,1,1,1,-1,1,-1,1,-1,1,1,1,-1,1,1,1,1,-1,1,1,1,1,-1,1,1
FUY,F,0.5,0,0,-0.31999999999999984,1,1,-1,1,-1,-1,-1,1,-1,1,1,1,-1,1,1,-1,1,1,1,1,1,1,1,-1,-1
FUY,F,0.5,0,1,-11.040000000000001,-1,1,1,1,-1,1,-1,1,-1,1,1,1,-1,1,1,1,1,-1,1,1,1,1,-1,1,1
FUY,F,0.5,0,2,-11.040000000000001,-1,1,1,1,-1,1,-1,1,-1,1,1,1,-1,1,1,1,1,-1,1,1,1,1,-1,1,1
FUY,F,0.55,0,0,-1.2799999999999998,-1,1,-1,1,-1,-1,-1,1,1,1,1,-1,-1,1,1,-1,1,1,1,1,1,1,1,-1,-1
FUY,F,0.55,0,1,-6.720000000000001,-1,-1,1,-1,-1,-1,1,1,1,1,-1,1,-1,-1,1,-1,1,1,1,1,-1,1,-1,1,1
FUY,F,0.55,0,2,-11.04,-1,-1,-1,-1,-1,-1,1,1,1,1,-1,-1,-1,-1,1,-1,1,1,1,1,-1,1,1,1,1
FUY,F,0.55,0,3,-11.04,-1,-1,-1,-1,-1,-1,1,1,1,1,-1,-1,-1,-1,1,-1,1,1,1,1,-1,1,1,1,1
FUY,F,0.6,0,0,-1.2799999999999998,-1,1,-1,1,-1,-1,-1,1,1,1,1,-1,-1,1,1,-1,1,1,1,1,1,1,1,-1,-1
FUY,F,0.6,0,1,-6.720000000000001,-1,-1,1,-1,-1,-1,1,1,1,1,-1,1,-1,-1,1,-1,1,1,1,1,-1,1,-1,1,1
FUY,F,0.6,0,2,-11.04,-1,-1,-1,-1,-1,-1,1,1,1,1,-1,-1,-1,-1,1,-1,1,1,1,1,-1,1,1,1,1
FUY,F,0.6,0,3,-11.04,-1,-1,-1,-1,-1,-1,1,1,1,1,-1,-1,-1,-1,1,-1,1,1,1,1,-1,1,1,1,1
FUY,F,0.65,0,0,-1.2799999999999998,-1,1,-1,1,-1,-1,-1,1,1,1,1,-1,-1,1,1,-1,1,1,1,1,1,1,1,-1,-1
FUY,F,0.65,0,1,-6.720000000000001,-1,-1,1,-1,-1,-1,1,1,1,1,-1,1,-1,-1,1,-1,1,1,1,1,-1,1,-1,1,1
FUY,F,0.65,0,2,-11.04,-1,-1,-1,-1,-1,-1,1,1,1,1,-1,-1,-1,-1,1,-1,1,1,1,1,-1,1,1,1,1
FUY,F,0.65,0,3,-11.04,-1,-1,-1,-1,-1,-1,1,1,1,1,-1,-1,-1,-1,1,-1,1,1,1,1,-1,1,1,1,1
FUY,U,0.05,0,0,-9.280000000000001,1,-1,-1,-1,1,1,-1,-1,-1,-1,1,-1,-1,-1,1,1,-1,-1,-1,1,-1,1,1,1,-1
FUY,U,0.05,0,1,-11.04,1,-1,-1,-1,1,1,-1,-1,-1,1,1,-1,-1,-1,1,1,-1,-1,-1,1,-1,1,1,1,-1
FUY,U,0.05,0,2,-11.04,1,-1,-1,-1,1,1,-1,-1,-1,1,1,-1,-1,-1,1,1,-1,-1,-1,1,-1,1,1,1,-1
FUY,U,0.1,0,0,-9.280000000000001,1,-1,-1,-1,1,1,-1,-1,-1,-1,1,-1,-1,-1,1,1,-1,-1,-1,1,-1,1,1,1,-1
FUY,U,0.1,0,1,-11.04,1,-1,-1,-1,1,1,-1,-1,-1,1,1,-1,-1,-1,1,1,-1,-1,-1,1,-1,1,1,1,-1
FUY,U,0.1,0,2,-11.04,1,-1,-1,-1,1,1,-1,-1,-1,1,1,-1,-1,-1,1,1,-1,-1,-1,1,-1,1,1,1,-1
FUY,U,0.15,0,0,-5.759999999999999,1,-1,1,-1,1,1,-1,-1,-1,-1,1,-1,-1,-1,1,1,1,-1,-1,1,-1,1,1,1,-1
FUY,U,0.15,0,1,-11.04,1,-1,-1,-1,1,1,-1,-1,-1,1,1,-1,-1,-1,1,1,-1,-1,-1,1,-1,1,1,1,-1
FUY,U,0.15,0,2,-11.04,1,-1,-1,-1,1,1,-1,-1,-1,1,1,-1,-1,-1,1,1,-1,-1,-1,1,-1,1,1,1,-1
FUY,U,0.2,0,0,-5.759999999999999,1,-1,1,-1,1,1,-1,-1,-1,-1,1,-1,-1,-1,1,1,1,-1,-1,1,-1,1,1,1,-1
FUY,U,0.2,0,1,-11.04,1,-1,-1,-1,1,1,-1,-1,-1,1,1,-1,-1,-1,1,1,-1,-1,-1,1,-1,1,1,1,-1
FUY,U,0.2,0,2,-11.04,1,-1,-1,-1,1,1,-1,-1,-1,1,1,-1,-1,-1,1,1,-1,-1,-1,1,-1,1,1,1,-1
FUY,U,0.25,0,0,-4.4799999999999995,1,-1,1,-1,1,1,-1,-1,-1,-1,1,-1,-1,-1,1,1,1,-1,1,1,-1,1,1,1,-1
FUY,U,0.25,0,1,-11.04,1,-1,-1,-1,1,1,-1,-1,-1,1,1,-1,-1,-1,1,1,-1,-1,-1,1,-1,1,1,1,-1
FUY,U,0.25,0,2,-11.04,1,-1,-1,-1,1,1,-1,-1,-1,1,1,-1,-1,-1,1,1,-1,-1,-1,1,-1,1,1,1,-1
FUY,U,0.3,0,0,-2.08,1,-1,1,-1,1,1,-1,-1,-1,-1,1,-1,-1,-1,1,1,1,-1,1,-1,-1,-1,1,1,-1
FUY,U,0.3,0,1,-11.04,1,-1,-1,-1,1,1,-1,-1,-1,1,1,-1,-1,-1,1,1,-1,-1,-1,1,-1,1,1,1,-1
FUY,U,0.3,0,2,-11.04,1,-1,-1,-1,1,1,-1,-1,-1,1,1,-1,-1,-1,1,1,-1,-1,-1,1,-1,1,1,1,-1
FUY,U,0.35,0,0,-0.15999999999999992,1,-1,1,-1,-1,1,-1,-1,-1,-1,1,-1,1,-1,-1,1,1,-1,1,-1,-1,-1,1,1,-1
FUY,U,0.35,0,1,-9.280000000000001,1,-1,-1,-1,1,1,-1,-1,-1,1,1,-1,-1,-1,1,1,-1,-1,-1,1,-1,1,1,-1,-1
FUY,U,0.35,0,2,-11.04,1,-1,-1,-1,1,1,-1,-1,-1,1,1,-1,-1,-1,1,1,-1,-1,-1,1,-1,1,1,1,-1
FUY,U,0.35,0,3,-11.04,1,-1,-1,-1,1,1,-1,-1,-1,1,1,-1,-1,-1,1,1,-1,-1,-1,1,-1,1,1,1,-1
FUY,U,0.4,0,0,-0.15999999999999992,1,-1,1,-1,-1,1,-1,-1,-1,-1,1,-1,1,-1,-1,1,1,-1,1,-1,-1,-1,1,1,-1
FUY,U,0.4,0,1,-9.280000000000001,1,-1,-1,-1,1,1,-1,-1,-1,1,1,-1,-1,-1,1,1,-1,-1,-1,1,-1,1,1,-1,-1
FUY,U,0.4,0,2,-11.04,1,-1,-1,-1,1,1,-1,-1,-1,1,1,-1,-1,-1,1,1,-1,-1,-1,1,-1,1,1,1,-1
FUY,U,0.4,0,3,-11.04,1,-1,-1,-1,1,1,-1,-1,-1,1,1,-1,-1,-1,1,1,-1,-1,-1,1,-1,1,1,1,-1
FUY,U,0.45,0,0,0.9600000000000001,1,-1,1,-1,-1,-1,-1,1,-1,-1,1,-1,1,-1,-1,1,1,1,1,-1,-1,-1,1,1,-1
FUY,U,0.45,0,1,-7.84,1,-1,-1,-1,1,-1,1,-1,1,1,-1,-1,-1,-1,1,-1,-1,1,-1,1,-1,1,1,-1,-1
FUY,U,0.45,0,2,-8.64,1,-1,-1,-1,1,-1,1,-1,1,1,-1,-1,-1,-1,1,-1,-1,1,-1,1,-1,1,1,1,-1
FUY,U,0.45,0,3,-8.64,1,-1,-1,-1,1,-1,1,-1,1,1,-1,-1,-1,-1,1,-1,-1,1,-1,1,-1,1,1,1,-1
FUY,U,0.5,0,0,0.8000000000000003,1,-1,1,-1,-1,-1,-1,1,-1,-1,1,-1,1,-1,-1,-1,1,1,1,-1,-1,-1,-1,1,-1
FUY,U,0.5,0,1,-4.8,-1,1,-1,1,1,-1,1,-1,1,-1,-1,1,1,1,-1,-1,-1,1,-1,-1,1,-1,1,-1,1
FUY,U,0.5,0,2,-7.68,1,1,1,1,1,-1,1,-1,1,-1,-1,1,1,1,-1,-1,-1,1,-1,-1,1,-1,-1,-1,-1
FUY,U,0.5,0,3,-7.68,1,1,1,1,1,-1,1,-1,1,-1,-1,1,1,1,-1,-1,-1,1,-1,-1,1,-1,-1,-1,-1
FUY,U,0.55,0,0,-0.48000000000000004,-1,-1,1,-1,-1,-1,-1,1,1,-1,1,1,1,-1,-1,-1,1,1,1,-1,-1,-1,-1,1,-1
FUY,U,0.55,0,1,-11.04,-1,1,1,1,-1,-1,1,1,1,-1,-1,1,1,1,-1,-1,1,1,1,-1,1,-1,-1,-1,1
FUY,U,0.55,0,2,-11.04,-1,1,1,1,-1,-1,1,1,1,-1,-1,1,1,1,-1,-1,1,1,1,-1,1,-1,-1,-1,1
FUY,U,0.6,0,0,-0.48000000000000004,-1,-1,1,-1,-1,-1,-1,1,1,-1,1,1,1,-1,-1,-1,1,1,1,-1,-1,-1,-1,1,-1
FUY,U,0.6,0,1,-11.04,-1,1,1,1,-1,-1,1,1,1,-1,-1,1,1,1,-1,-1,1,1,1,-1,1,-1,-1,-1,1
FUY,U,0.6,0,2,-11.04,-1,1,1,1,-1,-1,1,1,1,-1,-1,1,1,1,-1,-1,1,1,1,-1,1,-1,-1,-1,1
FUY,U,0.65,0,0,-0.48000000000000004,-1,-1,1,-1,-1,-1,-1,1,1,-1,1,1,1,-1,-1,-1,1,1,1,-1,-1,-1,-1,1,-1
FUY,U,0.65,0,1,-11.04,-1,1,1,1,-1,-1,1,1,1,-1,-1,1,1,1,-1,-1,1,1,1,-1,1,-1,-1,-1,1
FUY,U,0.65,0,2,-11.04,-1,1,1,1,-1,-1,1,1,1,-1,-1,1,1,1,-1,-1,1,1,1,-1,1,-1,-1,-1,1
FUY,Y,0.05,0,0,-9.44,1,-1,-1,-1,1,-1,1,-1,1,1,-1,-1,1,-1,-1,-1,-1,1,-1,-1,-1,-1,1,-1,-1
FUY,Y,0.05,0,1,-11.040000000000001,1,-1,-1,-1,1,-1,1,-1,1,-1,-1,-1,1,-1,-1,-1,-1,1,-1,-1,-1,-1,1,-1,-1
FUY,Y,0.05,0,2,-11.040000000000001,1,-1,-1,-1,1,-1,1,-1,1,-1,-1,-1,1,-1,-1,-1,-1,1,-1,-1,-1,-1,1,-1,-1
FUY,Y,0.1,0,0,-9.44,1,-1,-1,-1,1,-1,1,-1,1,1,-1,-1,1,-1,-1,-1,-1,1,-1,-1,-1,-1,1,-1,-1
FUY,Y,0.1,0,1,-11.040000000000001,1,-1,-1,-1,1,-1,1,-1,1,-1,-1,-1,1,-1,-1,-1,-1,1,-1,-1,-1,-1,1,-1,-1
FUY,Y,0.1,0,2,-11.040000000000001,1,-1,-1,-1,1,-1,1,-1,1,-1,-1,-1,1,-1,-1,-1,-1,1,-1,-1,-1,-1,1,-1,-1
FUY,Y,0.15,0,0,-5.92,1,-1,1,-1,1,-1,1,-1,1,1,-1,-1,1,-1,-1,-1,1,1,-1,-1,-1,-1,1,-1,-1
FUY,Y,0.15,0,1,-11.040000000000001,1,-1,-1,-1,1,-1,1,-1,1,-1,-1,-1,1,-1,-1,-1,-1,1,-1,-1,-1,-1,1,-1,-1
FUY,Y,0.15,0,2,-11.040000000000001,1,-1,-1,-1,1,-1,1,-1,1,-1,-1,-1,1,-1,-1,-1,-1,1,-1,-1,-1,-1,1,-1,-1
FUY,Y,0.2,0,0,-5.92,1,-1,1,-1,1,-1,1,-1,1,1,-1,-1,1,-1,-1,-1,1,1,-1,-1,-1,-1,1,-1,-1
FUY,Y,0.2,0,1,-11.040000000000001,1,-1,-1,-1,1,-1,1,-1,1,-1,-1,-1,1,-1,-1,-1,-1,1,-1,-1,-1,-1,1,-1,-1
FUY,Y,0.2,0,2,-11.040000000000001,1,-1,-1,-1,1,-1,1,-1,1,-1,-1,-1,1,-1,-1,-1,-1,1,-1,-1,-1,-1,1,-1,-1
FUY,Y,0.25,0,0,-4.960000000000001,1,-1,1,-1,1,-1,1,-1,1,1,-1,-1,1,-1,-1,-1,1,1,1,-1,-1,-1,1,-1,-1
FUY,Y,0.25,0,1,-11.040000000000001,1,-1,-1,-1,1,-1,1,-1,1,-1,-1,-1,1,-1,-1,-1,-1,1,-1,-1,-1,-1,1,-1,-1
FUY,Y,0.25,0,2,-11.040000000000001,1,-1,-1,-1,1,-1,1,-1,1,-1,-1,-1,1,-1,-1,-1,-1,1,-1,-1,-1,-1,1,-1,-1
FUY,Y,0.3,0,0,-3.52,1,-1,1,-1,1,-1,1,-1,1,1,-1,-1,1,-1,-1,-1,1,1,1,1,-1,1,1,-1,-1
FUY,Y,0.3,0,1,-11.040000000000001,1,-1,-1,-1,1,-1,1,-1,1,-1,-1,-1,1,-1,-1,-1,-1,1,-1,-1,-1,-1,1,-1,-1
FUY,Y,0.3,0,2,-11.040000000000001,1,-1,-1,-1,1,-1,1,-1,1,-1,-1,-1,1,-1,-1,-1,-1,1,-1,-1,-1,-1,1,-1,-1
FUY,Y,0.35,0,0,-4.16,1,-1,1,-1,-1,-1,1,-1,1,1,-1,-1,-1,-1,1,-1,1,1,1,1,-1,1,1,-1,-1
FUY,Y,0.35,0,1,-11.04,-1,-1,-1,-1,-1,-1,1,1,1,1,-1,-1,-1,-1,1,-1,1,1,1,1,-1,1,1,1,1
FUY,Y,0.35,0,2,-11.04,-1,-1,-1,-1,-1,-1,1,1,1,1,-1,-1,-1,-1,1,-1,1,1,1,1,-1,1,1,1,1
FUY,Y,0.4,0,0,-4.16,1,-1,1,-1,-1,-1,1,-1,1,1,-1,-1,-1,-1,1,-1,1,1,1,1,-1,1,1,-1,-1
FUY,Y,0.4,0,1,-11.04,-1,-1,-1,-1,-1,-1,1,1,1,1,-1,-1,-1,-1,1,-1,1,1,1,1,-1,1,1,1,1
FUY,Y,0.4,0,2,-11.04,-1,-1,-1,-1,-1,-1,1,1,1,1,-1,-1,-1,-1,1,-1,1,1,1,1,-1,1,1,1,1
FUY,Y,0.45,0,0,-2.4000000000000004,1,-1,1,-1,-1,1,1,1,1,1,-1,-1,-1,-1,1,-1,1,-1,1,1,-1,1,1,-1,-1
FUY,Y,0.45,0,1,-11.04,-1,-1,-1,-1,-1,-1,1,1,1,1,-1,-1,-1,-1,1,-1,1,1,1,1,-1,1,1,1,1
FUY,Y,0.45,0,2,-11.04,-1,-1,-1,-1,-1,-1,1,1,1,1,-1,-1,-1,-1,1,-1,1,1,1,1,-1,1,1,1,1
FUY,Y,0.5,0,0,-0.8,1,-1,1,-1,-1,1,1,1,1,1,-1,-1,-1,-1,1,1,1,-1,1,1,-1,1,-1,-1,-1
FUY,Y,0.5,0,1,-7.200000000000001,-1,-1,-1,-1,-1,-1,-1,1,-1,1,1,-1,-1,-1,1,-1,1,1,1,1,-1,1,1,1,1
FUY,Y,0.5,0,2,-11.04,-1,-1,-1,-1,-1,-1,1,1,1,1,-1,-1,-1,-1,1,-1,1,1,1,1,-1,1,1,1,1
FUY,Y,0.5,0,3,-11.04,-1,-1,-1,-1,-1,-1,1,1,1,1,-1,-1,-1,-1,1,-1,1,1,1,1,-1,1,1,1,1
FUY,Y,0.55,0,0,-1.28,-1,-1,1,-1,-1,1,1,1,-1,1,-1,1,-1,-1,1,1,1,-1,1,1,-1,1,-1,-1,-1
FUY,Y,0.55,0,1,-6.720000000000001,-1,1,-1,1,-1,1,-1,1,-1,1,1,-1,-1,1,1,1,1,-1,1,1,1,1,1,1,1
FUY,Y,0.55,0,2,-11.040000000000001,-1,1,1,1,-1,1,-1,1,-1,1,1,1,-1,1,1,1,1,-1,1,1,1,1,-1,1,1
FUY,Y,0.55,0,3,-11.040000000000001,-1,1,1,1,-1,1,-1,1,-1,1,1,1,-1,1,1,1,1,-1,1,1,1,1,-1,1,1
FUY,Y,0.6,0,0,-1.28,-1,-1,1,-1,-1,1,1,1,-1,1,-1,1,-1,-1,1,1,1,-1,1,1,-1,1,-1,-1,-1
FUY,Y,0.6,0,1,-6.720000000000001,-1,1,-1,1,-1,1,-1,1,-1,1,1,-1,-1,1,1,1,1,-1,1,1,1,1,1,1,1
FUY,Y,0.6,0,2,-11.040000000000001,-1,1,1,1,-1,1,-1,1,-1,1,1,1,-1,1,1,1,1,-1,1,1,1,1,-1,1,1
FUY,Y,0.6,0,3,-11.040000000000001,-1,1,1,1,-1,1,-1,1,-1,1,1,1,-1,1,1,1,1,-1,1,1,1,1,-1,1,1
FUY,Y,0.65,0,0,-1.28,-1,-1,1,-1,-1,1,1,1,-1,1,-1,1,-1,-1,1,1,1,-1,1,1,-1,1,-1,-1,-1
FUY,Y,0.65,0,1,-6.720000000000001,-1,1,-1,1,-1,1,-1,1,-1,1,1,-1,-1,1,1,1,1,-1,1,1,1,1,1,1,1
FUY,Y,0.65,0,2,-11.040000000000001,-1,1,1,1,-1,1,-1,1,-1,1,1,1,-1,1,1,1,1,-1,1,1,1,1,-1,1,1
FUY,Y,0.65,0,3,-11.040000000000001,-1,1,1,1,-1,1,-1,1,-1,1,1,1,-1,1,1,1,1,-1,1,1,1,1,-1,1,1
GMPVZ,G,0.05,0,0,-8.32,-1,1,1,1,1,1,-1,-1,-1,1,1,-1,-1,1,1,1,-1,-1,-1,1,-1,1,1,1,1
GMPVZ,G,0.05,0,1,-10.239999999999998,-1,1,1,1,1,1,-1,-1,-1,-1,1,-1,-1,1,1,1,-1,-1,-1,1,-1,1,1,1,1
GMPVZ,G,0.05,0,2,-10.239999999999998,-1,1,1,1,1,1,-1,-1,-1,-1,1,-1,-1,1,1,1,-1,-1,-1,1,-1,1,1,1,1
GMPVZ,G,0.1,0,0,-8.32,-1,1,1,1,1,1,-1,-1,-1,1,1,-1,-1,1,1,1,-1,-1,-1,1,-1,1,1,1,1
GMPVZ,G,0.1,0,1,-10.239999999999998,-1,1,1,1,1,1,-1,-1,-1,-1,1,-1,-1,1,1,1,-1,-1,-1,1,-1,1,1,1,1
GMPVZ,G,0.1,0,2,-10.239999999999998,-1,1,1,1,1,1,-1,-1,-1,-1,1,-1,-1,1,1,1,-1,-1,-1,1,-1,1,1,1,1
GMPVZ,G,0.15,0,0,-5.28,-1,1,-1,1,1,1,-1,-1,-1,1,1,-1,-1,1,1,1,1,-1,-1,1,-1,1,1,1,1
GMPVZ,G,0.15,0,1,-10.239999999999998,-1,1,1,1,1,1,-1,-1,-1,-1,1,-1,-1,1,1,1,-1,-1,-1,1,-1,1,1,1,1
GMPVZ,G,0.15,0,2,-10.239999999999998,-1,1,1,1,1,1,-1,-1,-1,-1,1,-1,-1,1,1,1,-1,-1,-1,1,-1,1,1,1,1
GMPVZ,G,0.2,0,0,-5.28,-1,1,-1,1,1,1,-1,-1,-1,1,1,-1,-1,1,1,1,1,-1,-1,1,-1,1,1,1,1
GMPVZ,G,0.2,0,1,-10.239999999999998,-1,1,1,1,1,1,-1,-1,-1,-1,1,-1,-1,1,1,1,-1,-1,-1,1,-1,1,1,1,1
GMPVZ,G,0.2,0,2,-10.239999999999998,-1,1,1,1,1,1,-1,-1,-1,-1,1,-1,-1,1,1,1,-1,-1,-1,1,-1,1,1,1,1
GMPVZ,G,0.25,0,0,-4.48,-1,1,-1,1,1,1,-1,-1,-1,1,1,-1,-1,1,1,1,1,-1,1,1,-1,1,1,1,1
GMPVZ,G,0.25,0,1,-10.239999999999998,-1,1,1,1,1,1,-1,-1,-1,-1,1,-1,-1,1,1,1,-1,-1,-1,1,-1,1,1,1,1
GMPVZ,G,0.25,0,2,-10.239999999999998,-1,1,1,1,1,1,-1,-1,-1,-1,1,-1,-1,1,1,1,-1,-1,-1,1,-1,1,1,1,1
GMPVZ,G,0.3,0,0,-3.3599999999999994,-1,1,-1,1,1,1,-1,-1,-1,1,1,-1,-1,1,1,1,1,-1,1,-1,-1,-1,1,1,1
GMPVZ,G,0.3,0,1,-3.8400000000000003,1,-1,1,-1,1,1,-1,-1,-1,-1,1,-1,-1,-1,1,-1,-1,-1,-1,1,-1,1,1,-1,-1
GMPVZ,G,0.3,0,2,-6.4,1,-1,-1,-1,1,1,-1,-1,-1,1,1,-1,-1,-1,1,1,1,-1,1,-1,-1,-1,1,1,1
GMPVZ,G,0.3,0,3,-9.76,1,-1,-1,-1,1,1,-1,-1,-1,1,1,-1,-1,-1,1,-1,1,-1,1,1,-1,-1,1,-1,-1
GMPVZ,G,0.3,0,4,-10.719999999999999,1,-1,-1,-1,1,1,-1,-1,-1,1,1,-1,-1,-1,1,-1,1,-1,1,-1,-1,-1,1,-1,-1
GMPVZ,G,0.3,0,5,-10.719999999999999,1,-1,-1,-1,1,1,-1,-1,-1,1,1,-1,-1,-1,1,-1,1,-1,1,-1,-1,-1,1,-1,-1
GMPVZ,G,0.35,0,0,-0.15999999999999992,-1,1,-1,1,-1,1,-1,-1,-1,1,1,-1,1,1,-1,1,1,-1,1,-1,-1,-1,1,1,1
GMPVZ,G,0.35,0,1,-4.16,1,1,1,1,1,1,-1,-1,-1,-1,1,1,-1,1,1,-1,-1,-1,-1,-1,-1,1,1,-1,-1
GMPVZ,G,0.35,0,2,-7.199999999999999,-1,1,1,1,1,1,-1,-1,-1,-1,1,-1,-1,1,-1,1,-1,-1,-1,-1,-1,1,1,1,-1
GMPVZ,G,0.35,0,3,-10.239999999999998,-1,1,1,1,1,1,-1,-1,-1,-1,1,-1,-1,1,1,1,-1,-1,-1,1,-1,1,1,1,1
GMPVZ,G,0.35,0,4,-10.239999999999998,-1,1,1,1,1,1,-1,-1,-1,-1,1,-1,-1,1,1,1,-1,-1,-1,1,-1,1,1,1,1
GMPVZ,G,0.4,0,0,-0.15999999999999992,-1,1,-1,1,-1,1,-1,-1,-1,1,1,-1,1,1,-1,1,1,-1,1,-1,-1,-1,1,1,1
GMPVZ,G,0.4,0,1,-4.16,1,1,1,1,1,1,-1,-1,-1,-1,1,1,-1,1,1,-1,-1,-1,-1,-1,-1,1,1,-1,-1
GMPVZ,G,0.4,0,2,-7.199999999999999,-1,1,1,1,1,1,-1,-1,-1,-1,1,-1,-1,1,-1,1,-1,-1,-1,-1,-1,1,1,1,-1
GMPVZ,G,0.4,0,3,-10.239999999999998,-1,1,1,1,1,1,-1,-1,-1,-1,1,-1,-1,1,1,1,-1,-1,-1,1,-1,1,1,1,1
GMPVZ,G,0.4,0,4,-10.239999999999998,-1,1,1,1,1,1,-1,-1,-1,-1,1,-1,-1,1,1,1,-1,-1,-1,1,-1,1,1,1,1
GMPVZ,G,0.45,0,0,0.8000000000000003,-1,1,-1,1,-1,-1,-1,1,-1,1,1,-1,1,1,-1,1,1,1,1,-1,-1,-1,1,1,1
GMPVZ,G,0.45,0,1,-9.280000000000001,-1,1,1,1,-1,-1,-1,1,-1,-1,-1,1,-1,1,-1,-1,-1,1,1,-1,-1,1,1,1,-1
GMPVZ,G,0.45,0,2,-10.879999999999999,-1,1,1,1,-1,-1,-1,1,-1,-1,-1,1,-1,1,-1,-1,1,1,1,-1,-1,1,1,1,-1
GMPVZ,G,0.45,0,3,-10.879999999999999,-1,1,1,1,-1,-1,-1,1,-1,-1,-1,1,-1,1,-1,-1,1,1,1,-1,-1,1,1,1,-1
GMPVZ,G,0.5,0,0,0.6400000000000002,-1,1,-1,1,-1,-1,-1,1,-1,1,1,-1,1,1,-1,-1,1,1,1,-1,-1,-1,-1,1,1
GMPVZ,G,0.5,0,1,-7.199999999999999,-1,1,1,1,-1,-1,1,1,-1,-1,-1,1,-1,1,-1,-1,1,1,1,-1,-1,1,1,-1,-1
GMPVZ,G,0.5,0,2,-10.879999999999999,-1,1,1,1,-1,-1,-1,1,-1,-1,-1,1,-1,1,-1,-1,1,1,1,-1,-1,1,1,1,-1
GMPVZ,G,0.5,0,3,-10.879999999999999,-1,1,1,1,-1,-1,-1,1,-1,-1,-1,1,-1,1,-1,-1,1,1,1,-1,-1,1,1,1,-1
GMPVZ,G,0.55,0,0,-0.48,1,1,-1,1,-1,-1,-1,1,1,1,1,1,1,1,-1,-1,1,1,1,-1,-1,-1,-1,1,1
GMPVZ,G,0.55,0,1,-4.32,-1,-1,1,-1,-1,-1,1,1,-1,-1,-1,1,1,-1,-1,-1,1,1,1,-1,1,1,-1,-1,-1
GMPVZ,G,0.55,0,2,-6.88,1,-1,-1,-1,-1,-1,1,1,1,1,-1,1,1,1,-1,-1,1,1,1,-1,1,-1,-1,1,-1
GMPVZ,G,0.55,0,3,-10.239999999999998,1,-1,-1,-1,-1,-1,1,1,1,1,-1,1,1,-1,-1,-1,1,1,1,-1,1,-1,-1,-1,-1
GMPVZ,G,0.55,0,4,-10.239999999999998,1,-1,-1,-1,-1,-1,1,1,1,1,-1,1,1,-1,-1,-1,1,1,1,-1,1,-1,-1,-1,-1
GMPVZ,G,0.6,0,0,-0.48,1,1,-1,1,-1,-1,-1,1,1,1,1,1,1,1,-1,-1,1,1,1,-1,-1,-1,-1,1,1
GMPVZ,G,0.6,0,1,-4.32,-1,-1,1,-1,-1,-1,1,1,-1,-1,-1,1,1,-1,-1,-1,1,1,1,-1,1,1,-1,-1,-1
GMPVZ,G,0.6,0,2,-6.88,1,-1,-1,-1,-1,-1,1,1,1,1,-1,1,1,1,-1,-1,1,1,1,-1,1,-1,-1,1,-1
GMPVZ,G,0.6,0,3,-10.239999999999998,1,-1,-1,-1,-1,-1,1,1,1,1,-1,1,1,-1,-1,-1,1,1,1,-1,1,-1,-1,-1,-1
GMPVZ,G,0.6,0,4,-10.239999999999998,1,-1,-1,-1,-1,-1,1,1,1,1,-1,1,1,-1,-1,-1,1,1,1,-1,1,-1,-1,-1,-1
GMPVZ,G,0.65,0,0,-0.48,1,1,-1,1,-1,-1,-1,1,1,1,1,1,1,1,-1,-1,1,1,1,-1,-1,-1,-1,1,1
GMPVZ,G,0.65,0,1,-4.32,-1,-1,1,-1,-1,-1,1,1,-1,-1,-1,1,1,-1,-1,-1,1,1,1,-1,1,1,-1,-1,-1
GMPVZ,G,0.65,0,2,-6.88,1,-1,-1,-1,-1,-1,1,1,1,1,-1,1,1,1,-1,-1,1,1,1,-1,1,-1,-1,1,-1
GMPVZ,G,0.65,0,3,-10.239999999999998,1,-1,-1,-1,-1,-1,1,1,1,1,-1,1,1,-1,-1,-1,1,1,1,-1,1,-1,-1,-1,-1
GMPVZ,G,0.65,0,4,-10.239999999999998,1,-1,-1,-1,-1,-1,1,1,1,1,-1,1,1,-1,-1,-1,1,1,1,-1,1,-1,-1,-1,-1
GMPVZ,M,0.05,0,0,-8.319999999999999,1,-1,-1,-1,1,1,1,-1,1,-1,1,-1,1,-1,1,1,-1,-1,-1,1,1,-1,-1,-1,1
GMPVZ,M,0.05,0,1,-10.879999999999999,1,-1,-1,-1,1,1,1,-1,1,1,1,-1,1,-1,1,1,-1,-1,-1,1,1,-1,-1,-1,1
GMPVZ,M,0.05,0,2,-10.879999999999999,1,-1,-1,-1,1,1,1,-1,1,1,1,-1,1,-1,1,1,-1,-1,-1,1,1,-1,-1,-1,1
GMPVZ,M,0.1,0,0,-8.319999999999999,1,-1,-1,-1,1,1,1,-1,1,-1,1,-1,1,-1,1,1,-1,-1,-1,1,1,-1,-1,-1,1
GMPVZ,M,0.1,0,1,-10.879999999999999,1,-1,-1,-1,1,1,1,-1,1,1,1,-1,1,-1,1,1,-1,-1,-1,1,1,-1,-1,-1,1
GMPVZ,M,0.1,0,2,-10.879999999999999,1,-1,-1,-1,1,1,1,-1,1,1,1,-1,1,-1,1,1,-1,-1,-1,1,1,-1,-1,-1,1
GMPVZ,M,0.15,0,0,-5.12,1,-1,1,-1,1,1,1,-1,1,-1,1,-1,1,-1,1,1,1,-1,-1,1,1,-1,-1,-1,1
GMPVZ,M,0.15,0,1,-10.879999999999999,1,-1,-1,-1,1,1,1,-1,1,1,1,-1,1,-1,1,1,-1,-1,-1,1,1,-1,-1,-1,1
GMPVZ,M,0.15,0,2,-10.879999999999999,1,-1,-1,-1,1,1,1,-1,1,1,1,-1,1,-1,1,1,-1,-1,-1,1,1,-1,-1,-1,1
GMPVZ,M,0.2,0,0,-5.12,1,-1,1,-1,1,1,1,-1,1,-1,1,-1,1,-1,1,1,1,-1,-1,1,1,-1,-1,-1,1
GMPVZ,M,0.2,0,1,-10.879999999999999,1,-1,-1,-1,1,1,1,-1,1,1,1,-1,1,-1,1,1,-1,-1,-1,1,1,-1,-1,-1,1
GMPVZ,M,0.2,0,2,-10.879999999999999,1,-1,-1,-1,1,1,1,-1,1,1,1,-1,1,-1,1,1,-1,-1,-1,1,1,-1,-1,-1,1
GMPVZ,M,0.25,0,0,-3.84,1,-1,1,-1,1,1,1,-1,1,-1,1,-1,1,-1,1,1,1,-1,1,1,1,-1,-1,-1,1
GMPVZ,M,0.25,0,1,-10.879999999999999,1,-1,-1,-1,1,1,1,-1,1,1,1,-1,1,-1,1,1,-1,-1,-1,1,1,-1,-1,-1,1
GMPVZ,M,0.25,0,2,-10.879999999999999,1,-1,-1,-1,1,1,1,-1,1,1,1,-1,1,-1,1,1,-1,-1,-1,1,1,-1,-1,-1,1
GMPVZ,M,0.3,0,0,-1.92,1,-1,1,-1,1,1,1,-1,1,-1,1,-1,1,-1,1,1,1,-1,1,-1,1,1,-1,-1,1
GMPVZ,M,0.3,0,1,-7.36,1,-1,-1,-1,1,1,-1,-1,1,1,1,-1,1,-1,1,-1,-1,-1,-1,1,1,-1,1,-1,1
GMPVZ,M,0.3,0,2,-9.760000000000002,1,-1,-1,-1,1,1,1,-1,1,1,1,-1,1,-1,1,1,-1,-1,-1,-1,1,-1,-1,-1,1
GMPVZ,M,0.3,0,3,-10.879999999999999,1,-1,-1,-1,1,1,1,-1,1,1,1,-1,1,-1,1,1,-1,-1,-1,1,1,-1,-1,-1,1
GMPVZ,M,0.3,0,4,-10.879999999999999,1,-1,-1,-1,1,1,1,-1,1,1,1,-1,1,-1,1,1,-1,-1,-1,1,1,-1,-1,-1,1
GMPVZ,M,0.35,0,0,0.9600000000000002,1,-1,1,-1,-1,1,1,-1,1,-1,1,-1,-1,-1,-1,1,1,-1,1,-1,1,1,-1,-1,1
GMPVZ,M,0.35,0,1,-6.88,1,-1,-1,-1,1,1,-1,-1,1,1,1,-1,1,-1,1,-1,-1,-1,-1,1,1,-1,1,-1,-1
GMPVZ,M,0.35,0,2,-7.840000000000001,1,-1,-1,-1,1,1,1,-1,-1,1,1,-1,1,-1,1,1,1,-1,-1,-1,1,-1,-1,-1,1
GMPVZ,M,0.35,0,3,-10.24,1,-1,-1,-1,1,1,1,-1,1,1,1,-1,1,-1,1,1,-1,-1,-1,1,1,-1,-1,-1,-1
GMPVZ,M,0.35,0,4,-10.879999999999999,1,-1,-1,-1,1,1,1,-1,1,1,1,-1,1,-1,1,1,-1,-1,-1,1,1,-1,-1,-1,1
GMPVZ,M,0.35,0,5,-10.879999999999999,1,-1,-1,-1,1,1,1,-1,1,1,1,-1,1,-1,1,1,-1,-1,-1,1,1,-1,-1,-1,1
GMPVZ,M,0.4,0,0,0.9600000000000002,1,-1,1,-1,-1,1,1,-1,1,-1,1,-1,-1,-1,-1,1,1,-1,1,-1,1,1,-1,-1,1
GMPVZ,M,0.4,0,1,-6.88,1,-1,-1,-1,1,1,-1,-1,1,1,1,-1,1,-1,1,-1,-1,-1,-1,1,1,-1,1,-1,-1
GMPVZ,M,0.4,0,2,-7.840000000000001,1,-1,-1,-1,1,1,1,-1,-1,1,1,-1,1,-1,1,1,1,-1,-1,-1,1,-1,-1,-1,1
GMPVZ,M,0.4,0,3,-10.24,1,-1,-1,-1,1,1,1,-1,1,1,1,-1,1,-1,1,1,-1,-1,-1,1,1,-1,-1,-1,-1
GMPVZ,M,0.4,0,4,-10.879999999999999,1,-1,-1,-1,1,1,1,-1,1,1,1,-1,1,-1,1,1,-1,-1,-1,1,1,-1,-1,-1,1
GMPVZ,M,0.4,0,5,-10.879999999999999,1,-1,-1,-1,1,1,1,-1,1,1,1,-1,1,-1,1,1,-1,-1,-1,1,1,-1,-1,-1,1
GMPVZ,M,0.45,0,0,0.1600000000000002,1,-1,1,-1,-1,-1,1,1,1,-1,1,-1,-1,-1,-1,1,1,1,1,-1,1,1,-1,-1,1
GMPVZ,M,0.45,0,1,-5.28,-1,-1,-1,-1,1,-1,1,1,1,1,-1,1,1,-1,-1,-1,1,1,1,1,1,-1,-1,1,-1
GMPVZ,M,0.45,0,2,-10.239999999999998,1,-1,-1,-1,-1,-1,1,1,1,1,-1,1,1,-1,-1,-1,1,1,1,-1,1,-1,-1,-1,-1
GMPVZ,M,0.45,0,3,-10.239999999999998,1,-1,-1,-1,-1,-1,1,1,1,1,-1,1,1,-1,-1,-1,1,1,1,-1,1,-1,-1,-1,-1
GMPVZ,M,0.5,0,0,-1.44,1,-1,1,-1,-1,-1,1,1,1,-1,1,-1,-1,-1,-1,-1,1,1,1,-1,1,1,1,-1,1
GMPVZ,M,0.5,0,1,-6.24,-1,-1,-1,-1,1,-1,1,1,1,-1,-1,1,1,-1,-1,-1,1,1,1,-1,-1,1,1,1,-1
GMPVZ,M,0.5,0,2,-7.5200000000000005,-1,-1,-1,-1,-1,-1,1,1,1,-1,-1,-1,-1,-1,-1,-1,1,1,1,-1,-1,1,1,1,1
GMPVZ,M,0.5,0,3,-10.240000000000002,-1,-1,-1,-1,1,-1,1,1,1,-1,-1,-1,-1,-1,1,-1,1,1,1,1,-1,1,1,1,1
GMPVZ,M,0.5,0,4,-10.240000000000002,-1,-1,-1,-1,1,-1,1,1,1,-1,-1,-1,-1,-1,1,-1,1,1,1,1,-1,1,1,1,1
GMPVZ,M,0.55,0,0,-1.1199999999999997,-1,-1,1,-1,-1,-1,1,1,-1,-1,1,1,-1,-1,-1,-1,1,1,1,-1,1,1,1,-1,1
GMPVZ,M,0.55,0,1,-7.840000000000001,-1,1,-1,1,-1,-1,1,1,1,-1,-1,1,-1,1,-1,-1,1,1,1,-1,-1,1,1,1,-1
GMPVZ,M,0.55,0,2,-10.879999999999999,-1,1,1,1,-1,-1,-1,1,-1,-1,-1,1,-1,1,-1,-1,1,1,1,-1,-1,1,1,1,-1
GMPVZ,M,0.55,0,3,-10.879999999999999,-1,1,1,1,-1,-1,-1,1,-1,-1,-1,1,-1,1,-1,-1,1,1,1,-1,-1,1,1,1,-1
GMPVZ,M,0.6,0,0,-1.1199999999999997,-1,-1,1,-1,-1,-1,1,1,-1,-1,1,1,-1,-1,-1,-1,1,1,1,-1,1,1,1,-1,1
GMPVZ,M,0.6,0,1,-7.840000000000001,-1,1,-1,1,-1,-1,1,1,1,-1,-1,1,-1,1,-1,-1,1,1,1,-1,-1,1,1,1,-1
GMPVZ,M,0.6,0,2,-10.879999999999999,-1,1,1,1,-1,-1,-1,1,-1,-1,-1,1,-1,1,-1,-1,1,1,1,-1,-1,1,1,1,-1
GMPVZ,M,0.6,0,3,-10.879999999999999,-1,1,1,1,-1,-1,-1,1,-1,-1,-1,1,-1,1,-1,-1,1,1,1,-1,-1,1,1,1,-1
GMPVZ,M,0.65,0,0,-1.1199999999999997,-1,-1,1,-1,-1,-1,1,1,-1,-1,1,1,-1,-1,-1,-1,1,1,1,-1,1,1,1,-1,1
GMPVZ,M,0.65,0,1,-7.840000000000001,-1,1,-1,1,-1,-1,1,1,1,-1,-1,1,-1,1,-1,-1,1,1,1,-1,-1,1,1,1,-1
GMPVZ,M,0.65,0,2,-10.879999999999999,-1,1,1,1,-1,-1,-1,1,-1,-1,-1,1,-1,1,-1,-1,1,1,1,-1,-1,1,1,1,-1
GMPVZ,M,0.65,0,3,-10.879999999999999,-1,1,1,1,-1,-1,-1,1,-1,-1,-1,1,-1,1,-1,-1,1,1,1,-1,-1,1,1,1,-1
GMPVZ,P,0.05,0,0,-8.48,1,1,1,1,-1,1,-1,-1,-1,-1,1,1,1,1,-1,1,-1,-1,-1,-1,1,-1,-1,-1,-1
GMPVZ,P,0.05,0,1,-10.240000000000002,1,1,1,1,-1,1,-1,-1,-1,1,1,1,1,1,-1,1,-1,-1,-1,-1,1,-1,-1,-1,-1
GMPVZ,P,0.05,0,2,-10.240000000000002,1,1,1,1,-1,1,-1,-1,-1,1,1,1,1,1,-1,1,-1,-1,-1,-1,1,-1,-1,-1,-1
GMPVZ,P,0.1,0,0,-8.48,1,1,1,1,-1,1,-1,-1,-1,-1,1,1,1,1,-1,1,-1,-1,-1,-1,1,-1,-1,-1,-1
GMPVZ,P,0.1,0,1,-10.240000000000002,1,1,1,1,-1,1,-1,-1,-1,1,1,1,1,1,-1,1,-1,-1,-1,-1,1,-1,-1,-1,-1
GMPVZ,P,0.1,0,2,-10.240000000000002,1,1,1,1,-1,1,-1,-1,-1,1,1,1,1,1,-1,1,-1,-1,-1,-1,1,-1,-1,-1,-1
GMPVZ,P,0.15,0,0,-4.800000000000001,1,1,-1,1,-1,1,-1,-1,-1,-1,1,1,1,1,-1,1,1,-1,-1,-1,1,-1,-1,-1,-1
GMPVZ,P,0.15,0,1,-10.240000000000002,1,1,1,1,-1,1,-1,-1,-1,1,1,1,1,1,-1,1,-1,-1,-1,-1,1,-1,-1,-1,-1
GMPVZ,P,0.15,0,2,-10.240000000000002,1,1,1,1,-1,1,-1,-1,-1,1,1,1,1,1,-1,1,-1,-1,-1,-1,1,-1,-1,-1,-1
GMPVZ,P,0.2,0,0,-4.800000000000001,1,1,-1,1,-1,1,-1,-1,-1,-1,1,1,1,1,-1,1,1,-1,-1,-1,1,-1,-1,-1,-1
GMPVZ,P,0.2,0,1,-10.240000000000002,1,1,1,1,-1,1,-1,-1,-1,1,1,1,1,1,-1,1,-1,-1,-1,-1,1,-1,-1,-1,-1
GMPVZ,P,0.2,0,2,-10.240000000000002,1,1,1,1,-1,1,-1,-1,-1,1,1,1,1,1,-1,1,-1,-1,-1,-1,1,-1,-1,-1,-1
GMPVZ,P,0.25,0,0,-3.6799999999999997,1,1,-1,1,-1,1,-1,-1,-1,-1,1,1,1,1,-1,1,1,-1,1,-1,1,-1,-1,-1,-1
GMPVZ,P,0.25,0,1,-10.240000000000002,1,1,1,1,-1,1,-1,-1,-1,1,1,1,1,1,-1,1,-1,-1,-1,-1,1,-1,-1,-1,-1
GMPVZ,P,0.25,0,2,-10.240000000000002,1,1,1,1,-1,1,-1,-1,-1,1,1,1,1,1,-1,1,-1,-1,-1,-1,1,-1,-1,-1,-1
GMPVZ,P,0.3,0,0,-0.96,1,1,-1,1,-1,1,-1,-1,-1,-1,1,1,1,1,-1,1,1,-1,1,1,1,1,-1,-1,-1
GMPVZ,P,0.3,0,1,-10.240000000000002,1,1,1,1,-1,1,-1,-1,-1,1,1,1,1,1,-1,1,-1,-1,-1,-1,1,-1,-1,-1,-1
GMPVZ,P,0.3,0,2,-10.240000000000002,1,1,1,1,-1,1,-1,-1,-1,1,1,1,1,1,-1,1,-1,-1,-1,-1,1,-1,-1,-1,-1
GMPVZ,P,0.35,0,0,-0.15999999999999992,1,1,-1,1,1,1,-1,-1,-1,-1,1,1,-1,1,1,1,1,-1,1,1,1,1,-1,-1,-1
GMPVZ,P,0.35,0,1,-5.76,-1,1,1,1,-1,1,-1,-1,-1,1,1,-1,-1,1,1,1,-1,-1,-1,-1,-1,-1,1,-1,-1
GMPVZ,P,0.35,0,2,-6.4,1,1,1,1,1,1,-1,-1,-1,1,1,1,-1,1,1,1,-1,-1,-1,1,-1,-1,-1,-1,-1
GMPVZ,P,0.35,0,3,-7.999999999999999,1,1,1,1,-1,1,-1,-1,-1,1,1,-1,1,1,1,1,-1,-1,-1,-1,1,-1,-1,-1,-1
GMPVZ,P,0.35,0,4,-10.240000000000002,1,1,1,1,-1,1,-1,-1,-1,1,1,1,1,1,-1,1,-1,-1,-1,-1,1,-1,-1,-1,-1
GMPVZ,P,0.35,0,5,-10.240000000000002,1,1,1,1,-1,1,-1,-1,-1,1,1,1,1,1,-1,1,-1,-1,-1,-1,1,-1,-1,-1,-1
GMPVZ,P,0.4,0,0,-0.15999999999999992,1,1,-1,1,1,1,-1,-1,-1,-1,1,1,-1,1,1,1,1,-1,1,1,1,1,-1,-1,-1
GMPVZ,P,0.4,0,1,-5.76,-1,1,1,1,-1,1,-1,-1,-1,1,1,-1,-1,1,1,1,-1,-1,-1,-1,-1,-1,1,-1,-1
GMPVZ,P,0.4,0,2,-6.4,1,1,1,1,1,1,-1,-1,-1,1,1,1,-1,1,1,1,-1,-1,-1,1,-1,-1,-1,-1,-1
GMPVZ,P,0.4,0,3,-7.999999999999999,1,1,1,1,-1,1,-1,-1,-1,1,1,-1,1,1,1,1,-1,-1,-1,-1,1,-1,-1,-1,-1
GMPVZ,P,0.4,0,4,-10.240000000000002,1,1,1,1,-1,1,-1,-1,-1,1,1,1,1,1,-1,1,-1,-1,-1,-1,1,-1,-1,-1,-1
GMPVZ,P,0.4,0,5,-10.240000000000002,1,1,1,1,-1,1,-1,-1,-1,1,1,1,1,1,-1,1,-1,-1,-1,-1,1,-1,-1,-1,-1
GMPVZ,P,0.45,0,0,1.44,1,1,-1,1,1,-1,-1,1,-1,-1,1,1,-1,1,1,1,1,1,1,1,1,1,-1,-1,-1
GMPVZ,P,0.45,0,1,-2.88,-1,-1,1,-1,-1,1,1,1,-1,1,-1,1,-1,1,-1,-1,-1,1,1,-1,-1,-1,1,1,-1
GMPVZ,P,0.45,0,2,-7.36,-1,-1,-1,-1,-1,-1,1,1,-1,1,1,1,-1,1,1,-1,1,1,1,-1,-1,-1,-1,-1,-1
GMPVZ,P,0.45,0,3,-8.48,-1,-1,-1,-1,-1,1,1,1,-1,1,1,1,-1,-1,1,-1,1,1,1,1,-1,-1,-1,-1,-1
GMPVZ,P,0.45,0,4,-9.600000000000001,-1,-1,-1,-1,-1,1,1,1,-1,1,1,1,-1,-1,1,1,-1,1,1,1,-1,-1,-1,-1,-1
GMPVZ,P,0.45,0,5,-10.56,-1,-1,-1,-1,-1,1,1,1,-1,1,1,1,-1,1,1,1,-1,1,1,1,-1,-1,-1,-1,-1
GMPVZ,P,0.45,0,6,-10.56,-1,-1,-1,-1,-1,1,1,1,-1,1,1,1,-1,1,1,1,-1,1,1,1,-1,-1,-1,-1,-1
GMPVZ,P,0.5,0,0,0.48000000000000026,1,1,-1,1,1,-1,-1,1,-1,-1,1,1,-1,1,1,-1,1,1,1,1,1,1,1,-1,-1
GMPVZ,P,0.5,0,1,-6.24,-1,-1,1,-1,-1,-1,-1,1,-1,-1,-1,-1,-1,-1,-1,-1,1,1,1,-1,-1,1,1,1,-1
GMPVZ,P,0.5,0,2,-7.039999999999999,-1,1,-1,1,1,-1,-1,1,1,-1,-1,1,-1,1,-1,-1,1,1,1,-1,-1,1,1,1,-1
GMPVZ,P,0.5,0,3,-10.24,-1,1,1,1,-1,-1,-1,1,-1,-1,-1,1,-1,1,-1,-1,1,1,1,-1,-1,1,1,1,1
GMPVZ,P,0.5,0,4,-10.879999999999999,-1,1,1,1,-1,-1,-1,1,-1,-1,-1,1,-1,1,-1,-1,1,1,1,-1,-1,1,1,1,-1
GMPVZ,P,0.5,0,5,-10.879999999999999,-1,1,1,1,-1,-1,-1,1,-1,-1,-1,1,-1,1,-1,-1,1,1,1,-1,-1,1,1,1,-1
GMPVZ,P,0.55,0,0,-0.3200000000000002,-1,1,-1,1,1,-1,-1,1,1,-1,1,-1,-1,1,1,-1,1,1,1,1,1,1,1,-1,-1
GMPVZ,P,0.55,0,1,-6.72,-1,-1,1,-1,1,-1,1,1,-1,-1,-1,-1,-1,-1,1,-1,1,1,1,-1,-1,1,1,1,1
GMPVZ,P,0.55,0,2,-8.96,-1,-1,-1,-1,1,-1,-1,1,1,-1,-1,-1,-1,-1,1,-1,1,1,1,1,-1,1,1,1,1
GMPVZ,P,0.55,0,3,-10.240000000000002,-1,-1,-1,-1,1,-1,1,1,1,-1,-1,-1,-1,-1,1,-1,1,1,1,1,-1,1,1,1,1
GMPVZ,P,0.55,0,4,-10.240000000000002,-1,-1,-1,-1,1,-1,1,1,1,-1,-1,-1,-1,-1,1,-1,1,1,1,1,-1,1,1,1,1
GMPVZ,P,0.6,0,0,-0.3200000000000002,-1,1,-1,1,1,-1,-1,1,1,-1,1,-1,-1,1,1,-1,1,1,1,1,1,1,1,-1,-1
GMPVZ,P,0.6,0,1,-6.72,-1,-1,1,-1,1,-1,1,1,-1,-1,-1,-1,-1,-1,1,-1,1,1,1,-1,-1,1,1,1,1
GMPVZ,P,0.6,0,2,-8.96,-1,-1,-1,-1,1,-1,-1,1,1,-1,-1,-1,-1,-1,1,-1,1,1,1,1,-1,1,1,1,1
GMPVZ,P,0.6,0,3,-10.240000000000002,-1,-1,-1,-1,1,-1,1,1,1,-1,-1,-1,-1,-1,1,-1,1,1,1,1,-1,1,1,1,1
GMPVZ,P,0.6,0,4,-10.240000000000002,-1,-1,-1,-1,1,-1,1,1,1,-1,-1,-1,-1,-1,1,-1,1,1,1,1,-1,1,1,1,1
GMPVZ,P,0.65,0,0,-0.3200000000000002,-1,1,-1,1,1,-1,-1,1,1,-1,1,-1,-1,1,1,-1,1,1,1,1,1,1,1,-1,-1
GMPVZ,P,0.65,0,1,-6.72,-1,-1,1,-1,1,-1,1,1,-1,-1,-1,-1,-1,-1,1,-1,1,1,1,-1,-1,1,1,1,1
GMPVZ,P,0.65,0,2,-8.96,-1,-1,-1,-1,1,-1,-1,1,1,-1,-1,-1,-1,-1,1,-1,1,1,1,1,-1,1,1,1,1
GMPVZ,P,0.65,0,3,-10.240000000000002,-1,-1,-1,-1,1,-1,1,1,1,-1,-1,-1,-1,-1,1,-1,1,1,1,1,-1,1,1,1,1
GMPVZ,P,0.65,0,4,-10.240000000000002,-1,-1,-1,-1,1,-1,1,1,1,-1,-1,-1,-1,-1,1,-1,1,1,1,1,-1,1,1,1,1
GMPVZ,V,0.05,0,0,-8.48,1,-1,-1,-1,1,1,-1,-1,-1,-1,1,-1,-1,-1,1,-1,1,-1,1,-1,-1,-1,1,-1,-1
GMPVZ,V,0.05,0,1,-10.719999999999999,1,-1,-1,-1,1,1,-1,-1,-1,1,1,-1,-1,-1,1,-1,1,-1,1,-1,-1,-1,1,-1,-1
GMPVZ,V,0.05,0,2,-10.719999999999999,1,-1,-1,-1,1,1,-1,-1,-1,1,1,-1,-1,-1,1,-1,1,-1,1,-1,-1,-1,1,-1,-1
GMPVZ,V,0.1,0,0,-8.48,1,-1,-1,-1,1,1,-1,-1,-1,-1,1,-1,-1,-1,1,-1,1,-1,1,-1,-1,-1,1,-1,-1
GMPVZ,V,0.1,0,1,-10.719999999999999,1,-1,-1,-1,1,1,-1,-1,-1,1,1,-1,-1,-1,1,-1,1,-1,1,-1,-1,-1,1,-1,-1
GMPVZ,V,0.1,0,2,-10.719999999999999,1,-1,-1,-1,1,1,-1,-1,-1,1,1,-1,-1,-1,1,-1,1,-1,1,-1,-1,-1,1,-1,-1
GMPVZ,V,0.15,0,0,-5.4399999999999995,1,-1,1,-1,1,1,-1,-1,-1,-1,1,-1,-1,-1,1,-1,-1,-1,1,-1,-1,-1,1,-1,-1
GMPVZ,V,0.15,0,1,-10.719999999999999,1,-1,-1,-1,1,1,-1,-1,-1,1,1,-1,-1,-1,1,-1,1,-1,1,-1,-1,-1,1,-1,-1
GMPVZ,V,0.15,0,2,-10.719999999999999,1,-1,-1,-1,1,1,-1,-1,-1,1,1,-1,-1,-1,1,-1,1,-1,1,-1,-1,-1,1,-1,-1
GMPVZ,V,0.2,0,0,-5.4399999999999995,1,-1,1,-1,1,1,-1,-1,-1,-1,1,-1,-1,-1,1,-1,-1,-1,1,-1,-1,-1,1,-1,-1
GMPVZ,V,0.2,0,1,-10.719999999999999,1,-1,-1,-1,1,1,-1,-1,-1,1,1,-1,-1,-1,1,-1,1,-1,1,-1,-1,-1,1,-1,-1
GMPVZ,V,0.2,0,2,-10.719999999999999,1,-1,-1,-1,1,1,-1,-1,-1,1,1,-1,-1,-1,1,-1,1,-1,1,-1,-1,-1,1,-1,-1
GMPVZ,V,0.25,0,0,-4.96,1,-1,1,-1,1,1,-1,-1,-1,-1,1,-1,-1,-1,1,-1,-1,-1,-1,-1,-1,-1,1,-1,-1
GMPVZ,V,0.25,0,1,-9.600000000000001,1,-1,-1,-1,1,1,-1,-1,-1,1,1,-1,-1,-1,1,1,1,-1,1,-1,-1,-1,1,-1,-1
GMPVZ,V,0.25,0,2,-10.719999999999999,1,-1,-1,-1,1,1,-1,-1,-1,1,1,-1,-1,-1,1,-1,1,-1,1,-1,-1,-1,1,-1,-1
GMPVZ,V,0.25,0,3,-10.719999999999999,1,-1,-1,-1,1,1,-1,-1,-1,1,1,-1,-1,-1,1,-1,1,-1,1,-1,-1,-1,1,-1,-1
GMPVZ,V,0.3,0,0,-3.8400000000000003,1,-1,1,-1,1,1,-1,-1,-1,-1,1,-1,-1,-1,1,-1,-1,-1,-1,1,-1,1,1,-1,-1
GMPVZ,V,0.3,0,1,-6.4,1,-1,-1,-1,1,1,-1,-1,-1,1,1,-1,-1,-1,1,1,1,-1,1,-1,-1,-1,1,1,1
GMPVZ,V,0.3,0,2,-9.76,1,-1,-1,-1,1,1,-1,-1,-1,1,1,-1,-1,-1,1,-1,1,-1,1,1,-1,-1,1,-1,-1
GMPVZ,V,0.3,0,3,-10.719999999999999,1,-1,-1,-1,1,1,-1,-1,-1,1,1,-1,-1,-1,1,-1,1,-1,1,-1,-1,-1,1,-1,-1
GMPVZ,V,0.3,0,4,-10.719999999999999,1,-1,-1,-1,1,1,-1,-1,-1,1,1,-1,-1,-1,1,-1,1,-1,1,-1,-1,-1,1,-1,-1
GMPVZ,V,0.35,0,0,0.1600000000000001,1,-1,1,-1,-1,1,-1,-1,-1,-1,1,-1,1,-1,-1,-1,-1,-1,-1,1,-1,1,1,-1,-1
GMPVZ,V,0.35,0,1,-4.32,1,1,-1,1,1,1,-1,-1,-1,1,1,-1,-1,1,1,1,1,-1,-1,-1,1,-1,1,-1,1
GMPVZ,V,0.35,0,2,-6.5600000000000005,1,-1,1,-1,1,1,-1,-1,-1,1,1,-1,1,-1,1,1,-1,-1,-1,-1,-1,-1,1,-1,-1
GMPVZ,V,0.35,0,3,-8.64,1,-1,-1,-1,1,1,-1,-1,-1,1,1,-1,-1,-1,1,1,-1,-1,-1,-1,1,-1,-1,-1,-1
GMPVZ,V,0.35,0,4,-8.8,1,-1,-1,-1,1,1,-1,-1,-1,1,1,-1,1,-1,1,1,-1,-1,-1,1,-1,-1,-1,-1,-1
GMPVZ,V,0.35,0,5,-9.280000000000001,1,-1,-1,-1,1,1,1,-1,-1,1,1,-1,-1,-1,1,1,-1,-1,-1,1,1,-1,-1,-1,-1
GMPVZ,V,0.35,0,6,-9.28,1,-1,-1,-1,1,1,1,-1,-1,1,1,-1,1,-1,1,1,-1,-1,1,1,-1,-1,-1,-1,-1
GMPVZ,V,0.35,0,7,-9.28,1,-1,-1,-1,1,1,1,-1,-1,1,1,-1,-1,-1,1,1,-1,-1,1,1,1,-1,-1,-1,-1
GMPVZ,V,0.35,0,8,-9.28,1,-1,-1,-1,1,1,1,-1,-1,1,1,-1,1,-1,1,1,-1,-1,1,1,-1,-1,-1,-1,-1
GMPVZ,V,0.4,0,0,0.1600000000000001,1,-1,1,-1,-1,1,-1,-1,-1,-1,1,-1,1,-1,-1,-1,-1,-1,-1,1,-1,1,1,-1,-1
GMPVZ,V,0.4,0,1,-4.32,1,1,-1,1,1,1,-1,-1,-1,1,1,-1,-1,1,1,1,1,-1,-1,-1,1,-1,1,-1,1
GMPVZ,V,0.4,0,2,-6.5600000000000005,1,-1,1,-1,1,1,-1,-1,-1,1,1,-1,1,-1,1,1,-1,-1,-1,-1,-1,-1,1,-1,-1
GMPVZ,V,0.4,0,3,-8.64,1,-1,-1,-1,1,1,-1,-1,-1,1,1,-1,-1,-1,1,1,-1,-1,-1,-1,1,-1,-1,-1,-1
GMPVZ,V,0.4,0,4,-8.8,1,-1,-1,-1,1,1,-1,-1,-1,1,1,-1,1,-1,1,1,-1,-1,-1,1,-1,-1,-1,-1,-1
GMPVZ,V,0.4,0,5,-9.280000000000001,1,-1,-1,-1,1,1,1,-1,-1,1,1,-1,-1,-1,1,1,-1,-1,-1,1,1,-1,-1,-1,-1
GMPVZ,V,0.4,0,6,-9.28,1,-1,-1,-1,1,1,1,-1,-1,1,1,-1,1,-1,1,1,-1,-1,1,1,-1,-1,-1,-1,-1
GMPVZ,V,0.4,0,7,-9.28,1,-1,-1,-1,1,1,1,-1,-1,1,1,-1,-1,-1,1,1,-1,-1,1,1,1,-1,-1,-1,-1
GMPVZ,V,0.4,0,8,-9.28,1,-1,-1,-1,1,1,1,-1,-1,1,1,-1,1,-1,1,1,-1,-1,1,1,-1,-1,-1,-1,-1
GMPVZ,V,0.45,0,0,2.24,1,-1,1,-1,-1,-1,-1,1,-1,-1,1,-1,1,-1,-1,-1,-1,1,-1,1,-1,1,1,-1,-1
GMPVZ,V,0.45,0,1,1.9199999999999997,-1,1,-1,1,1,-1,1,-1,1,1,-1,1,-1,1,1,-1,1,-1,1,-1,1,-1,-1,1,1
GMPVZ,V,0.45,0,2,-0.96,1,-1,1,-1,-1,-1,-1,1,1,-1,-1,-1,1,-1,-1,-1,1,1,-1,1,-1,1,1,-1,-1
GMPVZ,V,0.45,0,3,-6.4,-1,1,-1,1,1,-1,1,1,1,-1,-1,1,-1,-1,-1,-1,1,1,1,-1,1,1,1,1,1
GMPVZ,V,0.45,0,4,-7.359999999999999,-1,1,1,1,-1,-1,-1,1,1,-1,-1,-1,1,-1,-1,-1,1,1,1,1,-1,1,1,1,1
GMPVZ,V,0.45,0,5,-7.680000000000001,-1,1,1,1,1,-1,1,1,1,-1,-1,1,-1,1,-1,-1,1,1,-1,-1,1,1,1,1,1
GMPVZ,V,0.45,0,6,-8.8,-1,1,1,1,-1,-1,-1,1,1,-1,-1,1,1,1,-1,-1,1,1,-1,1,-1,1,1,1,1
GMPVZ,V,0.45,0,7,-9.28,-1,1,1,1,-1,-1,-1,1,1,-1,-1,1,-1,1,-1,-1,1,1,-1,-1,1,1,1,1,1
GMPVZ,V,0.45,0,8,-9.28,-1,1,1,1,-1,-1,-1,1,1,-1,-1,1,1,1,-1,-1,1,1,-1,-1,-1,1,1,1,1
GMPVZ,V,0.45,0,9,-9.28,-1,1,1,1,-1,-1,-1,1,1,-1,-1,1,-1,1,-1,-1,1,1,-1,-1,1,1,1,1,1
GMPVZ,V,0.5,0,0,1.9199999999999997,1,-1,1,-1,-1,-1,-1,1,-1,-1,1,-1,1,-1,-1,1,-1,1,-1,1,-1,1,-1,-1,-1
GMPVZ,V,0.5,0,1,-0.1600000000000002,-1,1,-1,1,-1,1,1,-1,1,1,-1,1,1,1,1,1,-1,-1,1,-1,1,-1,-1,1,1
GMPVZ,V,0.5,0,2,-6.880000000000001,1,1,1,1,-1,1,1,1,-1,1,1,1,1,1,-1,1,-1,1,-1,1,1,-1,-1,-1,-1
GMPVZ,V,0.5,0,3,-8.96,1,1,1,1,-1,1,1,-1,-1,1,1,1,1,1,-1,1,-1,-1,-1,-1,1,-1,-1,-1,-1
GMPVZ,V,0.5,0,4,-10.240000000000002,1,1,1,1,-1,1,-1,-1,-1,1,1,1,1,1,-1,1,-1,-1,-1,-1,1,-1,-1,-1,-1
GMPVZ,V,0.5,0,5,-10.240000000000002,1,1,1,1,-1,1,-1,-1,-1,1,1,1,1,1,-1,1,-1,-1,-1,-1,1,-1,-1,-1,-1
GMPVZ,V,0.55,0,0,0.1599999999999997,-1,-1,1,-1,-1,-1,-1,1,1,-1,1,1,1,-1,-1,1,-1,1,-1,1,-1,1,-1,-1,-1
GMPVZ,V,0.55,0,1,-4.8,-1,1,-1,1,-1,-1,1,1,1,1,-1,1,1,1,-1,1,-1,1,1,1,1,-1,-1,1,1
GMPVZ,V,0.55,0,2,-7.5200000000000005,-1,1,1,1,-1,-1,1,1,1,-1,-1,1,1,1,-1,1,-1,1,-1,1,1,1,-1,-1,-1
GMPVZ,V,0.55,0,3,-10.719999999999999,-1,1,1,1,-1,-1,1,1,1,-1,-1,1,1,1,-1,1,-1,1,-1,1,1,1,-1,1,1
GMPVZ,V,0.55,0,4,-10.719999999999999,-1,1,1,1,-1,-1,1,1,1,-1,-1,1,1,1,-1,1,-1,1,-1,1,1,1,-1,1,1
GMPVZ,V,0.6,0,0,0.1599999999999997,-1,-1,1,-1,-1,-1,-1,1,1,-1,1,1,1,-1,-1,1,-1,1,-1,1,-1,1,-1,-1,-1
GMPVZ,V,0.6,0,1,-4.8,-1,1,-1,1,-1,-1,1,1,1,1,-1,1,1,1,-1,1,-1,1,1,1,1,-1,-1,1,1
GMPVZ,V,0.6,0,2,-7.5200000000000005,-1,1,1,1,-1,-1,1,1,1,-1,-1,1,1,1,-1,1,-1,1,-1,1,1,1,-1,-1,-1
GMPVZ,V,0.6,0,3,-10.719999999999999,-1,1,1,1,-1,-1,1,1,1,-1,-1,1,1,1,-1,1,-1,1,-1,1,1,1,-1,1,1
GMPVZ,V,0.6,0,4,-10.719999999999999,-1,1,1,1,-1,-1,1,1,1,-1,-1,1,1,1,-1,1,-1,1,-1,1,1,1,-1,1,1
GMPVZ,V,0.65,0,0,0.1599999999999997,-1,-1,1,-1,-1,-1,-1,1,1,-1,1,1,1,-1,-1,1,-1,1,-1,1,-1,1,-1,-1,-1
GMPVZ,V,0.65,0,1,-4.8,-1,1,-1,1,-1,-1,1,1,1,1,-1,1,1,1,-1,1,-1,1,1,1,1,-1,-1,1,1
GMPVZ,V,0.65,0,2,-7.5200000000000005,-1,1,1,1,-1,-1,1,1,1,-1,-1,1,1,1,-1,1,-1,1,-1,1,1,1,-1,-1,-1
GMPVZ,V,0.65,0,3,-10.719999999999999,-1,1,1,1,-1,-1,1,1,1,-1,-1,1,1,1,-1,1,-1,1,-1,1,1,1,-1,1,1
GMPVZ,V,0.65,0,4,-10.719999999999999,-1,1,1,1,-1,-1,1,1,1,-1,-1,1,1,1,-1,1,-1,1,-1,1,1,1,-1,1,1
GMPVZ,Z,0.05,0,0,-8.16,1,1,1,1,1,-1,-1,-1,1,1,-1,-1,1,-1,-1,-1,1,-1,-1,-1,1,1,1,1,1
GMPVZ,Z,0.05,0,1,-10.56,1,1,1,1,1,-1,-1,-1,1,-1,-1,-1,1,-1,-1,-1,1,-1,-1,-1,1,1,1,1,1
GMPVZ,Z,0.05,0,2,-10.56,1,1,1,1,1,-1,-1,-1,1,-1,-1,-1,1,-1,-1,-1,1,-1,-1,-1,1,1,1,1,1
GMPVZ,Z,0.1,0,0,-8.16,1,1,1,1,1,-1,-1,-1,1,1,-1,-1,1,-1,-1,-1,1,-1,-1,-1,1,1,1,1,1
GMPVZ,Z,0.1,0,1,-10.56,1,1,1,1,1,-1,-1,-1,1,-1,-1,-1,1,-1,-1,-1,1,-1,-1,-1,1,1,1,1,1
GMPVZ,Z,0.1,0,2,-10.56,1,1,1,1,1,-1,-1,-1,1,-1,-1,-1,1,-1,-1,-1,1,-1,-1,-1,1,1,1,1,1
GMPVZ,Z,0.15,0,0,-4.96,1,1,-1,1,1,-1,-1,-1,1,1,-1,-1,1,-1,-1,-1,-1,-1,-1,-1,1,1,1,1,1
GMPVZ,Z,0.15,0,1,-10.56,1,1,1,1,1,-1,-1,-1,1,-1,-1,-1,1,-1,-1,-1,1,-1,-1,-1,1,1,1,1,1
GMPVZ,Z,0.15,0,2,-10.56,1,1,1,1,1,-1,-1,-1,1,-1,-1,-1,1,-1,-1,-1,1,-1,-1,-1,1,1,1,1,1
GMPVZ,Z,0.2,0,0,-4.96,1,1,-1,1,1,-1,-1,-1,1,1,-1,-1,1,-1,-1,-1,-1,-1,-1,-1,1,1,1,1,1
GMPVZ,Z,0.2,0,1,-10.56,1,1,1,1,1,-1,-1,-1,1,-1,-1,-1,1,-1,-1,-1,1,-1,-1,-1,1,1,1,1,1
GMPVZ,Z,0.2,0,2,-10.56,1,1,1,1,1,-1,-1,-1,1,-1,-1,-1,1,-1,-1,-1,1,-1,-1,-1,1,1,1,1,1
GMPVZ,Z,0.25,0,0,-3.3600000000000003,1,1,-1,1,1,-1,-1,-1,1,1,-1,-1,1,-1,-1,-1,-1,-1,1,-1,1,1,1,1,1
GMPVZ,Z,0.25,0,1,-10.56,1,1,1,1,1,-1,-1,-1,1,-1,-1,-1,1,-1,-1,-1,1,-1,-1,-1,1,1,1,1,1
GMPVZ,Z,0.25,0,2,-10.56,1,1,1,1,1,-1,-1,-1,1,-1,-1,-1,1,-1,-1,-1,1,-1,-1,-1,1,1,1,1,1
GMPVZ,Z,0.3,0,0,-1.44,1,1,-1,1,1,-1,-1,-1,1,1,-1,-1,1,-1,-1,-1,-1,-1,1,1,1,-1,1,1,1
GMPVZ,Z,0.3,0,1,-10.56,1,1,1,1,1,-1,-1,-1,1,-1,-1,-1,1,-1,-1,-1,1,-1,-1,-1,1,1,1,1,1
GMPVZ,Z,0.3,0,2,-10.56,1,1,1,1,1,-1,-1,-1,1,-1,-1,-1,1,-1,-1,-1,1,-1,-1,-1,1,1,1,1,1
GMPVZ,Z,0.35,0,0,0.96,1,1,-1,1,-1,-1,-1,-1,1,1,-1,-1,-1,-1,1,-1,-1,-1,1,1,1,-1,1,1,1
GMPVZ,Z,0.35,0,1,-3.8400000000000003,1,-1,1,-1,1,1,-1,-1,1,-1,1,-1,1,-1,-1,-1,1,-1,-1,-1,-1,1,1,1,1
GMPVZ,Z,0.35,0,2,-8.0,1,1,1,1,1,-1,-1,-1,1,-1,-1,-1,-1,-1,1,-1,1,-1,-1,-1,1,1,1,1,1
GMPVZ,Z,0.35,0,3,-9.28,1,1,1,1,1,-1,-1,-1,1,-1,-1,-1,1,-1,-1,-1,1,-1,-1,-1,-1,1,1,1,1
GMPVZ,Z,0.35,0,4,-10.56,1,1,1,1,1,-1,-1,-1,1,-1,-1,-1,1,-1,-1,-1,1,-1,-1,-1,1,1,1,1,1
GMPVZ,Z,0.35,0,5,-10.56,1,1,1,1,1,-1,-1,-1,1,-1,-1,-1,1,-1,-1,-1,1,-1,-1,-1,1,1,1,1,1
GMPVZ,Z,0.4,0,0,0.96,1,1,-1,1,-1,-1,-1,-1,1,1,-1,-1,-1,-1,1,-1,-1,-1,1,1,1,-1,1,1,1
GMPVZ,Z,0.4,0,1,-3.8400000000000003,1,-1,1,-1,1,1,-1,-1,1,-1,1,-1,1,-1,-1,-1,1,-1,-1,-1,-1,1,1,1,1
GMPVZ,Z,0.4,0,2,-8.0,1,1,1,1,1,-1,-1,-1,1,-1,-1,-1,-1,-1,1,-1,1,-1,-1,-1,1,1,1,1,1
GMPVZ,Z,0.4,0,3,-9.28,1,1,1,1,1,-1,-1,-1,1,-1,-1,-1,1,-1,-1,-1,1,-1,-1,-1,-1,1,1,1,1
GMPVZ,Z,0.4,0,4,-10.56,1,1,1,1,1,-1,-1,-1,1,-1,-1,-1,1,-1,-1,-1,1,-1,-1,-1,1,1,1,1,1
GMPVZ,Z,0.4,0,5,-10.56,1,1,1,1,1,-1,-1,-1,1,-1,-1,-1,1,-1,-1,-1,1,-1,-1,-1,1,1,1,1,1
GMPVZ,Z,0.45,0,0,1.9200000000000002,1,1,-1,1,-1,1,-1,1,1,1,-1,-1,-1,-1,1,-1,-1,1,1,1,1,-1,1,1,1
GMPVZ,Z,0.45,0,1,-4.32,-1,-1,-1,-1,1,-1,1,-1,1,-1,-1,-1,1,-1,1,-1,1,-1,1,-1,-1,1,1,-1,1
GMPVZ,Z,0.45,0,2,-8.64,1,-1,-1,-1,1,-1,1,1,1,-1,-1,-1,-1,-1,1,-1,1,1,1,1,-1,1,1,1,1
GMPVZ,Z,0.45,0,3,-10.240000000000002,-1,-1,-1,-1,1,-1,1,1,1,-1,-1,-1,-1,-1,1,-1,1,1,1,1,-1,1,1,1,1
GMPVZ,Z,0.45,0,4,-10.240000000000002,-1,-1,-1,-1,1,-1,1,1,1,-1,-1,-1,-1,-1,1,-1,1,1,1,1,-1,1,1,1,1
GMPVZ,Z,0.5,0,0,1.6,1,1,-1,1,-1,1,-1,1,1,1,-1,-1,-1,-1,1,1,-1,1,1,1,1,-1,-1,1,1
GMPVZ,Z,0.5,0,1,-1.6,-1,-1,-1,-1,1,-1,1,-1,1,-1,1,1,1,1,1,1,-1,-1,-1,1,-1,1,-1,-1,1
GMPVZ,Z,0.5,0,2,-4.640000000000001,-1,-1,-1,-1,1,1,1,1,1,1,1,-1,-1,-1,1,1,-1,1,-1,1,1,-1,-1,1,1
GMPVZ,Z,0.5,0,3,-8.959999999999999,1,-1,-1,-1,1,1,1,-1,1,1,1,-1,1,-1,1,1,-1,-1,1,1,-1,-1,-1,-1,1
GMPVZ,Z,0.5,0,4,-10.24,1,-1,-1,-1,1,1,1,-1,1,1,1,-1,1,-1,1,1,-1,-1,-1,1,1,-1,-1,-1,-1
GMPVZ,Z,0.5,0,5,-10.879999999999999,1,-1,-1,-1,1,1,1,-1,1,1,1,-1,1,-1,1,1,-1,-1,-1,1,1,-1,-1,-1,1
GMPVZ,Z,0.5,0,6,-10.879999999999999,1,-1,-1,-1,1,1,1,-1,1,1,1,-1,1,-1,1,1,-1,-1,-1,1,1,-1,-1,-1,1
GMPVZ,Z,0.55,0,0,0.32000000000000006,-1,1,-1,1,-1,1,-1,1,-1,1,-1,1,-1,-1,1,1,-1,1,1,1,1,-1,-1,1,1
GMPVZ,Z,0.55,0,1,-3.04,-1,-1,1,-1,-1,-1,1,1,-1,-1,1,1,-1,1,-1,1,-1,1,-1,1,-1,1,-1,-1,-1
GMPVZ,Z,0.55,0,2,-4.32,-1,1,-1,1,-1,1,1,1,-1,1,-1,1,-1,1,1,1,-1,1,1,1,-1,-1,-1,1,-1
GMPVZ,Z,0.55,0,3,-8.32,-1,-1,1,-1,-1,1,1,1,-1,1,1,1,-1,1,1,1,-1,1,1,1,-1,-1,-1,-1,-1
GMPVZ,Z,0.55,0,4,-10.56,-1,-1,-1,-1,-1,1,1,1,-1,1,1,1,-1,1,1,1,-1,1,1,1,-1,-1,-1,-1,-1
GMPVZ,Z,0.55,0,5,-10.56,-1,-1,-1,-1,-1,1,1,1,-1,1,1,1,-1,1,1,1,-1,1,1,1,-1,-1,-1,-1,-1
GMPVZ,Z,0.6,0,0,0.32000000000000006,-1,1,-1,1,-1,1,-1,1,-1,1,-1,1,-1,-1,1,1,-1,1,1,1,1,-1,-1,1,1
GMPVZ,Z,0.6,0,1,-3.04,-1,-1,1,-1,-1,-1,1,1,-1,-1,1,1,-1,1,-1,1,-1,1,-1,1,-1,1,-1,-1,-1
GMPVZ,Z,0.6,0,2,-4.32,-1,1,-1,1,-1,1,1,1,-1,1,-1,1,-1,1,1,1,-1,1,1,1,-1,-1,-1,1,-1
GMPVZ,Z,0.6,0,3,-8.32,-1,-1,1,-1,-1,1,1,1,-1,1,1,1,-1,1,1,1,-1,1,1,1,-1,-1,-1,-1,-1
GMPVZ,Z,0.6,0,4,-10.56,-1,-1,-1,-1,-1,1,1,1,-1,1,1,1,-1,1,1,1,-1,1,1,1,-1,-1,-1,-1,-1
GMPVZ,Z,0.6,0,5,-10.56,-1,-1,-1,-1,-1,1,1,1,-1,1,1,1,-1,1,1,1,-1,1,1,1,-1,-1,-1,-1,-1
GMPVZ,Z,0.65,0,0,0.32000000000000006,-1,1,-1,1,-1,1,-1,1,-1,1,-1,1,-1,-1,1,1,-1,1,1,1,1,-1,-1,1,1
GMPVZ,Z,0.65,0,1,-3.04,-1,-1,1,-1,-1,-1,1,1,-1,-1,1,1,-1,1,-1,1,-1,1,-1,1,-1,1,-1,-1,-1
GMPVZ,Z,0.65,0,2,-4.32,-1,1,-1,1,-1,1,1,1,-1,1,-1,1,-1,1,1,1,-1,1,1,1,-1,-1,-1,1,-1
GMPVZ,Z,0.65,0,3,-8.32,-1,-1,1,-1,-1,1,1,1,-1,1,1,1,-1,1,1,1,-1,1,1,1,-1,-1,-1,-1,-1
GMPVZ,Z,0.65,0,4,-10.56,-1,-1,-1,-1,-1,1,1,1,-1,1,1,1,-1,1,1,1,-1,1,1,1,-1,-1,-1,-1,-1
GMPVZ,Z,0.65,0,5,-10.56,-1,-1,-1,-1,-1,1,1,1,-1,1,1,1,-1,1,1,1,-1,1,1,1,-1,-1,-1,-1,-1
JLRTVX,J,0.05,0,0,-9.28,1,1,1,1,1,-1,-1,-1,1,1,-1,-1,-1,1,-1,1,-1,-1,1,-1,-1,1,1,-1,-1
JLRTVX,J,0.05,0,1,-11.36,1,1,1,1,1,-1,-1,-1,1,-1,-1,-1,-1,1,-1,1,-1,-1,1,-1,-1,1,1,-1,-1
JLRTVX,J,0.05,0,2,-11.36,1,1,1,1,1,-1,-1,-1,1,-1,-1,-1,-1,1,-1,1,-1,-1,1,-1,-1,1,1,-1,-1
JLRTVX,J,0.1,0,0,-9.28,1,1,1,1,1,-1,-1,-1,1,1,-1,-1,-1,1,-1,1,-1,-1,1,-1,-1,1,1,-1,-1
JLRTVX,J,0.1,0,1,-11.36,1,1,1,1,1,-1,-1,-1,1,-1,-1,-1,-1,1,-1,1,-1,-1,1,-1,-1,1,1,-1,-1
JLRTVX,J,0.1,0,2,-11.36,1,1,1,1,1,-1,-1,-1,1,-1,-1,-1,-1,1,-1,1,-1,-1,1,-1,-1,1,1,-1,-1
JLRTVX,J,0.15,0,0,-5.6000000000000005,1,1,-1,1,1,-1,-1,-1,1,1,-1,-1,-1,1,-1,1,1,-1,1,-1,-1,1,1,-1,-1
JLRTVX,J,0.15,0,1,-10.559999999999999,1,1,1,1,1,-1,-1,-1,1,-1,-1,-1,-1,1,-1,-1,-1,-1,1,-1,-1,-1,1,-1,-1
JLRTVX,J,0.15,0,2,-10.399999999999999,1,1,1,1,1,-1,-1,-1,1,-1,-1,-1,1,-1,-1,1,-1,-1,1,-1,-1,-1,1,-1,-1
JLRTVX,J,0.15,0,3,-10.4,1,1,1,1,1,-1,-1,-1,-1,-1,-1,-1,-1,1,-1,-1,-1,-1,1,-1,-1,-1,1,-1,-1
JLRTVX,J,0.15,0,4,-10.399999999999999,1,1,1,1,1,-1,-1,-1,1,-1,-1,-1,1,-1,-1,1,-1,-1,1,-1,-1,-1,1,-1,-1
JLRTVX,J,0.2,0,0,-5.6000000000000005,1,1,-1,1,1,-1,-1,-1,1,1,-1,-1,-1,1,-1,1,1,-1,1,-1,-1,1,1,-1,-1
JLRTVX,J,0.2,0,1,-10.559999999999999,1,1,1,1,1,-1,-1,-1,1,-1,-1,-1,-1,1,-1,-1,-1,-1,1,-1,-1,-1,1,-1,-1
JLRTVX,J,0.2,0,2,-10.399999999999999,1,1,1,1,1,-1,-1,-1,1,-1,-1,-1,1,-1,-1,1,-1,-1,1,-1,-1,-1,1,-1,-1
JLRTVX,J,0.2,0,3,-10.4,1,1,1,1,1,-1,-1,-1,-1,-1,-1,-1,-1,1,-1,-1,-1,-1,1,-1,-1,-1,1,-1,-1
JLRTVX,J,0.2,0,4,-10.399999999999999,1,1,1,1,1,-1,-1,-1,1,-1,-1,-1,1,-1,-1,1,-1,-1,1,-1,-1,-1,1,-1,-1
JLRTVX,J,0.25,0,0,-3.84,1,1,-1,1,1,-1,-1,-1,1,1,-1,-1,-1,1,-1,1,1,-1,-1,-1,-1,1,1,-1,-1
JLRTVX,J,0.25,0,1,-10.24,1,1,1,1,1,-1,-1,-1,1,-1,-1,-1,-1,-1,-1,-1,-1,-1,1,-1,-1,1,1,-1,-1
JLRTVX,J,0.25,0,2,-10.879999999999999,1,1,1,1,1,-1,-1,-1,1,-1,-1,-1,-1,1,-1,1,-1,-1,1,-1,-1,-1,1,-1,-1
JLRTVX,J,0.25,0,3,-11.36,1,1,1,1,1,-1,-1,-1,1,-1,-1,-1,-1,1,-1,1,-1,-1,1,-1,-1,1,1,-1,-1
JLRTVX,J,0.25,0,4,-11.36,1,1,1,1,1,-1,-1,-1,1,-1,-1,-1,-1,1,-1,1,-1,-1,1,-1,-1,1,1,-1,-1
JLRTVX,J,0.3,0,0,-1.6000000000000003,1,1,-1,1,1,-1,-1,-1,1,1,-1,-1,-1,1,-1,1,1,-1,-1,1,-1,-1,1,-1,-1
JLRTVX,J,0.3,0,1,-10.24,1,1,1,1,1,-1,-1,-1,1,-1,-1,-1,-1,-1,-1,-1,-1,-1,1,-1,-1,1,1,-1,-1
JLRTVX,J,0.3,0,2,-10.879999999999999,1,1,1,1,1,-1,-1,-1,1,-1,-1,-1,-1,1,-1,1,-1,-1,1,-1,-1,-1,1,-1,-1
JLRTVX,J,0.3,0,3,-11.36,1,1,1,1,1,-1,-1,-1,1,-1,-1,-1,-1,1,-1,1,-1,-1,1,-1,-1,1,1,-1,-1
JLRTVX,J,0.3,0,4,-11.36,1,1,1,1,1,-1,-1,-1,1,-1,-1,-1,-1,1,-1,1,-1,-1,1,-1,-1,1,1,-1,-1
JLRTVX,J,0.35,0,0,1.1199999999999997,1,1,-1,1,-1,-1,-1,-1,1,1,-1,-1,1,1,1,1,1,-1,-1,1,-1,-1,1,-1,-1
JLRTVX,J,0.35,0,1,-8.96,1,1,1,1,1,-1,-1,1,-1,-1,-1,-1,-1,1,-1,-1,-1,1,1,-1,-1,1,1,-1,-1
JLRTVX,J,0.35,0,2,-9.280000000000001,1,1,1,1,1,-1,-1,-1,1,-1,-1,-1,1,-1,-1,1,-1,-1,-1,-1,-1,-1,1,-1,-1
JLRTVX,J,0.35,0,3,-10.4,1,1,1,1,1,-1,-1,-1,-1,-1,-1,-1,-1,1,-1,-1,-1,-1,1,-1,-1,-1,1,-1,-1
JLRTVX,J,0.35,0,4,-10.399999999999999,1,1,1,1,1,-1,-1,-1,1,-1,-1,-1,1,-1,-1,1,-1,-1,1,-1,-1,-1,1,-1,-1
JLRTVX,J,0.35,0,5,-10.4,1,1,1,1,1,-1,-1,-1,-1,-1,-1,-1,-1,1,-1,-1,-1,-1,1,-1,-1,-1,1,-1,-1
JLRTVX,J,0.4,0,0,1.1199999999999997,1,1,-1,1,-1,-1,-1,-1,1,1,-1,-1,1,1,1,1,1,-1,-1,1,-1,-1,1,-1,-1
JLRTVX,J,0.4,0,1,-8.96,1,1,1,1,1,-1,-1,1,-1,-1,-1,-1,-1,1,-1,-1,-1,1,1,-1,-1,1,1,-1,-1
JLRTVX,J,0.4,0,2,-9.280000000000001,1,1,1,1,1,-1,-1,-1,1,-1,-1,-1,1,-1,-1,1,-1,-1,-1,-1,-1,-1,1,-1,-1
JLRTVX,J,0.4,0,3,-10.4,1,1,1,1,1,-1,-1,-1,-1,-1,-1,-1,-1,1,-1,-1,-1,-1,1,-1,-1,-1,1,-1,-1
JLRTVX,J,0.4,0,4,-10.399999999999999,1,1,1,1,1,-1,-1,-1,1,-1,-1,-1,1,-1,-1,1,-1,-1,1,-1,-1,-1,1,-1,-1
JLRTVX,J,0.4,0,5,-10.4,1,1,1,1,1,-1,-1,-1,-1,-1,-1,-1,-1,1,-1,-1,-1,-1,1,-1,-1,-1,1,-1,-1
JLRTVX,J,0.45,0,0,0.47999999999999976,1,1,-1,1,-1,1,-1,1,1,1,-1,-1,1,1,1,1,1,1,-1,1,-1,-1,1,-1,-1
JLRTVX,J,0.45,0,1,-5.92,-1,1,1,1,1,-1,-1,1,-1,1,-1,1,-1,1,1,-1,-1,1,1,1,-1,1,1,-1,-1
JLRTVX,J,0.45,0,2,-7.039999999999999,-1,1,1,1,1,-1,-1,1,1,1,-1,1,1,1,1,1,-1,1,-1,1,-1,-1,1,-1,-1
JLRTVX,J,0.45,0,3,-8.8,-1,1,1,1,1,-1,1,1,1,-1,-1,1,1,1,1,-1,-1,1,-1,1,-1,1,-1,-1,-1
JLRTVX,J,0.45,0,4,-9.120000000000001,-1,1,1,1,1,-1,1,1,1,-1,-1,1,1,1,1,-1,1,1,-1,1,-1,-1,-1,1,-1
JLRTVX,J,0.45,0,5,-9.120000000000001,-1,1,1,1,1,-1,1,1,1,1,-1,1,1,1,1,-1,1,1,-1,1,-1,1,-1,-1,-1
JLRTVX,J,0.45,0,6,-9.44,-1,1,1,1,1,-1,1,1,1,1,-1,1,1,1,1,-1,1,1,1,1,-1,-1,-1,1,-1
JLRTVX,J,0.45,0,7,-9.920000000000002,-1,1,1,1,1,-1,1,1,1,1,-1,1,1,1,1,-1,1,1,-1,1,-1,-1,-1,-1,-1
JLRTVX,J,0.45,0,8,-10.400000000000002,-1,1,1,1,1,-1,1,1,1,1,-1,1,1,1,1,-1,1,1,1,1,-1,-1,-1,-1,-1
JLRTVX,J,0.45,0,9,-10.400000000000002,-1,1,1,1,1,-1,1,1,1,1,-1,1,1,1,1,-1,1,1,1,1,-1,-1,-1,-1,-1
JLRTVX,J,0.5,0,0,-0.32000000000000006,1,1,-1,1,-1,1,-1,1,1,1,-1,-1,1,1,1,-1,1,1,-1,1,-1,-1,-1,-1,-1
JLRTVX,J,0.5,0,1,-6.720000000000001,-1,1,1,1,1,-1,1,1,-1,1,-1,1,1,-1,1,-1,1,1,1,1,-1,-1,1,-1,-1
JLRTVX,J,0.5,0,2,-9.920000000000002,-1,1,1,1,1,-1,1,1,1,1,-1,1,1,1,1,-1,1,1,-1,1,-1,-1,-1,-1,-1
JLRTVX,J,0.5,0,3,-10.400000000000002,-1,1,1,1,1,-1,1,1,1,1,-1,1,1,1,1,-1,1,1,1,1,-1,-1,-1,-1,-1
JLRTVX,J,0.5,0,4,-10.400000000000002,-1,1,1,1,1,-1,1,1,1,1,-1,1,1,1,1,-1,1,1,1,1,-1,-1,-1,-1,-1
JLRTVX,J,0.55,0,0,-3.8400000000000007,-1,1,-1,1,-1,1,-1,1,-1,1,-1,1,1,1,1,-1,1,1,-1,1,-1,-1,-1,-1,-1
JLRTVX,J,0.55,0,1,-6.88,-1,1,1,1,1,-1,1,1,-1,1,1,1,1,1,1,-1,1,1,-1,1,-1,-1,-1,1,-1
JLRTVX,J,0.55,0,2,-9.120000000000001,-1,1,1,1,-1,-1,1,1,1,1,-1,1,1,1,1,-1,1,1,-1,1,-1,-1,-1,1,-1
JLRTVX,J,0.55,0,3,-9.44,-1,1,1,1,1,-1,1,1,1,1,-1,1,1,1,1,-1,1,1,-1,1,-1,1,-1,1,-1
JLRTVX,J,0.55,0,4,-9.600000000000001,-1,1,1,1,1,-1,1,1,1,1,-1,1,1,1,1,-1,1,1,-1,1,-1,-1,-1,1,-1
JLRTVX,J,0.55,0,5,-9.920000000000002,-1,1,1,1,1,-1,1,1,1,1,-1,1,1,1,1,-1,1,1,-1,1,-1,-1,-1,-1,-1
JLRTVX,J,0.55,0,6,-10.400000000000002,-1,1,1,1,1,-1,1,1,1,1,-1,1,1,1,1,-1,1,1,1,1,-1,-1,-1,-1,-1
JLRTVX,J,0.55,0,7,-10.400000000000002,-1,1,1,1,1,-1,1,1,1,1,-1,1,1,1,1,-1,1,1,1,1,-1,-1,-1,-1,-1
JLRTVX,J,0.6,0,0,-3.8400000000000007,-1,1,-1,1,-1,1,-1,1,-1,1,-1,1,1,1,1,-1,1,1,-1,1,-1,-1,-1,-1,-1
JLRTVX,J,0.6,0,1,-6.88,-1,1,1,1,1,-1,1,1,-1,1,1,1,1,1,1,-1,1,1,-1,1,-1,-1,-1,1,-1
JLRTVX,J,0.6,0,2,-9.120000000000001,-1,1,1,1,-1,-1,1,1,1,1,-1,1,1,1,1,-1,1,1,-1,1,-1,-1,-1,1,-1
JLRTVX,J,0.6,0,3,-9.44,-1,1,1,1,1,-1,1,1,1,1,-1,1,1,1,1,-1,1,1,-1,1,-1,1,-1,1,-1
JLRTVX,J,0.6,0,4,-9.600000000000001,-1,1,1,1,1,-1,1,1,1,1,-1,1,1,1,1,-1,1,1,-1,1,-1,-1,-1,1,-1
JLRTVX,J,0.6,0,5,-9.920000000000002,-1,1,1,1,1,-1,1,1,1,1,-1,1,1,1,1,-1,1,1,-1,1,-1,-1,-1,-1,-1
JLRTVX,J,0.6,0,6,-10.400000000000002,-1,1,1,1,1,-1,1,1,1,1,-1,1,1,1,1,-1,1,1,1,1,-1,-1,-1,-1,-1
JLRTVX,J,0.6,0,7,-10.400000000000002,-1,1,1,1,1,-1,1,1,1,1,-1,1,1,1,1,-1,1,1,1,1,-1,-1,-1,-1,-1
JLRTVX,J,0.65,0,0,-3.8400000000000007,-1,1,-1,1,-1,1,-1,1,-1,1,-1,1,1,1,1,-1,1,1,-1,1,-1,-1,-1,-1,-1
JLRTVX,J,0.65,0,1,-6.88,-1,1,1,1,1,-1,1,1,-1,1,1,1,1,1,1,-1,1,1,-1,1,-1,-1,-1,1,-1
JLRTVX,J,0.65,0,2,-9.120000000000001,-1,1,1,1,-1,-1,1,1,1,1,-1,1,1,1,1,-1,1,1,-1,1,-1,-1,-1,1,-1
JLRTVX,J,0.65,0,3,-9.44,-1,1,1,1,1,-1,1,1,1,1,-1,1,1,1,1,-1,1,1,-1,1,-1,1,-1,1,-1
JLRTVX,J,0.65,0,4,-9.600000000000001,-1,1,1,1,1,-1,1,1,1,1,-1,1,1,1,1,-1,1,1,-1,1,-1,-1,-1,1,-1
JLRTVX,J,0.65,0,5,-9.920000000000002,-1,1,1,1,1,-1,1,1,1,1,-1,1,1,1,1,-1,1,1,-1,1,-1,-1,-1,-1,-1
JLRTVX,J,0.65,0,6,-10.400000000000002,-1,1,1,1,1,-1,1,1,1,1,-1,1,1,1,1,-1,1,1,1,1,-1,-1,-1,-1,-1
JLRTVX,J,0.65,0,7,-10.400000000000002,-1,1,1,1,1,-1,1,1,1,1,-1,1,1,1,1,-1,1,1,1,1,-1,-1,-1,-1,-1
JLRTVX,L,0.05,0,0,-9.600000000000001,1,-1,-1,-1,-1,1,-1,-1,-1,1,1,-1,-1,-1,-1,1,-1,-1,-1,-1,1,1,1,1,1
JLRTVX,L,0.05,0,1,-10.400000000000002,1,-1,-1,-1,-1,1,-1,-1,-1,-1,1,-1,-1,-1,-1,1,-1,-1,-1,-1,1,1,1,1,1
JLRTVX,L,0.05,0,2,-10.400000000000002,1,-1,-1,-1,-1,1,-1,-1,-1,-1,1,-1,-1,-1,-1,1,-1,-1,-1,-1,1,1,1,1,1
JLRTVX,L,0.1,0,0,-9.600000000000001,1,-1,-1,-1,-1,1,-1,-1,-1,1,1,-1,-1,-1,-1,1,-1,-1,-1,-1,1,1,1,1,1
JLRTVX,L,0.1,0,1,-10.400000000000002,1,-1,-1,-1,-1,1,-1,-1,-1,-1,1,-1,-1,-1,-1,1,-1,-1,-1,-1,1,1,1,1,1
JLRTVX,L,0.1,0,2,-10.400000000000002,1,-1,-1,-1,-1,1,-1,-1,-1,-1,1,-1,-1,-1,-1,1,-1,-1,-1,-1,1,1,1,1,1
JLRTVX,L,0.15,0,0,-6.24,1,-1,1,-1,-1,1,-1,-1,-1,1,1,-1,-1,-1,-1,1,1,-1,-1,-1,1,1,1,1,1
JLRTVX,L,0.15,0,1,-9.920000000000002,1,-1,-1,-1,-1,1,-1,-1,-1,-1,1,-1,-1,-1,-1,1,-1,-1,1,-1,1,1,1,1,1
JLRTVX,L,0.15,0,2,-10.400000000000002,1,-1,-1,-1,-1,1,-1,-1,-1,-1,1,-1,-1,-1,-1,1,-1,-1,-1,-1,1,1,1,1,1
JLRTVX,L,0.15,0,3,-10.400000000000002,1,-1,-1,-1,-1,1,-1,-1,-1,-1,1,-1,-1,-1,-1,1,-1,-1,-1,-1,1,1,1,1,1
JLRTVX,L,0.2,0,0,-6.24,1,-1,1,-1,-1,1,-1,-1,-1,1,1,-1,-1,-1,-1,1,1,-1,-1,-1,1,1,1,1,1
JLRTVX,L,0.2,0,1,-9.920000000000002,1,-1,-1,-1,-1,1,-1,-1,-1,-1,1,-1,-1,-1,-1,1,-1,-1,1,-1,1,1,1,1,1
JLRTVX,L,0.2,0,2,-10.400000000000002,1,-1,-1,-1,-1,1,-1,-1,-1,-1,1,-1,-1,-1,-1,1,-1,-1,-1,-1,1,1,1,1,1
JLRTVX,L,0.2,0,3,-10.400000000000002,1,-1,-1,-1,-1,1,-1,-1,-1,-1,1,-1,-1,-1,-1,1,-1,-1,-1,-1,1,1,1,1,1
JLRTVX,L,0.25,0,0,-6.4,1,-1,1,-1,-1,1,-1,-1,-1,1,1,-1,-1,-1,-1,1,1,-1,1,-1,1,1,1,1,1
JLRTVX,L,0.25,0,1,-9.920000000000002,1,-1,-1,-1,-1,1,-1,-1,-1,-1,1,-1,-1,-1,-1,1,-1,-1,1,-1,1,1,1,1,1
JLRTVX,L,0.25,0,2,-10.400000000000002,1,-1,-1,-1,-1,1,-1,-1,-1,-1,1,-1,-1,-1,-1,1,-1,-1,-1,-1,1,1,1,1,1
JLRTVX,L,0.25,0,3,-10.400000000000002,1,-1,-1,-1,-1,1,-1,-1,-1,-1,1,-1,-1,-1,-1,1,-1,-1,-1,-1,1,1,1,1,1
JLRTVX,L,0.3,0,0,-4.16,1,-1,1,-1,-1,1,-1,-1,-1,1,1,-1,-1,-1,-1,1,1,-1,1,1,1,-1,1,1,1
JLRTVX,L,0.3,0,1,-8.0,1,-1,-1,-1,-1,1,-1,-1,-1,1,1,-1,-1,-1,1,1,-1,-1,1,-1,1,1,-1,1,1
JLRTVX,L,0.3,0,2,-8.0,1,-1,-1,-1,-1,1,-1,-1,-1,1,1,1,-1,-1,-1,1,1,-1,1,-1,1,1,1,1,1
JLRTVX,L,0.3,0,3,-8.0,1,-1,-1,-1,-1,1,-1,-1,-1,1,1,-1,-1,-1,1,1,-1,-1,1,-1,1,1,-1,1,1
JLRTVX,L,0.35,0,0,-2.0800000000000005,1,-1,1,-1,1,1,-1,-1,-1,1,1,-1,1,-1,1,1,1,-1,1,1,1,-1,1,1,1
JLRTVX,L,0.35,0,1,-8.0,1,-1,-1,-1,-1,1,-1,-1,-1,1,1,1,-1,-1,-1,-1,1,-1,1,-1,1,-1,-1,-1,1
JLRTVX,L,0.35,0,2,-8.0,1,-1,-1,-1,-1,1,-1,-1,-1,1,1,-1,1,-1,1,1,1,-1,1,-1,1,-1,-1,-1,1
JLRTVX,L,0.35,0,3,-8.0,1,-1,-1,-1,-1,1,-1,-1,-1,1,1,1,-1,-1,-1,-1,1,-1,1,-1,1,-1,-1,-1,1
JLRTVX,L,0.4,0,0,-2.0800000000000005,1,-1,1,-1,1,1,-1,-1,-1,1,1,-1,1,-1,1,1,1,-1,1,1,1,-1,1,1,1
JLRTVX,L,0.4,0,1,-8.0,1,-1,-1,-1,-1,1,-1,-1,-1,1,1,1,-1,-1,-1,-1,1,-1,1,-1,1,-1,-1,-1,1
JLRTVX,L,0.4,0,2,-8.0,1,-1,-1,-1,-1,1,-1,-1,-1,1,1,-1,1,-1,1,1,1,-1,1,-1,1,-1,-1,-1,1
JLRTVX,L,0.4,0,3,-8.0,1,-1,-1,-1,-1,1,-1,-1,-1,1,1,1,-1,-1,-1,-1,1,-1,1,-1,1,-1,-1,-1,1
JLRTVX,L,0.45,0,0,1.44,1,-1,1,-1,1,-1,-1,1,-1,1,1,-1,1,-1,1,1,1,1,1,1,1,-1,1,1,1
JLRTVX,L,0.45,0,1,-3.84,-1,-1,-1,-1,-1,1,1,-1,-1,1,1,1,-1,-1,1,-1,1,-1,-1,-1,-1,-1,-1,-1,-1
JLRTVX,L,0.45,0,2,-6.88,1,-1,-1,-1,1,1,1,-1,-1,1,1,-1,-1,-1,1,-1,1,-1,1,1,1,-1,1,1,1
JLRTVX,L,0.45,0,3,-8.64,1,-1,-1,-1,-1,1,1,-1,-1,1,1,-1,-1,-1,1,-1,1,-1,1,-1,1,-1,-1,1,1
JLRTVX,L,0.45,0,4,-8.64,1,-1,-1,-1,-1,1,1,-1,-1,1,1,1,-1,-1,1,-1,1,-1,1,-1,1,-1,-1,1,1
JLRTVX,L,0.45,0,5,-9.919999999999998,-1,-1,-1,-1,-1,1,1,-1,-1,1,1,1,1,-1,1,-1,1,-1,1,1,1,-1,-1,1,1
JLRTVX,L,0.45,0,6,-9.919999999999998,-1,-1,-1,-1,-1,1,1,-1,-1,1,1,1,1,-1,1,-1,1,-1,1,1,1,-1,-1,1,1
JLRTVX,L,0.5,0,0,-0.6399999999999999,1,-1,1,-1,1,-1,-1,1,-1,1,1,-1,1,-1,1,-1,1,1,1,1,1,-1,-1,1,1
JLRTVX,L,0.5,0,1,-7.04,-1,-1,-1,-1,-1,1,1,-1,-1,1,1,1,1,-1,1,-1,1,-1,-1,-1,1,-1,-1,-1,1
JLRTVX,L,0.5,0,2,-8.8,1,-1,-1,-1,-1,1,1,-1,-1,1,1,1,1,-1,1,-1,1,-1,1,1,1,-1,-1,1,1
JLRTVX,L,0.5,0,3,-9.919999999999998,-1,-1,-1,-1,-1,1,1,-1,-1,1,1,1,1,-1,1,-1,1,-1,1,1,1,-1,-1,1,1
JLRTVX,L,0.5,0,4,-9.919999999999998,-1,-1,-1,-1,-1,1,1,-1,-1,1,1,1,1,-1,1,-1,1,-1,1,1,1,-1,-1,1,1
JLRTVX,L,0.55,0,0,-2.88,-1,-1,1,-1,1,-1,-1,1,1,1,1,1,1,-1,1,-1,1,1,1,1,1,-1,-1,1,1
JLRTVX,L,0.55,0,1,-9.120000000000001,-1,-1,-1,-1,-1,1,1,1,1,1,-1,1,1,1,1,-1,1,1,-1,1,1,-1,-1,1,1
JLRTVX,L,0.55,0,2,-10.719999999999999,-1,-1,-1,-1,-1,1,1,1,1,1,1,1,1,-1,1,-1,1,1,-1,1,1,1,-1,1,1
JLRTVX,L,0.55,0,3,-11.36,-1,-1,-1,-1,-1,1,1,1,-1,1,1,1,1,-1,1,-1,1,1,-1,1,1,-1,-1,1,1
JLRTVX,L,0.55,0,4,-11.36,-1,-1,-1,-1,-1,1,1,1,-1,1,1,1,1,-1,1,-1,1,1,-1,1,1,-1,-1,1,1
JLRTVX,L,0.6,0,0,-2.88,-1,-1,1,-1,1,-1,-1,1,1,1,1,1,1,-1,1,-1,1,1,1,1,1,-1,-1,1,1
JLRTVX,L,0.6,0,1,-9.120000000000001,-1,-1,-1,-1,-1,1,1,1,1,1,-1,1,1,1,1,-1,1,1,-1,1,1,-1,-1,1,1
JLRTVX,L,0.6,0,2,-10.719999999999999,-1,-1,-1,-1,-1,1,1,1,1,1,1,1,1,-1,1,-1,1,1,-1,1,1,1,-1,1,1
JLRTVX,L,0.6,0,3,-11.36,-1,-1,-1,-1,-1,1,1,1,-1,1,1,1,1,-1,1,-1,1,1,-1,1,1,-1,-1,1,1
JLRTVX,L,0.6,0,4,-11.36,-1,-1,-1,-1,-1,1,1,1,-1,1,1,1,1,-1,1,-1,1,1,-1,1,1,-1,-1,1,1
JLRTVX,L,0.65,0,0,-2.88,-1,-1,1,-1,1,-1,-1,1,1,1,1,1,1,-1,1,-1,1,1,1,1,1,-1,-1,1,1
JLRTVX,L,0.65,0,1,-9.120000000000001,-1,-1,-1,-1,-1,1,1,1,1,1,-1,1,1,1,1,-1,1,1,-1,1,1,-1,-1,1,1
JLRTVX,L,0.65,0,2,-10.719999999999999,-1,-1,-1,-1,-1,1,1,1,1,1,1,1,1,-1,1,-1,1,1,-1,1,1,1,-1,1,1
JLRTVX,L,0.65,0,3,-11.36,-1,-1,-1,-1,-1,1,1,1,-1,1,1,1,1,-1,1,-1,1,1,-1,1,1,-1,-1,1,1
JLRTVX,L,0.65,0,4,-11.36,-1,-1,-1,-1,-1,1,1,1,-1,1,1,1,1,-1,1,-1,1,1,-1,1,1,-1,-1,1,1
JLRTVX,R,0.05,0,0,-8.8,1,1,1,1,-1,1,-1,-1,-1,-1,1,1,1,1,-1,1,-1,-1,1,-1,1,-1,-1,-1,1
JLRTVX,R,0.05,0,1,-9.92,1,1,1,1,-1,1,-1,-1,-1,1,1,1,1,1,-1,1,-1,-1,1,-1,1,-1,-1,-1,1
JLRTVX,R,0.05,0,2,-9.92,1,1,1,1,-1,1,-1,-1,-1,1,1,1,1,1,-1,1,-1,-1,1,-1,1,-1,-1,-1,1
JLRTVX,R,0.1,0,0,-8.8,1,1,1,1,-1,1,-1,-1,-1,-1,1,1,1,1,-1,1,-1,-1,1,-1,1,-1,-1,-1,1
JLRTVX,R,0.1,0,1,-9.92,1,1,1,1,-1,1,-1,-1,-1,1,1,1,1,1,-1,1,-1,-1,1,-1,1,-1,-1,-1,1
JLRTVX,R,0.1,0,2,-9.92,1,1,1,1,-1,1,-1,-1,-1,1,1,1,1,1,-1,1,-1,-1,1,-1,1,-1,-1,-1,1
JLRTVX,R,0.15,0,0,-5.4399999999999995,1,1,-1,1,-1,1,-1,-1,-1,-1,1,1,1,1,-1,1,1,-1,1,-1,1,-1,-1,-1,1
JLRTVX,R,0.15,0,1,-7.68,1,-1,1,-1,-1,1,-1,-1,-1,1,1,1,1,1,-1,1,-1,-1,1,-1,1,-1,-1,-1,1
JLRTVX,R,0.15,0,2,-8.32,1,1,-1,1,-1,1,-1,-1,-1,1,1,1,1,1,-1,1,-1,-1,1,-1,1,-1,-1,-1,1
JLRTVX,R,0.15,0,3,-9.92,1,1,1,1,-1,1,-1,-1,-1,1,1,1,1,1,-1,1,-1,-1,1,-1,1,-1,-1,-1,1
JLRTVX,R,0.15,0,4,-9.92,1,1,1,1,-1,1,-1,-1,-1,1,1,1,1,1,-1,1,-1,-1,1,-1,1,-1,-1,-1,1
JLRTVX,R,0.2,0,0,-5.4399999999999995,1,1,-1,1,-1,1,-1,-1,-1,-1,1,1,1,1,-1,1,1,-1,1,-1,1,-1,-1,-1,1
JLRTVX,R,0.2,0,1,-7.68,1,-1,1,-1,-1,1,-1,-1,-1,1,1,1,1,1,-1,1,-1,-1,1,-1,1,-1,-1,-1,1
JLRTVX,R,0.2,0,2,-8.32,1,1,-1,1,-1,1,-1,-1,-1,1,1,1,1,1,-1,1,-1,-1,1,-1,1,-1,-1,-1,1
JLRTVX,R,0.2,0,3,-9.92,1,1,1,1,-1,1,-1,-1,-1,1,1,1,1,1,-1,1,-1,-1,1,-1,1,-1,-1,-1,1
JLRTVX,R,0.2,0,4,-9.92,1,1,1,1,-1,1,-1,-1,-1,1,1,1,1,1,-1,1,-1,-1,1,-1,1,-1,-1,-1,1
JLRTVX,R,0.25,0,0,-4.0,1,1,-1,1,-1,1,-1,-1,-1,-1,1,1,1,1,-1,1,1,-1,-1,-1,1,-1,-1,-1,1
JLRTVX,R,0.25,0,1,-7.68,1,-1,1,-1,-1,1,-1,-1,-1,1,1,1,1,1,-1,1,-1,-1,1,-1,1,-1,-1,-1,1
JLRTVX,R,0.25,0,2,-8.32,1,1,-1,1,-1,1,-1,-1,-1,1,1,1,1,1,-1,1,-1,-1,1,-1,1,-1,-1,-1,1
JLRTVX,R,0.25,0,3,-9.92,1,1,1,1,-1,1,-1,-1,-1,1,1,1,1,1,-1,1,-1,-1,1,-1,1,-1,-1,-1,1
JLRTVX,R,0.25,0,4,-9.92,1,1,1,1,-1,1,-1,-1,-1,1,1,1,1,1,-1,1,-1,-1,1,-1,1,-1,-1,-1,1
JLRTVX,R,0.3,0,0,-2.4,1,1,-1,1,-1,1,-1,-1,-1,-1,1,1,1,1,-1,1,1,-1,-1,1,1,1,-1,-1,1
JLRTVX,R,0.3,0,1,-7.040000000000001,1,-1,1,-1,-1,1,-1,-1,-1,1,1,1,1,1,-1,1,-1,-1,1,-1,1,-1,-1,1,1
JLRTVX,R,0.3,0,2,-8.32,1,1,-1,1,-1,1,-1,-1,-1,1,1,1,1,1,-1,1,-1,-1,1,-1,1,-1,-1,-1,1
JLRTVX,R,0.3,0,3,-9.92,1,1,1,1,-1,1,-1,-1,-1,1,1,1,1,1,-1,1,-1,-1,1,-1,1,-1,-1,-1,1
JLRTVX,R,0.3,0,4,-9.92,1,1,1,1,-1,1,-1,-1,-1,1,1,1,1,1,-1,1,-1,-1,1,-1,1,-1,-1,-1,1
JLRTVX,R,0.35,0,0,0.3200000000000003,1,1,-1,1,1,1,-1,-1,-1,-1,1,1,-1,1,1,1,1,-1,-1,1,1,1,-1,-1,1
JLRTVX,R,0.35,0,1,-6.24,-1,-1,1,-1,-1,1,-1,-1,-1,1,1,1,-1,1,-1,1,-1,-1,1,-1,1,1,1,1,1
JLRTVX,R,0.35,0,2,-8.0,1,-1,-1,-1,-1,1,-1,-1,-1,1,1,1,-1,1,-1,1,-1,-1,-1,-1,1,1,-1,1,1
JLRTVX,R,0.35,0,3,-8.48,1,-1,-1,-1,-1,1,-1,-1,-1,1,1,1,-1,-1,-1,1,-1,-1,1,-1,1,1,1,1,1
JLRTVX,R,0.35,0,4,-9.600000000000001,1,-1,-1,-1,-1,1,-1,-1,-1,1,1,-1,-1,-1,-1,1,-1,-1,-1,-1,1,1,1,1,1
JLRTVX,R,0.35,0,5,-10.400000000000002,1,-1,-1,-1,-1,1,-1,-1,-1,-1,1,-1,-1,-1,-1,1,-1,-1,-1,-1,1,1,1,1,1
JLRTVX,R,0.35,0,6,-10.400000000000002,1,-1,-1,-1,-1,1,-1,-1,-1,-1,1,-1,-1,-1,-1,1,-1,-1,-1,-1,1,1,1,1,1
JLRTVX,R,0.4,0,0,0.3200000000000003,1,1,-1,1,1,1,-1,-1,-1,-1,1,1,-1,1,1,1,1,-1,-1,1,1,1,-1,-1,1
JLRTVX,R,0.4,0,1,-6.24,-1,-1,1,-1,-1,1,-1,-1,-1,1,1,1,-1,1,-1,1,-1,-1,1,-1,1,1,1,1,1
JLRTVX,R,0.4,0,2,-8.0,1,-1,-1,-1,-1,1,-1,-1,-1,1,1,1,-1,1,-1,1,-1,-1,-1,-1,1,1,-1,1,1
JLRTVX,R,0.4,0,3,-8.48,1,-1,-1,-1,-1,1,-1,-1,-1,1,1,1,-1,-1,-1,1,-1,-1,1,-1,1,1,1,1,1
JLRTVX,R,0.4,0,4,-9.600000000000001,1,-1,-1,-1,-1,1,-1,-1,-1,1,1,-1,-1,-1,-1,1,-1,-1,-1,-1,1,1,1,1,1
JLRTVX,R,0.4,0,5,-10.400000000000002,1,-1,-1,-1,-1,1,-1,-1,-1,-1,1,-1,-1,-1,-1,1,-1,-1,-1,-1,1,1,1,1,1
JLRTVX,R,0.4,0,6,-10.400000000000002,1,-1,-1,-1,-1,1,-1,-1,-1,-1,1,-1,-1,-1,-1,1,-1,-1,-1,-1,1,1,1,1,1
JLRTVX,R,0.45,0,0,1.92,1,1,-1,1,1,-1,-1,1,-1,-1,1,1,-1,1,1,1,1,1,-1,1,1,1,-1,-1,1
JLRTVX,R,0.45,0,1,-7.039999999999999,-1,1,1,1,-1,1,1,1,1,1,-1,1,1,1,-1,1,-1,1,-1,1,-1,1,1,1,-1
JLRTVX,R,0.45,0,2,-8.96,-1,1,1,1,-1,-1,1,1,1,-1,-1,1,-1,1,1,1,-1,1,-1,1,-1,1,-1,1,-1
JLRTVX,R,0.45,0,3,-8.959999999999999,-1,1,1,1,-1,-1,1,1,1,1,-1,1,1,1,1,1,-1,1,-1,1,-1,1,1,1,-1
JLRTVX,R,0.45,0,4,-9.6,-1,1,1,1,-1,-1,1,1,1,-1,-1,1,1,1,1,1,-1,1,-1,1,-1,1,-1,1,-1
JLRTVX,R,0.45,0,5,-9.76,-1,1,1,1,-1,-1,1,1,1,1,-1,1,1,1,1,1,-1,1,-1,1,-1,1,-1,1,-1
JLRTVX,R,0.45,0,6,-9.76,-1,1,1,1,-1,-1,1,1,1,1,-1,1,1,1,1,1,-1,1,-1,1,-1,1,-1,1,-1
JLRTVX,R,0.5,0,0,2.08,1,1,-1,1,1,-1,-1,1,-1,-1,1,1,-1,1,1,-1,1,1,-1,1,1,1,1,-1,1
JLRTVX,R,0.5,0,1,-2.5599999999999996,-1,1,1,1,-1,1,1,1,1,1,-1,-1,1,-1,1,1,-1,1,-1,1,-1,-1,1,1,-1
JLRTVX,R,0.5,0,2,-6.4,-1,1,1,1,1,-1,1,1,-1,-1,-1,1,-1,1,1,-1,-1,1,-1,1,-1,1,-1,1,-1
JLRTVX,R,0.5,0,3,-8.959999999999999,-1,1,1,1,-1,-1,1,1,1,1,-1,1,1,1,1,1,-1,1,-1,1,-1,1,1,1,-1
JLRTVX,R,0.5,0,4,-9.6,-1,1,1,1,-1,-1,1,1,1,-1,-1,1,1,1,1,1,-1,1,-1,1,-1,1,-1,1,-1
JLRTVX,R,0.5,0,5,-9.76,-1,1,1,1,-1,-1,1,1,1,1,-1,1,1,1,1,1,-1,1,-1,1,-1,1,-1,1,-1
JLRTVX,R,0.5,0,6,-9.76,-1,1,1,1,-1,-1,1,1,1,1,-1,1,1,1,1,1,-1,1,-1,1,-1,1,-1,1,-1
JLRTVX,R,0.55,0,0,0.7999999999999998,-1,1,-1,1,1,-1,-1,1,1,-1,1,-1,-1,1,1,-1,1,1,-1,1,1,1,1,-1,1
JLRTVX,R,0.55,0,1,-4.96,-1,-1,1,-1,1,-1,1,1,1,-1,-1,1,-1,-1,1,1,-1,1,-1,1,-1,1,1,1,-1
JLRTVX,R,0.55,0,2,-7.199999999999999,-1,1,-1,1,1,-1,1,1,1,-1,-1,-1,-1,1,1,-1,1,1,-1,1,-1,1,1,1,-1
JLRTVX,R,0.55,0,3,-8.32,-1,-1,1,-1,1,-1,1,1,1,-1,-1,-1,-1,-1,1,-1,1,1,-1,1,-1,1,1,1,-1
JLRTVX,R,0.55,0,4,-9.92,-1,-1,-1,-1,1,-1,1,1,1,-1,-1,-1,-1,-1,1,-1,1,1,-1,1,-1,1,1,1,-1
JLRTVX,R,0.55,0,5,-9.92,-1,-1,-1,-1,1,-1,1,1,1,-1,-1,-1,-1,-1,1,-1,1,1,-1,1,-1,1,1,1,-1
JLRTVX,R,0.6,0,0,0.7999999999999998,-1,1,-1,1,1,-1,-1,1,1,-1,1,-1,-1,1,1,-1,1,1,-1,1,1,1,1,-1,1
JLRTVX,R,0.6,0,1,-4.96,-1,-1,1,-1,1,-1,1,1,1,-1,-1,1,-1,-1,1,1,-1,1,-1,1,-1,1,1,1,-1
JLRTVX,R,0.6,0,2,-7.199999999999999,-1,1,-1,1,1,-1,1,1,1,-1,-1,-1,-1,1,1,-1,1,1,-1,1,-1,1,1,1,-1
JLRTVX,R,0.6,0,3,-8.32,-1,-1,1,-1,1,-1,1,1,1,-1,-1,-1,-1,-1,1,-1,1,1,-1,1,-1,1,1,1,-1
JLRTVX,R,0.6,0,4,-9.92,-1,-1,-1,-1,1,-1,1,1,1,-1,-1,-1,-1,-1,1,-1,1,1,-1,1,-1,1,1,1,-1
JLRTVX,R,0.6,0,5,-9.92,-1,-1,-1,-1,1,-1,1,1,1,-1,-1,-1,-1,-1,1,-1,1,1,-1,1,-1,1,1,1,-1
JLRTVX,R,0.65,0,0,0.7999999999999998,-1,1,-1,1,1,-1,-1,1,1,-1,1,-1,-1,1,1,-1,1,1,-1,1,1,1,1,-1,1
JLRTVX,R,0.65,0,1,-4.96,-1,-1,1,-1,1,-1,1,1,1,-1,-1,1,-1,-1,1,1,-1,1,-1,1,-1,1,1,1,-1
JLRTVX,R,0.65,0,2,-7.199999999999999,-1,1,-1,1,1,-1,1,1,1,-1,-1,-1,-1,1,1,-1,1,1,-1,1,-1,1,1,1,-1
JLRTVX,R,0.65,0,3,-8.32,-1,-1,1,-1,1,-1,1,1,1,-1,-1,-1,-1,-1,1,-1,1,1,-1,1,-1,1,1,1,-1
JLRTVX,R,0.65,0,4,-9.92,-1,-1,-1,-1,1,-1,1,1,1,-1,-1,-1,-1,-1,1,-1,1,1,-1,1,-1,1,1,1,-1
JLRTVX,R,0.65,0,5,-9.92,-1,-1,-1,-1,1,-1,1,1,1,-1,-1,-1,-1,-1,1,-1,1,1,-1,1,-1,1,1,1,-1
JLRTVX,T,0.05,0,0,-9.280000000000001,1,1,1,1,1,-1,-1,1,-1,1,-1,-1,1,-1,-1,-1,-1,1,-1,-1,-1,-1,1,-1,-1
JLRTVX,T,0.05,0,1,-11.36,1,1,1,1,1,-1,-1,1,-1,-1,-1,-1,1,-1,-1,-1,-1,1,-1,-1,-1,-1,1,-1,-1
JLRTVX,T,0.05,0,2,-11.36,1,1,1,1,1,-1,-1,1,-1,-1,-1,-1,1,-1,-1,-1,-1,1,-1,-1,-1,-1,1,-1,-1
JLRTVX,T,0.1,0,0,-9.280000000000001,1,1,1,1,1,-1,-1,1,-1,1,-1,-1,1,-1,-1,-1,-1,1,-1,-1,-1,-1,1,-1,-1
JLRTVX,T,0.1,0,1,-11.36,1,1,1,1,1,-1,-1,1,-1,-1,-1,-1,1,-1,-1,-1,-1,1,-1,-1,-1,-1,1,-1,-1
JLRTVX,T,0.1,0,2,-11.36,1,1,1,1,1,-1,-1,1,-1,-1,-1,-1,1,-1,-1,-1,-1,1,-1,-1,-1,-1,1,-1,-1
JLRTVX,T,0.15,0,0,-6.24,1,1,-1,1,1,-1,-1,1,-1,1,-1,-1,1,-1,-1,-1,1,1,-1,-1,-1,-1,1,-1,-1
JLRTVX,T,0.15,0,1,-10.879999999999999,1,1,1,1,1,-1,-1,1,-1,-1,-1,-1,1,-1,-1,-1,-1,1,1,-1,-1,-1,1,-1,-1
JLRTVX,T,0.15,0,2,-11.36,1,1,1,1,1,-1,-1,1,-1,-1,-1,-1,1,-1,-1,-1,-1,1,-1,-1,-1,-1,1,-1,-1
JLRTVX,T,0.15,0,3,-11.36,1,1,1,1,1,-1,-1,1,-1,-1,-1,-1,1,-1,-1,-1,-1,1,-1,-1,-1,-1,1,-1,-1
JLRTVX,T,0.2,0,0,-6.24,1,1,-1,1,1,-1,-1,1,-1,1,-1,-1,1,-1,-1,-1,1,1,-1,-1,-1,-1,1,-1,-1
JLRTVX,T,0.2,0,1,-10.879999999999999,1,1,1,1,1,-1,-1,1,-1,-1,-1,-1,1,-1,-1,-1,-1,1,1,-1,-1,-1,1,-1,-1
JLRTVX,T,0.2,0,2,-11.36,1,1,1,1,1,-1,-1,1,-1,-1,-1,-1,1,-1,-1,-1,-1,1,-1,-1,-1,-1,1,-1,-1
JLRTVX,T,0.2,0,3,-11.36,1,1,1,1,1,-1,-1,1,-1,-1,-1,-1,1,-1,-1,-1,-1,1,-1,-1,-1,-1,1,-1,-1
JLRTVX,T,0.25,0,0,-6.4,1,1,-1,1,1,-1,-1,1,-1,1,-1,-1,1,-1,-1,-1,1,1,1,-1,-1,-1,1,-1,-1
JLRTVX,T,0.25,0,1,-11.2,1,1,1,1,1,-1,-1,-1,-1,-1,-1,-1,1,-1,-1,-1,-1,-1,1,-1,-1,-1,1,-1,-1
JLRTVX,T,0.25,0,2,-11.2,1,1,1,1,1,-1,-1,-1,-1,-1,-1,-1,1,-1,-1,-1,-1,-1,1,-1,-1,-1,1,-1,-1
JLRTVX,T,0.3,0,0,-2.8800000000000003,1,1,-1,1,1,-1,-1,1,-1,1,-1,-1,1,-1,-1,-1,1,1,1,1,-1,1,1,-1,-1
JLRTVX,T,0.3,0,1,-8.96,1,1,1,1,1,-1,-1,1,1,-1,-1,-1,1,-1,1,-1,-1,1,-1,-1,-1,-1,1,-1,-1
JLRTVX,T,0.3,0,2,-11.36,1,1,1,1,1,-1,-1,1,-1,-1,-1,-1,1,-1,-1,-1,-1,1,-1,-1,-1,-1,1,-1,-1
JLRTVX,T,0.3,0,3,-11.36,1,1,1,1,1,-1,-1,1,-1,-1,-1,-1,1,-1,-1,-1,-1,1,-1,-1,-1,-1,1,-1,-1
JLRTVX,T,0.35,0,0,-1.1200000000000003,1,1,-1,1,-1,-1,-1,1,-1,1,-1,-1,-1,-1,1,-1,1,1,1,1,-1,1,1,-1,-1
JLRTVX,T,0.35,0,1,-7.2,-1,1,1,1,1,-1,-1,1,1,-1,-1,-1,-1,-1,1,-1,-1,1,-1,-1,-1,-1,1,-1,-1
JLRTVX,T,0.35,0,2,-10.239999999999998,1,1,1,1,1,-1,-1,1,-1,-1,-1,-1,1,-1,-1,-1,-1,1,-1,-1,-1,1,1,-1,-1
JLRTVX,T,0.35,0,3,-11.36,1,1,1,1,1,-1,-1,1,-1,-1,-1,-1,1,-1,-1,-1,-1,1,-1,-1,-1,-1,1,-1,-1
JLRTVX,T,0.35,0,4,-11.36,1,1,1,1,1,-1,-1,1,-1,-1,-1,-1,1,-1,-1,-1,-1,1,-1,-1,-1,-1,1,-1,-1
JLRTVX,T,0.4,0,0,-1.1200000000000003,1,1,-1,1,-1,-1,-1,1,-1,1,-1,-1,-1,-1,1,-1,1,1,1,1,-1,1,1,-1,-1
JLRTVX,T,0.4,0,1,-7.2,-1,1,1,1,1,-1,-1,1,1,-1,-1,-1,-1,-1,1,-1,-1,1,-1,-1,-1,-1,1,-1,-1
JLRTVX,T,0.4,0,2,-10.239999999999998,1,1,1,1,1,-1,-1,1,-1,-1,-1,-1,1,-1,-1,-1,-1,1,-1,-1,-1,1,1,-1,-1
JLRTVX,T,0.4,0,3,-11.36,1,1,1,1,1,-1,-1,1,-1,-1,-1,-1,1,-1,-1,-1,-1,1,-1,-1,-1,-1,1,-1,-1
JLRTVX,T,0.4,0,4,-11.36,1,1,1,1,1,-1,-1,1,-1,-1,-1,-1,1,-1,-1,-1,-1,1,-1,-1,-1,-1,1,-1,-1
JLRTVX,T,0.45,0,0,-1.1200000000000003,1,1,-1,1,-1,1,-1,-1,-1,1,-1,-1,-1,-1,1,-1,1,-1,1,1,-1,1,1,-1,-1
JLRTVX,T,0.45,0,1,-9.120000000000001,1,-1,-1,-1,1,1,-1,-1,-1,1,1,-1,-1,-1,1,-1,-1,-1,1,-1,-1,-1,1,-1,-1
JLRTVX,T,0.45,0,2,-9.92,1,-1,-1,-1,1,1,-1,-1,-1,1,1,-1,-1,-1,-1,-1,1,-1,1,-1,-1,-1,1,-1,-1
JLRTVX,T,0.45,0,3,-10.08,1,-1,-1,-1,1,1,-1,-1,-1,-1,1,-1,-1,-1,1,-1,1,-1,1,-1,-1,-1,1,-1,-1
JLRTVX,T,0.45,0,4,-9.92,1,-1,-1,-1,1,1,-1,-1,-1,1,1,-1,-1,-1,-1,-1,1,-1,1,-1,-1,-1,1,-1,-1
JLRTVX,T,0.5,0,0,0.31999999999999984,1,1,-1,1,-1,1,-1,-1,-1,1,-1,-1,-1,-1,1,1,1,-1,1,1,-1,1,-1,-1,-1
JLRTVX,T,0.5,0,1,-6.08,1,-1,1,-1,1,1,-1,-1,-1,1,1,-1,-1,1,1,-1,-1,-1,1,-1,-1,-1,1,-1,-1
JLRTVX,T,0.5,0,2,-9.92,1,-1,-1,-1,1,1,-1,-1,-1,1,1,-1,-1,-1,-1,-1,1,-1,1,-1,-1,-1,1,-1,-1
JLRTVX,T,0.5,0,3,-10.08,1,-1,-1,-1,1,1,-1,-1,-1,-1,1,-1,-1,-1,1,-1,1,-1,1,-1,-1,-1,1,-1,-1
JLRTVX,T,0.5,0,4,-9.92,1,-1,-1,-1,1,1,-1,-1,-1,1,1,-1,-1,-1,-1,-1,1,-1,1,-1,-1,-1,1,-1,-1
JLRTVX,T,0.55,0,0,1.3877787807814457e-16,-1,1,-1,1,-1,1,-1,-1,1,1,-1,1,-1,-1,1,1,1,-1,1,1,-1,1,-1,-1,-1
JLRTVX,T,0.55,0,1,-4.640000000000001,-1,-1,1,-1,1,1,1,1,1,1,1,1,-1,1,1,1,1,1,1,1,-1,1,1,1,-1
JLRTVX,T,0.55,0,2,-8.32,-1,-1,-1,-1,-1,1,1,1,1,1,1,1,-1,1,1,-1,1,1,-1,1,-1,1,-1,1,-1
JLRTVX,T,0.55,0,3,-10.719999999999999,-1,-1,-1,-1,-1,1,1,1,1,1,1,1,-1,-1,1,-1,1,1,-1,1,1,1,-1,1,1
JLRTVX,T,0.55,0,4,-10.879999999999999,-1,-1,-1,-1,-1,1,1,1,-1,1,1,1,1,-1,1,-1,1,1,-1,1,1,1,-1,1,1
JLRTVX,T,0.55,0,5,-11.36,-1,-1,-1,-1,-1,1,1,1,-1,1,1,1,1,-1,1,-1,1,1,-1,1,1,-1,-1,1,1
JLRTVX,T,0.55,0,6,-11.36,-1,-1,-1,-1,-1,1,1,1,-1,1,1,1,1,-1,1,-1,1,1,-1,1,1,-1,-1,1,1
JLRTVX,T,0.6,0,0,1.3877787807814457e-16,-1,1,-1,1,-1,1,-1,-1,1,1,-1,1,-1,-1,1,1,1,-1,1,1,-1,1,-1,-1,-1
JLRTVX,T,0.6,0,1,-4.640000000000001,-1,-1,1,-1,1,1,1,1,1,1,1,1,-1,1,1,1,1,1,1,1,-1,1,1,1,-1
JLRTVX,T,0.6,0,2,-8.32,-1,-1,-1,-1,-1,1,1,1,1,1,1,1,-1,1,1,-1,1,1,-1,1,-1,1,-1,1,-1
JLRTVX,T,0.6,0,3,-10.719999999999999,-1,-1,-1,-1,-1,1,1,1,1,1,1,1,-1,-1,1,-1,1,1,-1,1,1,1,-1,1,1
JLRTVX,T,0.6,0,4,-10.879999999999999,-1,-1,-1,-1,-1,1,1,1,-1,1,1,1,1,-1,1,-1,1,1,-1,1,1,1,-1,1,1
JLRTVX,T,0.6,0,5,-11.36,-1,-1,-1,-1,-1,1,1,1,-1,1,1,1,1,-1,1,-1,1,1,-1,1,1,-1,-1,1,1
JLRTVX,T,0.6,0,6,-11.36,-1,-1,-1,-1,-1,1,1,1,-1,1,1,1,1,-1,1,-1,1,1,-1,1,1,-1,-1,1,1
JLRTVX,T,0.65,0,0,1.3877787807814457e-16,-1,1,-1,1,-1,1,-1,-1,1,1,-1,1,-1,-1,1,1,1,-1,1,1,-1,1,-1,-1,-1
JLRTVX,T,0.65,0,1,-4.640000000000001,-1,-1,1,-1,1,1,1,1,1,1,1,1,-1,1,1,1,1,1,1,1,-1,1,1,1,-1
JLRTVX,T,0.65,0,2,-8.32,-1,-1,-1,-1,-1,1,1,1,1,1,1,1,-1,1,1,-1,1,1,-1,1,-1,1,-1,1,-1
JLRTVX,T,0.65,0,3,-10.719999999999999,-1,-1,-1,-1,-1,1,1,1,1,1,1,1,-1,-1,1,-1,1,1,-1,1,1,1,-1,1,1
JLRTVX,T,0.65,0,4,-10.879999999999999,-1,-1,-1,-1,-1,1,1,1,-1,1,1,1,1,-1,1,-1,1,1,-1,1,1,1,-1,1,1
JLRTVX,T,0.65,0,5,-11.36,-1,-1,-1,-1,-1,1,1,1,-1,1,1,1,1,-1,1,-1,1,1,-1,1,1,-1,-1,1,1
JLRTVX,T,0.65,0,6,-11.36,-1,-1,-1,-1,-1,1,1,1,-1,1,1,1,1,-1,1,-1,1,1,-1,1,1,-1,-1,1,1
JLRTVX,V,0.05,0,0,-10.08,1,-1,-1,-1,1,1,-1,-1,-1,-1,1,-1,-1,-1,1,-1,1,-1,1,-1,-1,-1,1,-1,-1
JLRTVX,V,0.05,0,1,-9.92,1,-1,-1,-1,1,1,-1,-1,-1,1,1,-1,-1,-1,-1,-1,1,-1,1,-1,-1,-1,1,-1,-1
JLRTVX,V,0.05,0,2,-10.08,1,-1,-1,-1,1,1,-1,-1,-1,-1,1,-1,-1,-1,1,-1,1,-1,1,-1,-1,-1,1,-1,-1
JLRTVX,V,0.1,0,0,-10.08,1,-1,-1,-1,1,1,-1,-1,-1,-1,1,-1,-1,-1,1,-1,1,-1,1,-1,-1,-1,1,-1,-1
JLRTVX,V,0.1,0,1,-9.92,1,-1,-1,-1,1,1,-1,-1,-1,1,1,-1,-1,-1,-1,-1,1,-1,1,-1,-1,-1,1,-1,-1
JLRTVX,V,0.1,0,2,-10.08,1,-1,-1,-1,1,1,-1,-1,-1,-1,1,-1,-1,-1,1,-1,1,-1,1,-1,-1,-1,1,-1,-1
JLRTVX,V,0.15,0,0,-7.359999999999999,1,-1,1,-1,1,1,-1,-1,-1,-1,1,-1,-1,-1,1,-1,-1,-1,1,-1,-1,-1,1,-1,-1
JLRTVX,V,0.15,0,1,-9.92,1,-1,-1,-1,1,1,-1,-1,-1,1,1,-1,-1,-1,-1,-1,1,-1,1,-1,-1,-1,1,-1,-1
JLRTVX,V,0.15,0,2,-10.08,1,-1,-1,-1,1,1,-1,-1,-1,-1,1,-1,-1,-1,1,-1,1,-1,1,-1,-1,-1,1,-1,-1
JLRTVX,V,0.15,0,3,-9.92,1,-1,-1,-1,1,1,-1,-1,-1,1,1,-1,-1,-1,-1,-1,1,-1,1,-1,-1,-1,1,-1,-1
JLRTVX,V,0.2,0,0,-7.359999999999999,1,-1,1,-1,1,1,-1,-1,-1,-1,1,-1,-1,-1,1,-1,-1,-1,1,-1,-1,-1,1,-1,-1
JLRTVX,V,0.2,0,1,-9.92,1,-1,-1,-1,1,1,-1,-1,-1,1,1,-1,-1,-1,-1,-1,1,-1,1,-1,-1,-1,1,-1,-1
JLRTVX,V,0.2,0,2,-10.08,1,-1,-1,-1,1,1,-1,-1,-1,-1,1,-1,-1,-1,1,-1,1,-1,1,-1,-1,-1,1,-1,-1
JLRTVX,V,0.2,0,3,-9.92,1,-1,-1,-1,1,1,-1,-1,-1,1,1,-1,-1,-1,-1,-1,1,-1,1,-1,-1,-1,1,-1,-1
JLRTVX,V,0.25,0,0,-6.5600000000000005,1,-1,1,-1,1,1,-1,-1,-1,-1,1,-1,-1,-1,1,-1,-1,-1,-1,-1,-1,-1,1,-1,-1
JLRTVX,V,0.25,0,1,-10.08,1,-1,-1,-1,1,1,-1,-1,-1,-1,1,-1,-1,-1,-1,-1,1,-1,1,-1,-1,-1,1,-1,-1
JLRTVX,V,0.25,0,2,-10.08,1,-1,-1,-1,1,1,-1,-1,-1,-1,1,-1,-1,-1,-1,-1,1,-1,1,-1,-1,-1,1,-1,-1
JLRTVX,V,0.3,0,0,-3.68,1,-1,1,-1,1,1,-1,-1,-1,-1,1,-1,-1,-1,1,-1,-1,-1,-1,1,-1,1,1,-1,-1
JLRTVX,V,0.3,0,1,-10.08,1,-1,-1,-1,1,1,-1,-1,-1,-1,1,-1,-1,-1,-1,-1,1,-1,1,-1,-1,-1,1,-1,-1
JLRTVX,V,0.3,0,2,-10.08,1,-1,-1,-1,1,1,-1,-1,-1,-1,1,-1,-1,-1,-1,-1,1,-1,1,-1,-1,-1,1,-1,-1
JLRTVX,V,0.35,0,0,-1.5999999999999999,1,-1,1,-1,-1,1,-1,-1,-1,-1,1,-1,1,-1,-1,-1,-1,-1,-1,1,-1,1,1,-1,-1
JLRTVX,V,0.35,0,1,-8.16,1,-1,-1,-1,1,1,-1,-1,-1,-1,1,-1,-1,-1,-1,1,-1,-1,-1,-1,-1,-1,1,-1,-1
JLRTVX,V,0.35,0,2,-8.8,1,-1,-1,-1,1,1,-1,-1,-1,-1,1,-1,-1,-1,-1,-1,-1,-1,1,-1,-1,1,1,-1,-1
JLRTVX,V,0.35,0,3,-8.8,1,-1,-1,-1,1,1,-1,-1,-1,-1,1,-1,-1,-1,-1,1,1,-1,1,-1,-1,-1,1,-1,-1
JLRTVX,V,0.35,0,4,-9.6,1,-1,-1,-1,1,1,-1,-1,-1,-1,1,-1,-1,-1,-1,-1,-1,-1,1,-1,-1,-1,1,-1,-1
JLRTVX,V,0.35,0,5,-10.08,1,-1,-1,-1,1,1,-1,-1,-1,-1,1,-1,-1,-1,-1,-1,1,-1,1,-1,-1,-1,1,-1,-1
JLRTVX,V,0.35,0,6,-10.08,1,-1,-1,-1,1,1,-1,-1,-1,-1,1,-1,-1,-1,-1,-1,1,-1,1,-1,-1,-1,1,-1,-1
JLRTVX,V,0.4,0,0,-1.5999999999999999,1,-1,1,-1,-1,1,-1,-1,-1,-1,1,-1,1,-1,-1,-1,-1,-1,-1,1,-1,1,1,-1,-1
JLRTVX,V,0.4,0,1,-8.16,1,-1,-1,-1,1,1,-1,-1,-1,-1,1,-1,-1,-1,-1,1,-1,-1,-1,-1,-1,-1,1,-1,-1
JLRTVX,V,0.4,0,2,-8.8,1,-1,-1,-1,1,1,-1,-1,-1,-1,1,-1,-1,-1,-1,-1,-1,-1,1,-1,-1,1,1,-1,-1
JLRTVX,V,0.4,0,3,-8.8,1,-1,-1,-1,1,1,-1,-1,-1,-1,1,-1,-1,-1,-1,1,1,-1,1,-1,-1,-1,1,-1,-1
JLRTVX,V,0.4,0,4,-9.6,1,-1,-1,-1,1,1,-1,-1,-1,-1,1,-1,-1,-1,-1,-1,-1,-1,1,-1,-1,-1,1,-1,-1
JLRTVX,V,0.4,0,5,-10.08,1,-1,-1,-1,1,1,-1,-1,-1,-1,1,-1,-1,-1,-1,-1,1,-1,1,-1,-1,-1,1,-1,-1
JLRTVX,V,0.4,0,6,-10.08,1,-1,-1,-1,1,1,-1,-1,-1,-1,1,-1,-1,-1,-1,-1,1,-1,1,-1,-1,-1,1,-1,-1
JLRTVX,V,0.45,0,0,-1.6,1,-1,1,-1,-1,-1,-1,1,-1,-1,1,-1,1,-1,-1,-1,-1,1,-1,1,-1,1,1,-1,-1
JLRTVX,V,0.45,0,1,-8.16,1,1,1,1,1,-1,-1,1,-1,-1,-1,-1,-1,-1,-1,-1,-1,1,-1,-1,-1,-1,1,1,-1
JLRTVX,V,0.45,0,2,-10.239999999999998,1,1,1,1,1,-1,-1,1,-1,-1,-1,-1,1,-1,-1,-1,-1,1,-1,-1,-1,1,1,-1,-1
JLRTVX,V,0.45,0,3,-11.36,1,1,1,1,1,-1,-1,1,-1,-1,-1,-1,1,-1,-1,-1,-1,1,-1,-1,-1,-1,1,-1,-1
JLRTVX,V,0.45,0,4,-11.36,1,1,1,1,1,-1,-1,1,-1,-1,-1,-1,1,-1,-1,-1,-1,1,-1,-1,-1,-1,1,-1,-1
JLRTVX,V,0.5,0,0,0.4800000000000001,1,-1,1,-1,-1,-1,-1,1,-1,-1,1,-1,1,-1,-1,1,-1,1,-1,1,-1,1,-1,-1,-1
JLRTVX,V,0.5,0,1,-8.16,1,1,1,1,1,-1,-1,1,-1,-1,-1,-1,-1,-1,-1,-1,-1,1,-1,-1,-1,-1,1,1,-1
JLRTVX,V,0.5,0,2,-10.239999999999998,1,1,1,1,1,-1,-1,1,-1,-1,-1,-1,1,-1,-1,-1,-1,1,-1,-1,-1,1,1,-1,-1
JLRTVX,V,0.5,0,3,-11.36,1,1,1,1,1,-1,-1,1,-1,-1,-1,-1,1,-1,-1,-1,-1,1,-1,-1,-1,-1,1,-1,-1
JLRTVX,V,0.5,0,4,-11.36,1,1,1,1,1,-1,-1,1,-1,-1,-1,-1,1,-1,-1,-1,-1,1,-1,-1,-1,-1,1,-1,-1
JLRTVX,V,0.55,0,0,0.48000000000000026,-1,-1,1,-1,-1,-1,-1,1,1,-1,1,1,1,-1,-1,1,-1,1,-1,1,-1,1,-1,-1,-1
JLRTVX,V,0.55,0,1,-5.76,-1,1,1,1,-1,-1,1,1,-1,-1,-1,1,1,1,1,-1,-1,1,-1,1,1,1,1,1,1
JLRTVX,V,0.55,0,2,-9.12,-1,1,1,1,-1,-1,1,1,1,1,-1,1,1,1,-1,1,-1,1,-1,1,-1,1,-1,1,-1
JLRTVX,V,0.55,0,3,-9.92,-1,1,1,1,-1,-1,1,1,1,-1,-1,1,1,1,1,1,-1,1,-1,1,1,1,-1,1,1
JLRTVX,V,0.55,0,4,-10.08,-1,1,1,1,-1,-1,1,1,1,1,-1,1,1,1,-1,1,-1,1,-1,1,1,1,-1,1,1
JLRTVX,V,0.55,0,5,-9.92,-1,1,1,1,-1,-1,1,1,1,-1,-1,1,1,1,1,1,-1,1,-1,1,1,1,-1,1,1
JLRTVX,V,0.6,0,0,0.48000000000000026,-1,-1,1,-1,-1,-1,-1,1,1,-1,1,1,1,-1,-1,1,-1,1,-1,1,-1,1,-1,-1,-1
JLRTVX,V,0.6,0,1,-5.76,-1,1,1,1,-1,-1,1,1,-1,-1,-1,1,1,1,1,-1,-1,1,-1,1,1,1,1,1,1
JLRTVX,V,0.6,0,2,-9.12,-1,1,1,1,-1,-1,1,1,1,1,-1,1,1,1,-1,1,-1,1,-1,1,-1,1,-1,1,-1
JLRTVX,V,0.6,0,3,-9.92,-1,1,1,1,-1,-1,1,1,1,-1,-1,1,1,1,1,1,-1,1,-1,1,1,1,-1,1,1
JLRTVX,V,0.6,0,4,-10.08,-1,1,1,1,-1,-1,1,1,1,1,-1,1,1,1,-1,1,-1,1,-1,1,1,1,-1,1,1
JLRTVX,V,0.6,0,5,-9.92,-1,1,1,1,-1,-1,1,1,1,-1,-1,1,1,1,1,1,-1,1,-1,1,1,1,-1,1,1
JLRTVX,V,0.65,0,0,0.48000000000000026,-1,-1,1,-1,-1,-1,-1,1,1,-1,1,1,1,-1,-1,1,-1,1,-1,1,-1,1,-1,-1,-1
JLRTVX,V,0.65,0,1,-5.76,-1,1,1,1,-1,-1,1,1,-1,-1,-1,1,1,1,1,-1,-1,1,-1,1,1,1,1,1,1
JLRTVX,V,0.65,0,2,-9.12,-1,1,1,1,-1,-1,1,1,1,1,-1,1,1,1,-1,1,-1,1,-1,1,-1,1,-1,1,-1
JLRTVX,V,0.65,0,3,-9.92,-1,1,1,1,-1,-1,1,1,1,-1,-1,1,1,1,1,1,-1,1,-1,1,1,1,-1,1,1
JLRTVX,V,0.65,0,4,-10.08,-1,1,1,1,-1,-1,1,1,1,1,-1,1,1,1,-1,1,-1,1,-1,1,1,1,-1,1,1
JLRTVX,V,0.65,0,5,-9.92,-1,1,1,1,-1,-1,1,1,1,-1,-1,1,1,1,1,1,-1,1,-1,1,1,1,-1,1,1
JLRTVX,X,0.05,0,0,-8.64,1,-1,-1,-1,1,-1,1,-1,1,1,-1,-1,1,-1,-1,-1,1,-1,1,-1,1,-1,-1,-1,1
JLRTVX,X,0.05,0,1,-10.08,1,-1,-1,-1,1,-1,1,-1,1,-1,-1,-1,1,-1,-1,-1,1,-1,1,-1,1,-1,-1,-1,1
JLRTVX,X,0.05,0,2,-10.08,1,-1,-1,-1,1,-1,1,-1,1,-1,-1,-1,1,-1,-1,-1,1,-1,1,-1,1,-1,-1,-1,1
JLRTVX,X,0.1,0,0,-8.64,1,-1,-1,-1,1,-1,1,-1,1,1,-1,-1,1,-1,-1,-1,1,-1,1,-1,1,-1,-1,-1,1
JLRTVX,X,0.1,0,1,-10.08,1,-1,-1,-1,1,-1,1,-1,1,-1,-1,-1,1,-1,-1,-1,1,-1,1,-1,1,-1,-1,-1,1
JLRTVX,X,0.1,0,2,-10.08,1,-1,-1,-1,1,-1,1,-1,1,-1,-1,-1,1,-1,-1,-1,1,-1,1,-1,1,-1,-1,-1,1
JLRTVX,X,0.15,0,0,-5.279999999999999,1,-1,1,-1,1,-1,1,-1,1,1,-1,-1,1,-1,-1,-1,-1,-1,1,-1,1,-1,-1,-1,1
JLRTVX,X,0.15,0,1,-10.08,1,-1,-1,-1,1,-1,1,-1,1,-1,-1,-1,1,-1,-1,-1,1,-1,1,-1,1,-1,-1,-1,1
JLRTVX,X,0.15,0,2,-10.08,1,-1,-1,-1,1,-1,1,-1,1,-1,-1,-1,1,-1,-1,-1,1,-1,1,-1,1,-1,-1,-1,1
JLRTVX,X,0.2,0,0,-5.279999999999999,1,-1,1,-1,1,-1,1,-1,1,1,-1,-1,1,-1,-1,-1,-1,-1,1,-1,1,-1,-1,-1,1
JLRTVX,X,0.2,0,1,-10.08,1,-1,-1,-1,1,-1,1,-1,1,-1,-1,-1,1,-1,-1,-1,1,-1,1,-1,1,-1,-1,-1,1
JLRTVX,X,0.2,0,2,-10.08,1,-1,-1,-1,1,-1,1,-1,1,-1,-1,-1,1,-1,-1,-1,1,-1,1,-1,1,-1,-1,-1,1
JLRTVX,X,0.25,0,0,-3.5199999999999996,1,-1,1,-1,1,-1,1,-1,1,1,-1,-1,1,-1,-1,-1,-1,-1,-1,-1,1,-1,-1,-1,1
JLRTVX,X,0.25,0,1,-10.08,1,-1,-1,-1,1,-1,1,-1,1,-1,-1,-1,1,-1,-1,-1,1,-1,1,-1,1,-1,-1,-1,1
JLRTVX,X,0.25,0,2,-10.08,1,-1,-1,-1,1,-1,1,-1,1,-1,-1,-1,1,-1,-1,-1,1,-1,1,-1,1,-1,-1,-1,1
JLRTVX,X,0.3,0,0,-0.6399999999999999,1,-1,1,-1,1,-1,1,-1,1,1,-1,-1,1,-1,-1,-1,-1,-1,-1,1,1,1,-1,-1,1
JLRTVX,X,0.3,0,1,-10.08,1,-1,-1,-1,1,-1,1,-1,1,-1,-1,-1,1,-1,-1,-1,1,-1,1,-1,1,-1,-1,-1,1
JLRTVX,X,0.3,0,2,-10.08,1,-1,-1,-1,1,-1,1,-1,1,-1,-1,-1,1,-1,-1,-1,1,-1,1,-1,1,-1,-1,-1,1
JLRTVX,X,0.35,0,0,1.1199999999999999,1,-1,1,-1,-1,-1,1,-1,1,1,-1,-1,-1,-1,1,-1,-1,-1,-1,1,1,1,-1,-1,1
JLRTVX,X,0.35,0,1,-4.800000000000001,-1,-1,-1,-1,1,1,1,-1,1,-1,1,-1,1,-1,-1,1,1,-1,1,-1,1,-1,-1,1,1
JLRTVX,X,0.35,0,2,-7.52,1,-1,-1,-1,-1,1,1,-1,1,1,1,-1,-1,-1,-1,-1,1,-1,1,-1,1,-1,-1,-1,1
JLRTVX,X,0.35,0,3,-8.8,1,-1,-1,-1,1,1,1,-1,-1,1,1,-1,1,-1,1,-1,1,-1,1,-1,1,-1,-1,-1,1
JLRTVX,X,0.35,0,4,-8.48,1,-1,-1,-1,1,1,1,-1,-1,1,1,-1,-1,-1,-1,-1,1,-1,1,-1,1,-1,-1,-1,1
JLRTVX,X,0.35,0,5,-8.8,1,-1,-1,-1,1,1,-1,-1,-1,1,1,-1,1,-1,1,-1,1,-1,1,-1,1,-1,-1,-1,1
JLRTVX,X,0.35,0,6,-8.48,1,-1,-1,-1,1,1,1,-1,-1,1,1,-1,-1,-1,-1,-1,1,-1,1,-1,1,-1,-1,-1,1
JLRTVX,X,0.4,0,0,1.1199999999999999,1,-1,1,-1,-1,-1,1,-1,1,1,-1,-1,-1,-1,1,-1,-1,-1,-1,1,1,1,-1,-1,1
JLRTVX,X,0.4,0,1,-4.800000000000001,-1,-1,-1,-1,1,1,1,-1,1,-1,1,-1,1,-1,-1,1,1,-1,1,-1,1,-1,-1,1,1
JLRTVX,X,0.4,0,2,-7.52,1,-1,-1,-1,-1,1,1,-1,1,1,1,-1,-1,-1,-1,-1,1,-1,1,-1,1,-1,-1,-1,1
JLRTVX,X,0.4,0,3,-8.8,1,-1,-1,-1,1,1,1,-1,-1,1,1,-1,1,-1,1,-1,1,-1,1,-1,1,-1,-1,-1,1
JLRTVX,X,0.4,0,4,-8.48,1,-1,-1,-1,1,1,1,-1,-1,1,1,-1,-1,-1,-1,-1,1,-1,1,-1,1,-1,-1,-1,1
JLRTVX,X,0.4,0,5,-8.8,1,-1,-1,-1,1,1,-1,-1,-1,1,1,-1,1,-1,1,-1,1,-1,1,-1,1,-1,-1,-1,1
JLRTVX,X,0.4,0,6,-8.48,1,-1,-1,-1,1,1,1,-1,-1,1,1,-1,-1,-1,-1,-1,1,-1,1,-1,1,-1,-1,-1,1
JLRTVX,X,0.45,0,0,1.12,1,-1,1,-1,-1,1,1,1,1,1,-1,-1,-1,-1,1,-1,-1,1,-1,1,1,1,-1,-1,1
JLRTVX,X,0.45,0,1,-7.999999999999999,-1,-1,-1,-1,-1,-1,1,1,-1,-1,1,1,1,-1,1,-1,1,1,-1,1,1,-1,-1,1,1
JLRTVX,X,0.45,0,2,-10.88,-1,-1,-1,-1,-1,1,1,1,1,1,1,1,1,-1,1,-1,1,1,-1,1,1,-1,-1,1,1
JLRTVX,X,0.45,0,3,-11.36,-1,-1,-1,-1,-1,1,1,1,-1,1,1,1,1,-1,1,-1,1,1,-1,1,1,-1,-1,1,1
JLRTVX,X,0.45,0,4,-11.36,-1,-1,-1,-1,-1,1,1,1,-1,1,1,1,1,-1,1,-1,1,1,-1,1,1,-1,-1,1,1
JLRTVX,X,0.5,0,0,1.2800000000000002,1,-1,1,-1,-1,1,1,1,1,1,-1,-1,-1,-1,1,1,-1,1,-1,1,1,1,1,-1,1
JLRTVX,X,0.5,0,1,-1.6,-1,-1,-1,-1,-1,1,1,-1,-1,-1,1,1,-1,1,-1,-1,1,-1,-1,1,-1,1,-1,1,-1
JLRTVX,X,0.5,0,2,-9.280000000000001,-1,-1,-1,-1,-1,1,1,1,1,1,1,1,-1,-1,1,1,1,1,-1,1,1,1,1,1,1
JLRTVX,X,0.5,0,3,-11.04,-1,-1,-1,-1,-1,1,1,1,-1,1,1,1,-1,1,1,1,1,1,-1,1,1,1,-1,1,1
JLRTVX,X,0.5,0,4,-11.2,-1,-1,-1,-1,-1,1,1,1,1,1,1,1,-1,1,1,1,1,1,-1,1,1,1,-1,1,1
JLRTVX,X,0.5,0,5,-11.2,-1,-1,-1,-1,-1,1,1,1,1,1,1,1,-1,1,1,1,1,1,-1,1,1,1,-1,1,1
JLRTVX,X,0.55,0,0,-1.6,-1,-1,1,-1,-1,1,1,1,-1,1,-1,1,-1,-1,1,1,-1,1,-1,1,1,1,1,-1,1
JLRTVX,X,0.55,0,1,-9.12,-1,1,-1,1,-1,1,1,1,-1,1,1,1,1,1,1,1,1,1,-1,1,1,1,-1,1,1
JLRTVX,X,0.55,0,2,-8.8,-1,-1,1,-1,-1,1,1,1,1,1,1,1,1,1,1,1,-1,1,-1,1,1,1,-1,1,1
JLRTVX,X,0.55,0,3,-9.12,-1,1,-1,1,-1,1,1,1,-1,1,1,1,1,1,1,1,1,1,-1,1,1,1,-1,1,1
JLRTVX,X,0.6,0,0,-1.6,-1,-1,1,-1,-1,1,1,1,-1,1,-1,1,-1,-1,1,1,-1,1,-1,1,1,1,1,-1,1
JLRTVX,X,0.6,0,1,-9.12,-1,1,-1,1,-1,1,1,1,-1,1,1,1,1,1,1,1,1,1,-1,1,1,1,-1,1,1
JLRTVX,X,0.6,0,2,-8.8,-1,-1,1,-1,-1,1,1,1,1,1,1,1,1,1,1,1,-1,1,-1,1,1,1,-1,1,1
JLRTVX,X,0.6,0,3,-9.12,-1,1,-1,1,-1,1,1,1,-1,1,1,1,1,1,1,1,1,1,-1,1,1,1,-1,1,1
JLRTVX,X,0.65,0,0,-1.6,-1,-1,1,-1,-1,1,1,1,-1,1,-1,1,-1,-1,1,1,-1,1,-1,1,1,1,1,-1,1
JLRTVX,X,0.65,0,1,-9.12,-1,1,-1,1,-1,1,1,1,-1,1,1,1,1,1,1,1,1,1,-1,1,1,1,-1,1,1
JLRTVX,X,0.65,0,2,-8.8,-1,-1,1,-1,-1,1,1,1,1,1,1,1,1,1,1,1,-1,1,-1,1,1,1,-1,1,1
JLRTVX,X,0.65,0,3,-9.12,-1,1,-1,1,-1,1,1,1,-1,1,1,1,1,1,1,1,1,1,-1,1,1,1,-1,1,1
