group,letter,noise,sample_idx,pixel,input,output
GRTV,G,0.1,0,0,-1,-1
GRTV,G,0.1,0,1,1,1
GRTV,G,0.1,0,2,1,1
GRTV,G,0.1,0,3,1,1
GRTV,G,0.1,0,4,1,1
GRTV,G,0.1,0,5,1,1
GRTV,G,0.1,0,6,-1,-1
GRTV,G,0.1,0,7,-1,-1
GRTV,G,0.1,0,8,-1,-1
GRTV,G,0.1,0,9,1,-1
GRTV,G,0.1,0,10,1,1
GRTV,G,0.1,0,11,-1,-1
GRTV,G,0.1,0,12,-1,-1
GRTV,G,0.1,0,13,1,1
GRTV,G,0.1,0,14,1,1
GRTV,G,0.1,0,15,1,1
GRTV,G,0.1,0,16,-1,-1
GRTV,G,0.1,0,17,-1,-1
GRTV,G,0.1,0,18,-1,-1
GRTV,G,0.1,0,19,1,1
GRTV,G,0.1,0,20,-1,-1
GRTV,G,0.1,0,21,1,1
GRTV,G,0.1,0,22,1,1
GRTV,G,0.1,0,23,1,1
GRTV,G,0.1,0,24,1,1
GRTV,G,0.2,0,0,-1,-1
GRTV,G,0.2,0,1,1,1
GRTV,G,0.2,0,2,-1,1
GRTV,G,0.2,0,3,1,1
GRTV,G,0.2,0,4,1,1
GRTV,G,0.2,0,5,1,1
GRTV,G,0.2,0,6,-1,-1
GRTV,G,0.2,0,7,-1,-1
GRTV,G,0.2,0,8,-1,-1
GRTV,G,0.2,0,9,1,-1
GRTV,G,0.2,0,10,1,1
GRTV,G,0.2,0,11,-1,-1
GRTV,G,0.2,0,12,-1,-1
GRTV,G,0.2,0,13,1,1
GRTV,G,0.2,0,14,1,1
GRTV,G,0.2,0,15,1,1
GRTV,G,0.2,0,16,1,-1
GRTV,G,0.2,0,17,-1,-1
GRTV,G,0.2,0,18,-1,-1
GRTV,G,0.2,0,19,1,1
GRTV,G,0.2,0,20,-1,-1
GRTV,G,0.2,0,21,1,1
GRTV,G,0.2,0,22,1,1
GRTV,G,0.2,0,23,1,1
GRTV,G,0.2,0,24,1,1
GRTV,G,0.3,0,0,-1,-1
GRTV,G,0.3,0,1,1,1
GRTV,G,0.3,0,2,-1,-1
GRTV,G,0.3,0,3,1,1
GRTV,G,0.3,0,4,1,1
GRTV,G,0.3,0,5,1,1
GRTV,G,0.3,0,6,-1,-1
GRTV,G,0.3,0,7,-1,-1
GRTV,G,0.3,0,8,-1,-1
GRTV,G,0.3,0,9,1,1
GRTV,G,0.3,0,10,1,1
GRTV,G,0.3,0,11,-1,-1
GRTV,G,0.3,0,12,-1,-1
GRTV,G,0.3,0,13,1,1
GRTV,G,0.3,0,14,1,1
GRTV,G,0.3,0,15,1,1
GRTV,G,0.3,0,16,1,1
GRTV,G,0.3,0,17,-1,-1
GRTV,G,0.3,0,18,1,1
GRTV,G,0.3,0,19,-1,-1
GRTV,G,0.3,0,20,-1,-1
GRTV,G,0.3,0,21,-1,-1
GRTV,G,0.3,0,22,1,1
GRTV,G,0.3,0,23,1,1
GRTV,G,0.3,0,24,1,1
GRTV,G,0.4,0,0,-1,1
GRTV,G,0.4,0,1,1,1
GRTV,G,0.4,0,2,-1,1
GRTV,G,0.4,0,3,1,1
GRTV,G,0.4,0,4,-1,-1
GRTV,G,0.4,0,5,1,1
GRTV,G,0.4,0,6,-1,-1
GRTV,G,0.4,0,7,-1,-1
GRTV,G,0.4,0,8,-1,-1
GRTV,G,0.4,0,9,1,1
GRTV,G,0.4,0,10,1,1
GRTV,G,0.4,0,11,-1,1
GRTV,G,0.4,0,12,1,1
GRTV,G,0.4,0,13,1,1
GRTV,G,0.4,0,14,-1,-1
GRTV,G,0.4,0,15,1,1
GRTV,G,0.4,0,16,1,-1
GRTV,G,0.4,0,17,-1,-1
GRTV,G,0.4,0,18,1,1
GRTV,G,0.4,0,19,-1,-1
GRTV,G,0.4,0,20,-1,1
GRTV,G,0.4,0,21,-1,-1
GRTV,G,0.4,0,22,1,-1
GRTV,G,0.4,0,23,1,-1
GRTV,G,0.4,0,24,1,1
GRTV,G,0.45,0,0,-1,1
GRTV,G,0.45,0,1,1,1
GRTV,G,0.45,0,2,-1,1
GRTV,G,0.45,0,3,1,1
GRTV,G,0.45,0,4,-1,-1
GRTV,G,0.45,0,5,-1,1
GRTV,G,0.45,0,6,-1,-1
GRTV,G,0.45,0,7,1,-1
GRTV,G,0.45,0,8,-1,-1
GRTV,G,0.45,0,9,1,1
GRTV,G,0.45,0,10,1,1
GRTV,G,0.45,0,11,-1,1
GRTV,G,0.45,0,12,1,1
GRTV,G,0.45,0,13,1,1
GRTV,G,0.45,0,14,-1,-1
GRTV,G,0.45,0,15,1,1
GRTV,G,0.45,0,16,1,-1
GRTV,G,0.45,0,17,1,-1
GRTV,G,0.45,0,18,1,1
GRTV,G,0.45,0,19,-1,-1
GRTV,G,0.45,0,20,-1,1
GRTV,G,0.45,0,21,-1,-1
GRTV,G,0.45,0,22,1,-1
GRTV,G,0.45,0,23,1,-1
GRTV,G,0.45,0,24,1,1
GRTV,G,0.5,0,0,-1,1
GRTV,G,0.5,0,1,1,1
GRTV,G,0.5,0,2,-1,1
GRTV,G,0.5,0,3,1,1
GRTV,G,0.5,0,4,-1,-1
GRTV,G,0.5,0,5,-1,1
GRTV,G,0.5,0,6,-1,-1
GRTV,G,0.5,0,7,1,-1
GRTV,G,0.5,0,8,-1,-1
GRTV,G,0.5,0,9,1,1
GRTV,G,0.5,0,10,1,1
GRTV,G,0.5,0,11,-1,1
GRTV,G,0.5,0,12,1,1
GRTV,G,0.5,0,13,1,1
GRTV,G,0.5,0,14,-1,-1
GRTV,G,0.5,0,15,-1,1
GRTV,G,0.5,0,16,1,-1
GRTV,G,0.5,0,17,1,-1
GRTV,G,0.5,0,18,1,1
GRTV,G,0.5,0,19,-1,-1
GRTV,G,0.5,0,20,-1,1
GRTV,G,0.5,0,21,-1,-1
GRTV,G,0.5,0,22,-1,-1
GRTV,G,0.5,0,23,1,-1
GRTV,G,0.5,0,24,1,1
GRTV,G,0.55,0,0,1,1
GRTV,G,0.55,0,1,1,-1
GRTV,G,0.55,0,2,-1,-1
GRTV,G,0.55,0,3,1,-1
GRTV,G,0.55,0,4,-1,-1
GRTV,G,0.55,0,5,-1,-1
GRTV,G,0.55,0,6,-1,1
GRTV,G,0.55,0,7,1,1
GRTV,G,0.55,0,8,1,1
GRTV,G,0.55,0,9,1,1
GRTV,G,0.55,0,10,1,-1
GRTV,G,0.55,0,11,1,1
GRTV,G,0.55,0,12,1,1
GRTV,G,0.55,0,13,1,-1
GRTV,G,0.55,0,14,-1,-1
GRTV,G,0.55,0,15,-1,-1
GRTV,G,0.55,0,16,1,1
GRTV,G,0.55,0,17,1,1
GRTV,G,0.55,0,18,1,1
GRTV,G,0.55,0,19,-1,-1
GRTV,G,0.55,0,20,-1,1
GRTV,G,0.55,0,21,-1,-1
GRTV,G,0.55,0,22,-1,-1
GRTV,G,0.55,0,23,1,-1
GRTV,G,0.55,0,24,1,-1
GRTV,G,0.6,0,0,1,1
GRTV,G,0.6,0,1,1,-1
GRTV,G,0.6,0,2,-1,-1
GRTV,G,0.6,0,3,1,-1
GRTV,G,0.6,0,4,-1,-1
GRTV,G,0.6,0,5,-1,-1
GRTV,G,0.6,0,6,-1,1
GRTV,G,0.6,0,7,1,1
GRTV,G,0.6,0,8,1,1
GRTV,G,0.6,0,9,1,1
GRTV,G,0.6,0,10,1,-1
GRTV,G,0.6,0,11,1,1
GRTV,G,0.6,0,12,1,1
GRTV,G,0.6,0,13,1,-1
GRTV,G,0.6,0,14,-1,-1
GRTV,G,0.6,0,15,-1,-1
GRTV,G,0.6,0,16,1,1
GRTV,G,0.6,0,17,1,1
GRTV,G,0.6,0,18,1,1
GRTV,G,0.6,0,19,-1,-1
GRTV,G,0.6,0,20,-1,1
GRTV,G,0.6,0,21,-1,-1
GRTV,G,0.6,0,22,-1,-1
GRTV,G,0.6,0,23,1,-1
GRTV,G,0.6,0,24,1,-1
GRTV,G,0.65,0,0,1,1
GRTV,G,0.65,0,1,1,-1
GRTV,G,0.65,0,2,-1,-1
GRTV,G,0.65,0,3,1,-1
GRTV,G,0.65,0,4,-1,-1
GRTV,G,0.65,0,5,-1,-1
GRTV,G,0.65,0,6,-1,1
GRTV,G,0.65,0,7,1,1
GRTV,G,0.65,0,8,1,1
GRTV,G,0.65,0,9,1,1
GRTV,G,0.65,0,10,1,-1
GRTV,G,0.65,0,11,1,1
GRTV,G,0.65,0,12,1,1
GRTV,G,0.65,0,13,1,-1
GRTV,G,0.65,0,14,-1,-1
GRTV,G,0.65,0,15,-1,-1
GRTV,G,0.65,0,16,1,1
GRTV,G,0.65,0,17,1,1
GRTV,G,0.65,0,18,1,1
GRTV,G,0.65,0,19,-1,-1
GRTV,G,0.65,0,20,-1,1
GRTV,G,0.65,0,21,-1,-1
GRTV,G,0.65,0,22,-1,-1
GRTV,G,0.65,0,23,1,-1
GRTV,G,0.65,0,24,1,-1
GRTV,R,0.1,0,0,1,1
GRTV,R,0.1,0,1,1,1
GRTV,R,0.1,0,2,1,1
GRTV,R,0.1,0,3,1,1
GRTV,R,0.1,0,4,-1,-1
GRTV,R,0.1,0,5,1,1
GRTV,R,0.1,0,6,-1,-1
GRTV,R,0.1,0,7,-1,-1
GRTV,R,0.1,0,8,-1,-1
GRTV,R,0.1,0,9,-1,1
GRTV,R,0.1,0,10,1,1
GRTV,R,0.1,0,11,1,1
GRTV,R,0.1,0,12,1,1
GRTV,R,0.1,0,13,1,1
GRTV,R,0.1,0,14,-1,-1
GRTV,R,0.1,0,15,1,1
GRTV,R,0.1,0,16,-1,-1
GRTV,R,0.1,0,17,-1,-1
GRTV,R,0.1,0,18,1,1
GRTV,R,0.1,0,19,-1,-1
GRTV,R,0.1,0,20,1,1
GRTV,R,0.1,0,21,-1,-1
GRTV,R,0.1,0,22,-1,-1
GRTV,R,0.1,0,23,-1,-1
GRTV,R,0.1,0,24,1,1
GRTV,R,0.2,0,0,1,1
GRTV,R,0.2,0,1,1,1
GRTV,R,0.2,0,2,-1,1
GRTV,R,0.2,0,3,1,1
GRTV,R,0.2,0,4,-1,-1
GRTV,R,0.2,0,5,1,1
GRTV,R,0.2,0,6,-1,-1
GRTV,R,0.2,0,7,-1,-1
GRTV,R,0.2,0,8,-1,-1
GRTV,R,0.2,0,9,-1,1
GRTV,R,0.2,0,10,1,1
GRTV,R,0.2,0,11,1,1
GRTV,R,0.2,0,12,1,1
GRTV,R,0.2,0,13,1,1
GRTV,R,0.2,0,14,-1,-1
GRTV,R,0.2,0,15,1,1
GRTV,R,0.2,0,16,1,-1
GRTV,R,0.2,0,17,-1,-1
GRTV,R,0.2,0,18,1,1
GRTV,R,0.2,0,19,-1,-1
GRTV,R,0.2,0,20,1,1
GRTV,R,0.2,0,21,-1,-1
GRTV,R,0.2,0,22,-1,-1
GRTV,R,0.2,0,23,-1,-1
GRTV,R,0.2,0,24,1,1
GRTV,R,0.3,0,0,1,1
GRTV,R,0.3,0,1,1,1
GRTV,R,0.3,0,2,-1,1
GRTV,R,0.3,0,3,1,1
GRTV,R,0.3,0,4,-1,-1
GRTV,R,0.3,0,5,1,1
GRTV,R,0.3,0,6,-1,-1
GRTV,R,0.3,0,7,-1,-1
GRTV,R,0.3,0,8,-1,-1
GRTV,R,0.3,0,9,-1,1
GRTV,R,0.3,0,10,1,1
GRTV,R,0.3,0,11,1,1
GRTV,R,0.3,0,12,1,1
GRTV,R,0.3,0,13,1,1
GRTV,R,0.3,0,14,-1,-1
GRTV,R,0.3,0,15,1,1
GRTV,R,0.3,0,16,1,-1
GRTV,R,0.3,0,17,-1,-1
GRTV,R,0.3,0,18,-1,1
GRTV,R,0.3,0,19,1,-1
GRTV,R,0.3,0,20,1,1
GRTV,R,0.3,0,21,1,-1
GRTV,R,0.3,0,22,-1,-1
GRTV,R,0.3,0,23,-1,-1
GRTV,R,0.3,0,24,1,1
GRTV,R,0.4,0,0,1,-1
GRTV,R,0.4,0,1,1,1
GRTV,R,0.4,0,2,-1,1
GRTV,R,0.4,0,3,1,1
GRTV,R,0.4,0,4,1,1
GRTV,R,0.4,0,5,1,1
GRTV,R,0.4,0,6,-1,-1
GRTV,R,0.4,0,7,-1,-1
GRTV,R,0.4,0,8,-1,-1
GRTV,R,0.4,0,9,-1,-1
GRTV,R,0.4,0,10,1,1
GRTV,R,0.4,0,11,1,-1
GRTV,R,0.4,0,12,-1,-1
GRTV,R,0.4,0,13,1,1
GRTV,R,0.4,0,14,1,1
GRTV,R,0.4,0,15,1,1
GRTV,R,0.4,0,16,1,-1
GRTV,R,0.4,0,17,-1,-1
GRTV,R,0.4,0,18,-1,-1
GRTV,R,0.4,0,19,1,1
GRTV,R,0.4,0,20,1,-1
GRTV,R,0.4,0,21,1,1
GRTV,R,0.4,0,22,-1,1
GRTV,R,0.4,0,23,-1,1
GRTV,R,0.4,0,24,1,1
GRTV,R,0.45,0,0,1,-1
GRTV,R,0.45,0,1,1,1
GRTV,R,0.45,0,2,-1,1
GRTV,R,0.45,0,3,1,1
GRTV,R,0.45,0,4,1,-1
GRTV,R,0.45,0,5,-1,1
GRTV,R,0.45,0,6,-1,1
GRTV,R,0.45,0,7,1,-1
GRTV,R,0.45,0,8,-1,1
GRTV,R,0.45,0,9,-1,-1
GRTV,R,0.45,0,10,1,-1
GRTV,R,0.45,0,11,1,-1
GRTV,R,0.45,0,12,-1,1
GRTV,R,0.45,0,13,1,1
GRTV,R,0.45,0,14,1,-1
GRTV,R,0.45,0,15,1,1
GRTV,R,0.45,0,16,1,-1
GRTV,R,0.45,0,17,1,-1
GRTV,R,0.45,0,18,-1,-1
GRTV,R,0.45,0,19,1,1
GRTV,R,0.45,0,20,1,-1
GRTV,R,0.45,0,21,1,1
GRTV,R,0.45,0,22,-1,1
GRTV,R,0.45,0,23,-1,1
GRTV,R,0.45,0,24,1,1
GRTV,R,0.5,0,0,1,-1
GRTV,R,0.5,0,1,1,1
GRTV,R,0.5,0,2,-1,1
GRTV,R,0.5,0,3,1,1
GRTV,R,0.5,0,4,1,1
GRTV,R,0.5,0,5,-1,1
GRTV,R,0.5,0,6,-1,-1
GRTV,R,0.5,0,7,1,-1
GRTV,R,0.5,0,8,-1,-1
GRTV,R,0.5,0,9,-1,-1
GRTV,R,0.5,0,10,1,1
GRTV,R,0.5,0,11,1,-1
GRTV,R,0.5,0,12,-1,-1
GRTV,R,0.5,0,13,1,1
GRTV,R,0.5,0,14,1,1
GRTV,R,0.5,0,15,-1,1
GRTV,R,0.5,0,16,1,-1
GRTV,R,0.5,0,17,1,-1
GRTV,R,0.5,0,18,-1,-1
GRTV,R,0.5,0,19,1,1
GRTV,R,0.5,0,20,1,-1
GRTV,R,0.5,0,21,1,1
GRTV,R,0.5,0,22,1,1
GRTV,R,0.5,0,23,-1,1
GRTV,R,0.5,0,24,1,1
GRTV,R,0.55,0,0,-1,-1
GRTV,R,0.55,0,1,1,-1
GRTV,R,0.55,0,2,-1,-1
GRTV,R,0.55,0,3,1,-1
GRTV,R,0.55,0,4,1,1
GRTV,R,0.55,0,5,-1,-1
GRTV,R,0.55,0,6,-1,1
GRTV,R,0.55,0,7,1,1
GRTV,R,0.55,0,8,1,1
GRTV,R,0.55,0,9,-1,-1
GRTV,R,0.55,0,10,1,-1
GRTV,R,0.55,0,11,-1,-1
GRTV,R,0.55,0,12,-1,-1
GRTV,R,0.55,0,13,1,-1
GRTV,R,0.55,0,14,1,1
GRTV,R,0.55,0,15,-1,-1
GRTV,R,0.55,0,16,1,1
GRTV,R,0.55,0,17,1,1
GRTV,R,0.55,0,18,-1,-1
GRTV,R,0.55,0,19,1,1
GRTV,R,0.55,0,20,1,-1
GRTV,R,0.55,0,21,1,1
GRTV,R,0.55,0,22,1,1
GRTV,R,0.55,0,23,-1,1
GRTV,R,0.55,0,24,1,-1
GRTV,R,0.6,0,0,-1,-1
GRTV,R,0.6,0,1,1,-1
GRTV,R,0.6,0,2,-1,-1
GRTV,R,0.6,0,3,1,-1
GRTV,R,0.6,0,4,1,1
GRTV,R,0.6,0,5,-1,-1
GRTV,R,0.6,0,6,-1,1
GRTV,R,0.6,0,7,1,1
GRTV,R,0.6,0,8,1,1
GRTV,R,0.6,0,9,-1,-1
GRTV,R,0.6,0,10,1,-1
GRTV,R,0.6,0,11,-1,-1
GRTV,R,0.6,0,12,-1,-1
GRTV,R,0.6,0,13,1,-1
GRTV,R,0.6,0,14,1,1
GRTV,R,0.6,0,15,-1,-1
GRTV,R,0.6,0,16,1,1
GRTV,R,0.6,0,17,1,1
GRTV,R,0.6,0,18,-1,-1
GRTV,R,0.6,0,19,1,1
GRTV,R,0.6,0,20,1,-1
GRTV,R,0.6,0,21,1,1
GRTV,R,0.6,0,22,1,1
GRTV,R,0.6,0,23,-1,1
GRTV,R,0.6,0,24,1,-1
GRTV,R,0.65,0,0,-1,-1
GRTV,R,0.65,0,1,1,-1
GRTV,R,0.65,0,2,-1,-1
GRTV,R,0.65,0,3,1,-1
GRTV,R,0.65,0,4,1,1
GRTV,R,0.65,0,5,-1,-1
GRTV,R,0.65,0,6,-1,1
GRTV,R,0.65,0,7,1,1
GRTV,R,0.65,0,8,1,1
GRTV,R,0.65,0,9,-1,-1
GRTV,R,0.65,0,10,1,-1
GRTV,R,0.65,0,11,-1,-1
GRTV,R,0.65,0,12,-1,-1
GRTV,R,0.65,0,13,1,-1
GRTV,R,0.65,0,14,1,1
GRTV,R,0.65,0,15,-1,-1
GRTV,R,0.65,0,16,1,1
GRTV,R,0.65,0,17,1,1
GRTV,R,0.65,0,18,-1,-1
GRTV,R,0.65,0,19,1,1
GRTV,R,0.65,0,20,1,-1
GRTV,R,0.65,0,21,1,1
GRTV,R,0.65,0,22,1,1
GRTV,R,0.65,0,23,-1,1
GRTV,R,0.65,0,24,1,-1
GRTV,T,0.1,0,0,1,1
GRTV,T,0.1,0,1,1,1
GRTV,T,0.1,0,2,1,1
GRTV,T,0.1,0,3,1,1
GRTV,T,0.1,0,4,1,1
GRTV,T,0.1,0,5,-1,-1
GRTV,T,0.1,0,6,-1,-1
GRTV,T,0.1,0,7,1,1
GRTV,T,0.1,0,8,-1,-1
GRTV,T,0.1,0,9,1,-1
GRTV,T,0.1,0,10,-1,-1
GRTV,T,0.1,0,11,-1,-1
GRTV,T,0.1,0,12,1,1
GRTV,T,0.1,0,13,-1,-1
GRTV,T,0.1,0,14,-1,-1
GRTV,T,0.1,0,15,-1,-1
GRTV,T,0.1,0,16,-1,-1
GRTV,T,0.1,0,17,1,1
GRTV,T,0.1,0,18,-1,-1
GRTV,T,0.1,0,19,-1,-1
GRTV,T,0.1,0,20,-1,-1
GRTV,T,0.1,0,21,-1,-1
GRTV,T,0.1,0,22,1,1
GRTV,T,0.1,0,23,-1,-1
GRTV,T,0.1,0,24,-1,-1
GRTV,T,0.2,0,0,1,1
GRTV,T,0.2,0,1,1,1
GRTV,T,0.2,0,2,-1,1
GRTV,T,0.2,0,3,1,1
GRTV,T,0.2,0,4,1,1
GRTV,T,0.2,0,5,-1,-1
GRTV,T,0.2,0,6,-1,-1
GRTV,T,0.2,0,7,1,1
GRTV,T,0.2,0,8,-1,-1
GRTV,T,0.2,0,9,1,-1
GRTV,T,0.2,0,10,-1,-1
GRTV,T,0.2,0,11,-1,-1
GRTV,T,0.2,0,12,1,1
GRTV,T,0.2,0,13,-1,-1
GRTV,T,0.2,0,14,-1,-1
GRTV,T,0.2,0,15,-1,-1
GRTV,T,0.2,0,16,1,-1
GRTV,T,0.2,0,17,1,1
GRTV,T,0.2,0,18,-1,-1
GRTV,T,0.2,0,19,-1,-1
GRTV,T,0.2,0,20,-1,-1
GRTV,T,0.2,0,21,-1,-1
GRTV,T,0.2,0,22,1,1
GRTV,T,0.2,0,23,-1,-1
GRTV,T,0.2,0,24,-1,-1
GRTV,T,0.3,0,0,1,1
GRTV,T,0.3,0,1,1,1
GRTV,T,0.3,0,2,-1,1
GRTV,T,0.3,0,3,1,1
GRTV,T,0.3,0,4,1,1
GRTV,T,0.3,0,5,-1,-1
GRTV,T,0.3,0,6,-1,-1
GRTV,T,0.3,0,7,1,1
GRTV,T,0.3,0,8,-1,-1
GRTV,T,0.3,0,9,1,-1
GRTV,T,0.3,0,10,-1,-1
GRTV,T,0.3,0,11,-1,-1
GRTV,T,0.3,0,12,1,1
GRTV,T,0.3,0,13,-1,-1
GRTV,T,0.3,0,14,-1,-1
GRTV,T,0.3,0,15,-1,-1
GRTV,T,0.3,0,16,1,-1
GRTV,T,0.3,0,17,1,1
GRTV,T,0.3,0,18,1,-1
GRTV,T,0.3,0,19,1,-1
GRTV,T,0.3,0,20,-1,-1
GRTV,T,0.3,0,21,1,-1
GRTV,T,0.3,0,22,1,1
GRTV,T,0.3,0,23,-1,-1
GRTV,T,0.3,0,24,-1,-1
GRTV,T,0.4,0,0,1,1
GRTV,T,0.4,0,1,1,-1
GRTV,T,0.4,0,2,-1,-1
GRTV,T,0.4,0,3,1,-1
GRTV,T,0.4,0,4,-1,1
GRTV,T,0.4,0,5,-1,-1
GRTV,T,0.4,0,6,-1,-1
GRTV,T,0.4,0,7,1,1
GRTV,T,0.4,0,8,-1,-1
GRTV,T,0.4,0,9,1,-1
GRTV,T,0.4,0,10,-1,-1
GRTV,T,0.4,0,11,-1,-1
GRTV,T,0.4,0,12,-1,-1
GRTV,T,0.4,0,13,-1,-1
GRTV,T,0.4,0,14,1,1
GRTV,T,0.4,0,15,-1,-1
GRTV,T,0.4,0,16,1,1
GRTV,T,0.4,0,17,1,1
GRTV,T,0.4,0,18,1,-1
GRTV,T,0.4,0,19,1,-1
GRTV,T,0.4,0,20,-1,-1
GRTV,T,0.4,0,21,1,-1
GRTV,T,0.4,0,22,1,1
GRTV,T,0.4,0,23,-1,-1
GRTV,T,0.4,0,24,-1,-1
GRTV,T,0.45,0,0,1,1
GRTV,T,0.45,0,1,1,-1
GRTV,T,0.45,0,2,-1,-1
GRTV,T,0.45,0,3,1,-1
GRTV,T,0.45,0,4,-1,1
GRTV,T,0.45,0,5,1,1
GRTV,T,0.45,0,6,-1,-1
GRTV,T,0.45,0,7,-1,-1
GRTV,T,0.45,0,8,-1,-1
GRTV,T,0.45,0,9,1,1
GRTV,T,0.45,0,10,-1,1
GRTV,T,0.45,0,11,-1,-1
GRTV,T,0.45,0,12,-1,-1
GRTV,T,0.45,0,13,-1,-1
GRTV,T,0.45,0,14,1,1
GRTV,T,0.45,0,15,-1,-1
GRTV,T,0.45,0,16,1,1
GRTV,T,0.45,0,17,-1,-1
GRTV,T,0.45,0,18,1,1
GRTV,T,0.45,0,19,1,-1
GRTV,T,0.45,0,20,-1,-1
GRTV,T,0.45,0,21,1,-1
GRTV,T,0.45,0,22,1,1
GRTV,T,0.45,0,23,-1,-1
GRTV,T,0.45,0,24,-1,-1
GRTV,T,0.5,0,0,1,1
GRTV,T,0.5,0,1,1,-1
GRTV,T,0.5,0,2,-1,-1
GRTV,T,0.5,0,3,1,-1
GRTV,T,0.5,0,4,-1,1
GRTV,T,0.5,0,5,1,1
GRTV,T,0.5,0,6,-1,-1
GRTV,T,0.5,0,7,-1,-1
GRTV,T,0.5,0,8,-1,-1
GRTV,T,0.5,0,9,1,1
GRTV,T,0.5,0,10,-1,1
GRTV,T,0.5,0,11,-1,-1
GRTV,T,0.5,0,12,-1,-1
GRTV,T,0.5,0,13,-1,-1
GRTV,T,0.5,0,14,1,1
GRTV,T,0.5,0,15,1,-1
GRTV,T,0.5,0,16,1,1
GRTV,T,0.5,0,17,-1,-1
GRTV,T,0.5,0,18,1,1
GRTV,T,0.5,0,19,1,-1
GRTV,T,0.5,0,20,-1,-1
GRTV,T,0.5,0,21,1,-1
GRTV,T,0.5,0,22,-1,1
GRTV,T,0.5,0,23,-1,-1
GRTV,T,0.5,0,24,-1,-1
GRTV,T,0.55,0,0,-1,-1
GRTV,T,0.55,0,1,1,-1
GRTV,T,0.55,0,2,-1,-1
GRTV,T,0.55,0,3,1,-1
GRTV,T,0.55,0,4,-1,-1
GRTV,T,0.55,0,5,1,1
GRTV,T,0.55,0,6,-1,1
GRTV,T,0.55,0,7,-1,-1
GRTV,T,0.55,0,8,1,1
GRTV,T,0.55,0,9,1,1
GRTV,T,0.55,0,10,-1,1
GRTV,T,0.55,0,11,1,1
GRTV,T,0.55,0,12,-1,-1
GRTV,T,0.55,0,13,-1,1
GRTV,T,0.55,0,14,1,1
GRTV,T,0.55,0,15,1,1
GRTV,T,0.55,0,16,1,1
GRTV,T,0.55,0,17,-1,-1
GRTV,T,0.55,0,18,1,1
GRTV,T,0.55,0,19,1,1
GRTV,T,0.55,0,20,-1,1
GRTV,T,0.55,0,21,1,1
GRTV,T,0.55,0,22,-1,-1
GRTV,T,0.55,0,23,-1,1
GRTV,T,0.55,0,24,-1,1
GRTV,T,0.6,0,0,-1,-1
GRTV,T,0.6,0,1,1,-1
GRTV,T,0.6,0,2,-1,-1
GRTV,T,0.6,0,3,1,-1
GRTV,T,0.6,0,4,-1,-1
GRTV,T,0.6,0,5,1,1
GRTV,T,0.6,0,6,-1,1
GRTV,T,0.6,0,7,-1,-1
GRTV,T,0.6,0,8,1,1
GRTV,T,0.6,0,9,1,1
GRTV,T,0.6,0,10,-1,1
GRTV,T,0.6,0,11,1,1
GRTV,T,0.6,0,12,-1,-1
GRTV,T,0.6,0,13,-1,1
GRTV,T,0.6,0,14,1,1
GRTV,T,0.6,0,15,1,1
GRTV,T,0.6,0,16,1,1
GRTV,T,0.6,0,17,-1,-1
GRTV,T,0.6,0,18,1,1
GRTV,T,0.6,0,19,1,1
GRTV,T,0.6,0,20,-1,1
GRTV,T,0.6,0,21,1,1
GRTV,T,0.6,0,22,-1,-1
GRTV,T,0.6,0,23,-1,1
GRTV,T,0.6,0,24,-1,1
GRTV,T,0.65,0,0,-1,-1
GRTV,T,0.65,0,1,1,-1
GRTV,T,0.65,0,2,-1,-1
GRTV,T,0.65,0,3,1,-1
GRTV,T,0.65,0,4,-1,-1
GRTV,T,0.65,0,5,1,1
GRTV,T,0.65,0,6,-1,1
GRTV,T,0.65,0,7,-1,-1
GRTV,T,0.65,0,8,1,1
GRTV,T,0.65,0,9,1,1
GRTV,T,0.65,0,10,-1,1
GRTV,T,0.65,0,11,1,1
GRTV,T,0.65,0,12,-1,-1
GRTV,T,0.65,0,13,-1,1
GRTV,T,0.65,0,14,1,1
GRTV,T,0.65,0,15,1,1
GRTV,T,0.65,0,16,1,1
GRTV,T,0.65,0,17,-1,-1
GRTV,T,0.65,0,18,1,1
GRTV,T,0.65,0,19,1,1
GRTV,T,0.65,0,20,-1,1
GRTV,T,0.65,0,21,1,1
GRTV,T,0.65,0,22,-1,-1
GRTV,T,0.65,0,23,-1,1
GRTV,T,0.65,0,24,-1,1
GRTV,V,0.1,0,0,1,1
GRTV,V,0.1,0,1,-1,-1
GRTV,V,0.1,0,2,-1,-1
GRTV,V,0.1,0,3,-1,-1
GRTV,V,0.1,0,4,1,1
GRTV,V,0.1,0,5,1,1
GRTV,V,0.1,0,6,-1,-1
GRTV,V,0.1,0,7,-1,-1
GRTV,V,0.1,0,8,-1,-1
GRTV,V,0.1,0,9,-1,1
GRTV,V,0.1,0,10,1,1
GRTV,V,0.1,0,11,-1,-1
GRTV,V,0.1,0,12,-1,-1
GRTV,V,0.1,0,13,-1,-1
GRTV,V,0.1,0,14,1,1
GRTV,V,0.1,0,15,-1,-1
GRTV,V,0.1,0,16,1,1
GRTV,V,0.1,0,17,-1,-1
GRTV,V,0.1,0,18,1,1
GRTV,V,0.1,0,19,-1,-1
GRTV,V,0.1,0,20,-1,-1
GRTV,V,0.1,0,21,-1,-1
GRTV,V,0.1,0,22,1,1
GRTV,V,0.1,0,23,-1,-1
GRTV,V,0.1,0,24,-1,-1
GRTV,V,0.2,0,0,1,1
GRTV,V,0.2,0,1,-1,-1
GRTV,V,0.2,0,2,1,-1
GRTV,V,0.2,0,3,-1,-1
GRTV,V,0.2,0,4,1,1
GRTV,V,0.2,0,5,1,1
GRTV,V,0.2,0,6,-1,-1
GRTV,V,0.2,0,7,-1,-1
GRTV,V,0.2,0,8,-1,-1
GRTV,V,0.2,0,9,-1,1
GRTV,V,0.2,0,10,1,1
GRTV,V,0.2,0,11,-1,-1
GRTV,V,0.2,0,12,-1,-1
GRTV,V,0.2,0,13,-1,-1
GRTV,V,0.2,0,14,1,1
GRTV,V,0.2,0,15,-1,-1
GRTV,V,0.2,0,16,-1,1
GRTV,V,0.2,0,17,-1,-1
GRTV,V,0.2,0,18,1,1
GRTV,V,0.2,0,19,-1,-1
GRTV,V,0.2,0,20,-1,-1
GRTV,V,0.2,0,21,-1,-1
GRTV,V,0.2,0,22,1,1
GRTV,V,0.2,0,23,-1,-1
GRTV,V,0.2,0,24,-1,-1
GRTV,V,0.3,0,0,1,1
GRTV,V,0.3,0,1,-1,-1
GRTV,V,0.3,0,2,1,1
GRTV,V,0.3,0,3,-1,-1
GRTV,V,0.3,0,4,1,1
GRTV,V,0.3,0,5,1,1
GRTV,V,0.3,0,6,-1,-1
GRTV,V,0.3,0,7,-1,-1
GRTV,V,0.3,0,8,-1,-1
GRTV,V,0.3,0,9,-1,-1
GRTV,V,0.3,0,10,1,1
GRTV,V,0.3,0,11,-1,-1
GRTV,V,0.3,0,12,-1,-1
GRTV,V,0.3,0,13,-1,-1
GRTV,V,0.3,0,14,1,1
GRTV,V,0.3,0,15,-1,-1
GRTV,V,0.3,0,16,-1,-1
GRTV,V,0.3,0,17,-1,-1
GRTV,V,0.3,0,18,-1,-1
GRTV,V,0.3,0,19,1,1
GRTV,V,0.3,0,20,-1,-1
GRTV,V,0.3,0,21,1,1
GRTV,V,0.3,0,22,1,1
GRTV,V,0.3,0,23,-1,-1
GRTV,V,0.3,0,24,-1,-1
GRTV,V,0.4,0,0,1,1
GRTV,V,0.4,0,1,-1,1
GRTV,V,0.4,0,2,1,1
GRTV,V,0.4,0,3,-1,1
GRTV,V,0.4,0,4,-1,1
GRTV,V,0.4,0,5,1,1
GRTV,V,0.4,0,6,-1,-1
GRTV,V,0.4,0,7,-1,-1
GRTV,V,0.4,0,8,-1,-1
GRTV,V,0.4,0,9,-1,-1
GRTV,V,0.4,0,10,1,1
GRTV,V,0.4,0,11,-1,-1
GRTV,V,0.4,0,12,1,-1
GRTV,V,0.4,0,13,-1,-1
GRTV,V,0.4,0,14,-1,1
GRTV,V,0.4,0,15,-1,-1
GRTV,V,0.4,0,16,-1,-1
GRTV,V,0.4,0,17,-1,-1
GRTV,V,0.4,0,18,-1,-1
GRTV,V,0.4,0,19,1,-1
GRTV,V,0.4,0,20,-1,-1
GRTV,V,0.4,0,21,1,-1
GRTV,V,0.4,0,22,1,1
GRTV,V,0.4,0,23,-1,-1
GRTV,V,0.4,0,24,-1,-1
GRTV,V,0.45,0,0,1,1
GRTV,V,0.45,0,1,-1,1
GRTV,V,0.45,0,2,1,1
GRTV,V,0.45,0,3,-1,1
GRTV,V,0.45,0,4,-1,1
GRTV,V,0.45,0,5,-1,-1
GRTV,V,0.45,0,6,-1,-1
GRTV,V,0.45,0,7,1,1
GRTV,V,0.45,0,8,-1,-1
GRTV,V,0.45,0,9,-1,-1
GRTV,V,0.45,0,10,1,-1
GRTV,V,0.45,0,11,-1,-1
GRTV,V,0.45,0,12,1,1
GRTV,V,0.45,0,13,-1,-1
GRTV,V,0.45,0,14,-1,-1
GRTV,V,0.45,0,15,-1,-1
GRTV,V,0.45,0,16,-1,-1
GRTV,V,0.45,0,17,1,1
GRTV,V,0.45,0,18,-1,-1
GRTV,V,0.45,0,19,1,-1
GRTV,V,0.45,0,20,-1,-1
GRTV,V,0.45,0,21,1,-1
GRTV,V,0.45,0,22,1,1
GRTV,V,0.45,0,23,-1,-1
GRTV,V,0.45,0,24,-1,-1
GRTV,V,0.5,0,0,1,1
GRTV,V,0.5,0,1,-1,1
GRTV,V,0.5,0,2,1,1
GRTV,V,0.5,0,3,-1,1
GRTV,V,0.5,0,4,-1,1
GRTV,V,0.5,0,5,-1,-1
GRTV,V,0.5,0,6,-1,-1
GRTV,V,0.5,0,7,1,1
GRTV,V,0.5,0,8,-1,-1
GRTV,V,0.5,0,9,-1,-1
GRTV,V,0.5,0,10,1,-1
GRTV,V,0.5,0,11,-1,-1
GRTV,V,0.5,0,12,1,1
GRTV,V,0.5,0,13,-1,-1
GRTV,V,0.5,0,14,-1,-1
GRTV,V,0.5,0,15,1,-1
GRTV,V,0.5,0,16,-1,-1
GRTV,V,0.5,0,17,1,1
GRTV,V,0.5,0,18,-1,-1
GRTV,V,0.5,0,19,1,-1
GRTV,V,0.5,0,20,-1,-1
GRTV,V,0.5,0,21,1,-1
GRTV,V,0.5,0,22,-1,1
GRTV,V,0.5,0,23,-1,-1
GRTV,V,0.5,0,24,-1,-1
GRTV,V,0.55,0,0,-1,-1
GRTV,V,0.55,0,1,-1,1
GRTV,V,0.55,0,2,1,1
GRTV,V,0.55,0,3,-1,1
GRTV,V,0.55,0,4,-1,-1
GRTV,V,0.55,0,5,-1,-1
GRTV,V,0.55,0,6,-1,1
GRTV,V,0.55,0,7,1,1
GRTV,V,0.55,0,8,1,1
GRTV,V,0.55,0,9,-1,-1
GRTV,V,0.55,0,10,1,-1
GRTV,V,0.55,0,11,1,1
GRTV,V,0.55,0,12,1,1
GRTV,V,0.55,0,13,-1,1
GRTV,V,0.55,0,14,-1,-1
GRTV,V,0.55,0,15,1,1
GRTV,V,0.55,0,16,-1,-1
GRTV,V,0.55,0,17,1,1
GRTV,V,0.55,0,18,-1,-1
GRTV,V,0.55,0,19,1,1
GRTV,V,0.55,0,20,-1,1
GRTV,V,0.55,0,21,1,1
GRTV,V,0.55,0,22,-1,-1
GRTV,V,0.55,0,23,-1,1
GRTV,V,0.55,0,24,-1,1
GRTV,V,0.6,0,0,-1,-1
GRTV,V,0.6,0,1,-1,1
GRTV,V,0.6,0,2,1,1
GRTV,V,0.6,0,3,-1,1
GRTV,V,0.6,0,4,-1,-1
GRTV,V,0.6,0,5,-1,-1
GRTV,V,0.6,0,6,-1,1
GRTV,V,0.6,0,7,1,1
GRTV,V,0.6,0,8,1,1
GRTV,V,0.6,0,9,-1,-1
GRTV,V,0.6,0,10,1,-1
GRTV,V,0.6,0,11,1,1
GRTV,V,0.6,0,12,1,1
GRTV,V,0.6,0,13,-1,1
GRTV,V,0.6,0,14,-1,-1
GRTV,V,0.6,0,15,1,1
GRTV,V,0.6,0,16,-1,-1
GRTV,V,0.6,0,17,1,1
GRTV,V,0.6,0,18,-1,-1
GRTV,V,0.6,0,19,1,1
GRTV,V,0.6,0,20,-1,1
GRTV,V,0.6,0,21,1,1
GRTV,V,0.6,0,22,-1,-1
GRTV,V,0.6,0,23,-1,1
GRTV,V,0.6,0,24,-1,1
GRTV,V,0.65,0,0,-1,-1
GRTV,V,0.65,0,1,-1,1
GRTV,V,0.65,0,2,1,1
GRTV,V,0.65,0,3,-1,1
GRTV,V,0.65,0,4,-1,-1
GRTV,V,0.65,0,5,-1,-1
GRTV,V,0.65,0,6,-1,1
GRTV,V,0.65,0,7,1,1
GRTV,V,0.65,0,8,1,1
GRTV,V,0.65,0,9,-1,-1
GRTV,V,0.65,0,10,1,-1
GRTV,V,0.65,0,11,1,1
GRTV,V,0.65,0,12,1,1
GRTV,V,0.65,0,13,-1,1
GRTV,V,0.65,0,14,-1,-1
GRTV,V,0.65,0,15,1,1
GRTV,V,0.65,0,16,-1,-1
GRTV,V,0.65,0,17,1,1
GRTV,V,0.65,0,18,-1,-1
GRTV,V,0.65,0,19,1,1
GRTV,V,0.65,0,20,-1,1
GRTV,V,0.65,0,21,1,1
GRTV,V,0.65,0,22,-1,-1
GRTV,V,0.65,0,23,-1,1
GRTV,V,0.65,0,24,-1,1
JLRX,J,0.1,0,0,1,1
JLRX,J,0.1,0,1,1,1
JLRX,J,0.1,0,2,1,1
JLRX,J,0.1,0,3,1,1
JLRX,J,0.1,0,4,1,1
JLRX,J,0.1,0,5,-1,-1
JLRX,J,0.1,0,6,-1,-1
JLRX,J,0.1,0,7,-1,-1
JLRX,J,0.1,0,8,1,1
JLRX,J,0.1,0,9,1,-1
JLRX,J,0.1,0,10,-1,-1
JLRX,J,0.1,0,11,-1,-1
JLRX,J,0.1,0,12,-1,-1
JLRX,J,0.1,0,13,1,1
JLRX,J,0.1,0,14,-1,-1
JLRX,J,0.1,0,15,1,1
JLRX,J,0.1,0,16,-1,-1
JLRX,J,0.1,0,17,-1,-1
JLRX,J,0.1,0,18,1,1
JLRX,J,0.1,0,19,-1,-1
JLRX,J,0.1,0,20,-1,-1
JLRX,J,0.1,0,21,1,1
JLRX,J,0.1,0,22,1,1
JLRX,J,0.1,0,23,-1,-1
JLRX,J,0.1,0,24,-1,-1
JLRX,J,0.2,0,0,1,1
JLRX,J,0.2,0,1,1,1
JLRX,J,0.2,0,2,-1,1
JLRX,J,0.2,0,3,1,1
JLRX,J,0.2,0,4,1,1
JLRX,J,0.2,0,5,-1,-1
JLRX,J,0.2,0,6,-1,-1
JLRX,J,0.2,0,7,-1,-1
JLRX,J,0.2,0,8,1,1
JLRX,J,0.2,0,9,1,-1
JLRX,J,0.2,0,10,-1,-1
JLRX,J,0.2,0,11,-1,-1
JLRX,J,0.2,0,12,-1,-1
JLRX,J,0.2,0,13,1,1
JLRX,J,0.2,0,14,-1,-1
JLRX,J,0.2,0,15,1,1
JLRX,J,0.2,0,16,1,-1
JLRX,J,0.2,0,17,-1,-1
JLRX,J,0.2,0,18,1,1
JLRX,J,0.2,0,19,-1,-1
JLRX,J,0.2,0,20,-1,-1
JLRX,J,0.2,0,21,1,1
JLRX,J,0.2,0,22,1,1
JLRX,J,0.2,0,23,-1,-1
JLRX,J,0.2,0,24,-1,-1
JLRX,J,0.3,0,0,1,1
JLRX,J,0.3,0,1,1,1
JLRX,J,0.3,0,2,-1,1
JLRX,J,0.3,0,3,1,1
JLRX,J,0.3,0,4,1,1
JLRX,J,0.3,0,5,-1,-1
JLRX,J,0.3,0,6,-1,-1
JLRX,J,0.3,0,7,-1,-1
JLRX,J,0.3,0,8,1,1
JLRX,J,0.3,0,9,1,-1
JLRX,J,0.3,0,10,-1,-1
JLRX,J,0.3,0,11,-1,-1
JLRX,J,0.3,0,12,-1,-1
JLRX,J,0.3,0,13,1,1
JLRX,J,0.3,0,14,-1,-1
JLRX,J,0.3,0,15,1,1
JLRX,J,0.3,0,16,1,-1
JLRX,J,0.3,0,17,-1,-1
JLRX,J,0.3,0,18,-1,1
JLRX,J,0.3,0,19,1,-1
JLRX,J,0.3,0,20,-1,-1
JLRX,J,0.3,0,21,-1,1
JLRX,J,0.3,0,22,1,1
JLRX,J,0.3,0,23,-1,-1
JLRX,J,0.3,0,24,-1,-1
JLRX,J,0.4,0,0,1,1
JLRX,J,0.4,0,1,1,1
JLRX,J,0.4,0,2,-1,1
JLRX,J,0.4,0,3,1,1
JLRX,J,0.4,0,4,-1,1
JLRX,J,0.4,0,5,-1,-1
JLRX,J,0.4,0,6,-1,-1
JLRX,J,0.4,0,7,-1,-1
JLRX,J,0.4,0,8,1,1
JLRX,J,0.4,0,9,1,-1
JLRX,J,0.4,0,10,-1,-1
JLRX,J,0.4,0,11,-1,-1
JLRX,J,0.4,0,12,1,-1
JLRX,J,0.4,0,13,1,1
JLRX,J,0.4,0,14,1,-1
JLRX,J,0.4,0,15,1,1
JLRX,J,0.4,0,16,1,-1
JLRX,J,0.4,0,17,-1,-1
JLRX,J,0.4,0,18,-1,1
JLRX,J,0.4,0,19,1,-1
JLRX,J,0.4,0,20,-1,-1
JLRX,J,0.4,0,21,-1,1
JLRX,J,0.4,0,22,1,1
JLRX,J,0.4,0,23,-1,-1
JLRX,J,0.4,0,24,-1,-1
JLRX,J,0.45,0,0,1,-1
JLRX,J,0.45,0,1,1,1
JLRX,J,0.45,0,2,-1,1
JLRX,J,0.45,0,3,1,1
JLRX,J,0.45,0,4,-1,1
JLRX,J,0.45,0,5,1,-1
JLRX,J,0.45,0,6,-1,1
JLRX,J,0.45,0,7,1,1
JLRX,J,0.45,0,8,1,-1
JLRX,J,0.45,0,9,1,1
JLRX,J,0.45,0,10,-1,1
JLRX,J,0.45,0,11,-1,1
JLRX,J,0.45,0,12,1,1
JLRX,J,0.45,0,13,1,1
JLRX,J,0.45,0,14,1,1
JLRX,J,0.45,0,15,1,-1
JLRX,J,0.45,0,16,1,1
JLRX,J,0.45,0,17,1,1
JLRX,J,0.45,0,18,-1,-1
JLRX,J,0.45,0,19,1,1
JLRX,J,0.45,0,20,-1,-1
JLRX,J,0.45,0,21,-1,-1
JLRX,J,0.45,0,22,1,-1
JLRX,J,0.45,0,23,-1,1
JLRX,J,0.45,0,24,-1,-1
JLRX,J,0.5,0,0,1,-1
JLRX,J,0.5,0,1,1,1
JLRX,J,0.5,0,2,-1,1
JLRX,J,0.5,0,3,1,1
JLRX,J,0.5,0,4,-1,1
JLRX,J,0.5,0,5,1,-1
JLRX,J,0.5,0,6,-1,1
JLRX,J,0.5,0,7,1,1
JLRX,J,0.5,0,8,1,1
JLRX,J,0.5,0,9,1,1
JLRX,J,0.5,0,10,-1,-1
JLRX,J,0.5,0,11,-1,1
JLRX,J,0.5,0,12,1,1
JLRX,J,0.5,0,13,1,1
JLRX,J,0.5,0,14,1,1
JLRX,J,0.5,0,15,-1,-1
JLRX,J,0.5,0,16,1,1
JLRX,J,0.5,0,17,1,1
JLRX,J,0.5,0,18,-1,1
JLRX,J,0.5,0,19,1,1
JLRX,J,0.5,0,20,-1,-1
JLRX,J,0.5,0,21,-1,-1
JLRX,J,0.5,0,22,-1,-1
JLRX,J,0.5,0,23,-1,-1
JLRX,J,0.5,0,24,-1,-1
JLRX,J,0.55,0,0,-1,-1
JLRX,J,0.55,0,1,1,1
JLRX,J,0.55,0,2,-1,1
JLRX,J,0.55,0,3,1,1
JLRX,J,0.55,0,4,-1,-1
JLRX,J,0.55,0,5,1,1
JLRX,J,0.55,0,6,-1,1
JLRX,J,0.55,0,7,1,1
JLRX,J,0.55,0,8,-1,-1
JLRX,J,0.55,0,9,1,1
JLRX,J,0.55,0,10,-1,1
JLRX,J,0.55,0,11,1,1
JLRX,J,0.55,0,12,1,1
JLRX,J,0.55,0,13,1,1
JLRX,J,0.55,0,14,1,1
JLRX,J,0.55,0,15,-1,-1
JLRX,J,0.55,0,16,1,1
JLRX,J,0.55,0,17,1,1
JLRX,J,0.55,0,18,-1,1
JLRX,J,0.55,0,19,1,1
JLRX,J,0.55,0,20,-1,-1
JLRX,J,0.55,0,21,-1,-1
JLRX,J,0.55,0,22,-1,-1
JLRX,J,0.55,0,23,-1,1
JLRX,J,0.55,0,24,-1,-1
JLRX,J,0.6,0,0,-1,-1
JLRX,J,0.6,0,1,1,1
JLRX,J,0.6,0,2,-1,1
JLRX,J,0.6,0,3,1,1
JLRX,J,0.6,0,4,-1,-1
JLRX,J,0.6,0,5,1,1
JLRX,J,0.6,0,6,-1,1
JLRX,J,0.6,0,7,1,1
JLRX,J,0.6,0,8,-1,-1
JLRX,J,0.6,0,9,1,1
JLRX,J,0.6,0,10,-1,1
JLRX,J,0.6,0,11,1,1
JLRX,J,0.6,0,12,1,1
JLRX,J,0.6,0,13,1,1
JLRX,J,0.6,0,14,1,1
JLRX,J,0.6,0,15,-1,-1
JLRX,J,0.6,0,16,1,1
JLRX,J,0.6,0,17,1,1
JLRX,J,0.6,0,18,-1,1
JLRX,J,0.6,0,19,1,1
JLRX,J,0.6,0,20,-1,-1
JLRX,J,0.6,0,21,-1,-1
JLRX,J,0.6,0,22,-1,-1
JLRX,J,0.6,0,23,-1,1
JLRX,J,0.6,0,24,-1,-1
JLRX,J,0.65,0,0,-1,-1
JLRX,J,0.65,0,1,1,1
JLRX,J,0.65,0,2,-1,1
JLRX,J,0.65,0,3,1,1
JLRX,J,0.65,0,4,-1,-1
JLRX,J,0.65,0,5,1,1
JLRX,J,0.65,0,6,-1,1
JLRX,J,0.65,0,7,1,1
JLRX,J,0.65,0,8,-1,-1
JLRX,J,0.65,0,9,1,1
JLRX,J,0.65,0,10,-1,1
JLRX,J,0.65,0,11,1,1
JLRX,J,0.65,0,12,1,1
JLRX,J,0.65,0,13,1,1
JLRX,J,0.65,0,14,1,1
JLRX,J,0.65,0,15,-1,-1
JLRX,J,0.65,0,16,1,1
JLRX,J,0.65,0,17,1,1
JLRX,J,0.65,0,18,-1,1
JLRX,J,0.65,0,19,1,1
JLRX,J,0.65,0,20,-1,-1
JLRX,J,0.65,0,21,-1,-1
JLRX,J,0.65,0,22,-1,-1
JLRX,J,0.65,0,23,-1,1
JLRX,J,0.65,0,24,-1,-1
JLRX,L,0.1,0,0,1,1
JLRX,L,0.1,0,1,-1,-1
JLRX,L,0.1,0,2,-1,-1
JLRX,L,0.1,0,3,-1,-1
JLRX,L,0.1,0,4,-1,-1
JLRX,L,0.1,0,5,1,1
JLRX,L,0.1,0,6,-1,-1
JLRX,L,0.1,0,7,-1,-1
JLRX,L,0.1,0,8,-1,-1
JLRX,L,0.1,0,9,1,-1
JLRX,L,0.1,0,10,1,1
JLRX,L,0.1,0,11,-1,-1
JLRX,L,0.1,0,12,-1,-1
JLRX,L,0.1,0,13,-1,-1
JLRX,L,0.1,0,14,-1,-1
JLRX,L,0.1,0,15,1,1
JLRX,L,0.1,0,16,-1,-1
JLRX,L,0.1,0,17,-1,-1
JLRX,L,0.1,0,18,-1,-1
JLRX,L,0.1,0,19,-1,-1
JLRX,L,0.1,0,20,1,1
JLRX,L,0.1,0,21,1,1
JLRX,L,0.1,0,22,1,1
JLRX,L,0.1,0,23,1,1
JLRX,L,0.1,0,24,1,1
JLRX,L,0.2,0,0,1,1
JLRX,L,0.2,0,1,-1,-1
JLRX,L,0.2,0,2,1,-1
JLRX,L,0.2,0,3,-1,-1
JLRX,L,0.2,0,4,-1,-1
JLRX,L,0.2,0,5,1,1
JLRX,L,0.2,0,6,-1,-1
JLRX,L,0.2,0,7,-1,-1
JLRX,L,0.2,0,8,-1,-1
JLRX,L,0.2,0,9,1,-1
JLRX,L,0.2,0,10,1,1
JLRX,L,0.2,0,11,-1,-1
JLRX,L,0.2,0,12,-1,-1
JLRX,L,0.2,0,13,-1,-1
JLRX,L,0.2,0,14,-1,-1
JLRX,L,0.2,0,15,1,1
JLRX,L,0.2,0,16,1,-1
JLRX,L,0.2,0,17,-1,-1
JLRX,L,0.2,0,18,-1,-1
JLRX,L,0.2,0,19,-1,-1
JLRX,L,0.2,0,20,1,1
JLRX,L,0.2,0,21,1,1
JLRX,L,0.2,0,22,1,1
JLRX,L,0.2,0,23,1,1
JLRX,L,0.2,0,24,1,1
JLRX,L,0.3,0,0,1,1
JLRX,L,0.3,0,1,-1,-1
JLRX,L,0.3,0,2,1,-1
JLRX,L,0.3,0,3,-1,-1
JLRX,L,0.3,0,4,-1,-1
JLRX,L,0.3,0,5,1,1
JLRX,L,0.3,0,6,-1,-1
JLRX,L,0.3,0,7,-1,-1
JLRX,L,0.3,0,8,-1,-1
JLRX,L,0.3,0,9,1,-1
JLRX,L,0.3,0,10,1,1
JLRX,L,0.3,0,11,-1,-1
JLRX,L,0.3,0,12,-1,-1
JLRX,L,0.3,0,13,-1,-1
JLRX,L,0.3,0,14,-1,-1
JLRX,L,0.3,0,15,1,1
JLRX,L,0.3,0,16,1,-1
JLRX,L,0.3,0,17,-1,-1
JLRX,L,0.3,0,18,1,-1
JLRX,L,0.3,0,19,1,-1
JLRX,L,0.3,0,20,1,1
JLRX,L,0.3,0,21,-1,1
JLRX,L,0.3,0,22,1,1
JLRX,L,0.3,0,23,1,1
JLRX,L,0.3,0,24,1,1
JLRX,L,0.4,0,0,1,1
JLRX,L,0.4,0,1,-1,-1
JLRX,L,0.4,0,2,1,-1
JLRX,L,0.4,0,3,-1,-1
JLRX,L,0.4,0,4,1,-1
JLRX,L,0.4,0,5,1,1
JLRX,L,0.4,0,6,-1,-1
JLRX,L,0.4,0,7,-1,-1
JLRX,L,0.4,0,8,-1,-1
JLRX,L,0.4,0,9,1,-1
JLRX,L,0.4,0,10,1,1
JLRX,L,0.4,0,11,-1,1
JLRX,L,0.4,0,12,1,1
JLRX,L,0.4,0,13,-1,-1
JLRX,L,0.4,0,14,1,-1
JLRX,L,0.4,0,15,1,1
JLRX,L,0.4,0,16,1,-1
JLRX,L,0.4,0,17,-1,-1
JLRX,L,0.4,0,18,1,-1
JLRX,L,0.4,0,19,1,-1
JLRX,L,0.4,0,20,1,1
JLRX,L,0.4,0,21,-1,-1
JLRX,L,0.4,0,22,1,-1
JLRX,L,0.4,0,23,1,1
JLRX,L,0.4,0,24,1,1
JLRX,L,0.45,0,0,1,-1
JLRX,L,0.45,0,1,-1,-1
JLRX,L,0.45,0,2,1,-1
JLRX,L,0.45,0,3,-1,-1
JLRX,L,0.45,0,4,1,-1
JLRX,L,0.45,0,5,-1,1
JLRX,L,0.45,0,6,-1,1
JLRX,L,0.45,0,7,1,1
JLRX,L,0.45,0,8,-1,-1
JLRX,L,0.45,0,9,1,1
JLRX,L,0.45,0,10,1,1
JLRX,L,0.45,0,11,-1,1
JLRX,L,0.45,0,12,1,1
JLRX,L,0.45,0,13,-1,-1
JLRX,L,0.45,0,14,1,1
JLRX,L,0.45,0,15,1,-1
JLRX,L,0.45,0,16,1,1
JLRX,L,0.45,0,17,1,1
JLRX,L,0.45,0,18,1,-1
JLRX,L,0.45,0,19,1,1
JLRX,L,0.45,0,20,1,1
JLRX,L,0.45,0,21,-1,-1
JLRX,L,0.45,0,22,1,-1
JLRX,L,0.45,0,23,1,1
JLRX,L,0.45,0,24,1,1
JLRX,L,0.5,0,0,1,-1
JLRX,L,0.5,0,1,-1,-1
JLRX,L,0.5,0,2,1,-1
JLRX,L,0.5,0,3,-1,-1
JLRX,L,0.5,0,4,1,-1
JLRX,L,0.5,0,5,-1,1
JLRX,L,0.5,0,6,-1,1
JLRX,L,0.5,0,7,1,1
JLRX,L,0.5,0,8,-1,-1
JLRX,L,0.5,0,9,1,1
JLRX,L,0.5,0,10,1,1
JLRX,L,0.5,0,11,-1,1
JLRX,L,0.5,0,12,1,1
JLRX,L,0.5,0,13,-1,-1
JLRX,L,0.5,0,14,1,1
JLRX,L,0.5,0,15,-1,-1
JLRX,L,0.5,0,16,1,1
JLRX,L,0.5,0,17,1,1
JLRX,L,0.5,0,18,1,-1
JLRX,L,0.5,0,19,1,1
JLRX,L,0.5,0,20,1,1
JLRX,L,0.5,0,21,-1,-1
JLRX,L,0.5,0,22,-1,-1
JLRX,L,0.5,0,23,1,1
JLRX,L,0.5,0,24,1,1
JLRX,L,0.55,0,0,-1,-1
JLRX,L,0.55,0,1,-1,-1
JLRX,L,0.55,0,2,1,-1
JLRX,L,0.55,0,3,-1,-1
JLRX,L,0.55,0,4,1,-1
JLRX,L,0.55,0,5,-1,1
JLRX,L,0.55,0,6,-1,1
JLRX,L,0.55,0,7,1,1
JLRX,L,0.55,0,8,1,-1
JLRX,L,0.55,0,9,1,1
JLRX,L,0.55,0,10,1,1
JLRX,L,0.55,0,11,1,1
JLRX,L,0.55,0,12,1,1
JLRX,L,0.55,0,13,-1,-1
JLRX,L,0.55,0,14,1,1
JLRX,L,0.55,0,15,-1,-1
JLRX,L,0.55,0,16,1,1
JLRX,L,0.55,0,17,1,1
JLRX,L,0.55,0,18,1,-1
JLRX,L,0.55,0,19,1,1
JLRX,L,0.55,0,20,1,1
JLRX,L,0.55,0,21,-1,-1
JLRX,L,0.55,0,22,-1,-1
JLRX,L,0.55,0,23,1,1
JLRX,L,0.55,0,24,1,1
JLRX,L,0.6,0,0,-1,-1
JLRX,L,0.6,0,1,-1,-1
JLRX,L,0.6,0,2,1,-1
JLRX,L,0.6,0,3,-1,-1
JLRX,L,0.6,0,4,1,-1
JLRX,L,0.6,0,5,-1,1
JLRX,L,0.6,0,6,-1,1
JLRX,L,0.6,0,7,1,1
JLRX,L,0.6,0,8,1,-1
JLRX,L,0.6,0,9,1,1
JLRX,L,0.6,0,10,1,1
JLRX,L,0.6,0,11,1,1
JLRX,L,0.6,0,12,1,1
JLRX,L,0.6,0,13,-1,-1
JLRX,L,0.6,0,14,1,1
JLRX,L,0.6,0,15,-1,-1
JLRX,L,0.6,0,16,1,1
JLRX,L,0.6,0,17,1,1
JLRX,L,0.6,0,18,1,-1
JLRX,L,0.6,0,19,1,1
JLRX,L,0.6,0,20,1,1
JLRX,L,0.6,0,21,-1,-1
JLRX,L,0.6,0,22,-1,-1
JLRX,L,0.6,0,23,1,1
JLRX,L,0.6,0,24,1,1
JLRX,L,0.65,0,0,-1,-1
JLRX,L,0.65,0,1,-1,-1
JLRX,L,0.65,0,2,1,-1
JLRX,L,0.65,0,3,-1,-1
JLRX,L,0.65,0,4,1,-1
JLRX,L,0.65,0,5,-1,1
JLRX,L,0.65,0,6,-1,1
JLRX,L,0.65,0,7,1,1
JLRX,L,0.65,0,8,1,-1
JLRX,L,0.65,0,9,1,1
JLRX,L,0.65,0,10,1,1
JLRX,L,0.65,0,11,1,1
JLRX,L,0.65,0,12,1,1
JLRX,L,0.65,0,13,-1,-1
JLRX,L,0.65,0,14,1,1
JLRX,L,0.65,0,15,-1,-1
JLRX,L,0.65,0,16,1,1
JLRX,L,0.65,0,17,1,1
JLRX,L,0.65,0,18,1,-1
JLRX,L,0.65,0,19,1,1
JLRX,L,0.65,0,20,1,1
JLRX,L,0.65,0,21,-1,-1
JLRX,L,0.65,0,22,-1,-1
JLRX,L,0.65,0,23,1,1
JLRX,L,0.65,0,24,1,1
JLRX,R,0.1,0,0,1,1
JLRX,R,0.1,0,1,1,1
JLRX,R,0.1,0,2,1,1
JLRX,R,0.1,0,3,1,1
JLRX,R,0.1,0,4,-1,-1
JLRX,R,0.1,0,5,1,1
JLRX,R,0.1,0,6,-1,-1
JLRX,R,0.1,0,7,-1,-1
JLRX,R,0.1,0,8,-1,-1
JLRX,R,0.1,0,9,-1,1
JLRX,R,0.1,0,10,1,1
JLRX,R,0.1,0,11,1,1
JLRX,R,0.1,0,12,1,1
JLRX,R,0.1,0,13,1,1
JLRX,R,0.1,0,14,-1,-1
JLRX,R,0.1,0,15,1,1
JLRX,R,0.1,0,16,-1,-1
JLRX,R,0.1,0,17,-1,-1
JLRX,R,0.1,0,18,1,1
JLRX,R,0.1,0,19,-1,-1
JLRX,R,0.1,0,20,1,1
JLRX,R,0.1,0,21,-1,-1
JLRX,R,0.1,0,22,-1,-1
JLRX,R,0.1,0,23,-1,-1
JLRX,R,0.1,0,24,1,1
JLRX,R,0.2,0,0,1,1
JLRX,R,0.2,0,1,1,1
JLRX,R,0.2,0,2,-1,1
JLRX,R,0.2,0,3,1,1
JLRX,R,0.2,0,4,-1,-1
JLRX,R,0.2,0,5,1,1
JLRX,R,0.2,0,6,-1,-1
JLRX,R,0.2,0,7,-1,-1
JLRX,R,0.2,0,8,-1,-1
JLRX,R,0.2,0,9,-1,1
JLRX,R,0.2,0,10,1,1
JLRX,R,0.2,0,11,1,1
JLRX,R,0.2,0,12,1,1
JLRX,R,0.2,0,13,1,1
JLRX,R,0.2,0,14,-1,-1
JLRX,R,0.2,0,15,1,1
JLRX,R,0.2,0,16,1,-1
JLRX,R,0.2,0,17,-1,-1
JLRX,R,0.2,0,18,1,1
JLRX,R,0.2,0,19,-1,-1
JLRX,R,0.2,0,20,1,1
JLRX,R,0.2,0,21,-1,-1
JLRX,R,0.2,0,22,-1,-1
JLRX,R,0.2,0,23,-1,-1
JLRX,R,0.2,0,24,1,1
JLRX,R,0.3,0,0,1,1
JLRX,R,0.3,0,1,1,1
JLRX,R,0.3,0,2,-1,1
JLRX,R,0.3,0,3,1,1
JLRX,R,0.3,0,4,-1,-1
JLRX,R,0.3,0,5,1,1
JLRX,R,0.3,0,6,-1,-1
JLRX,R,0.3,0,7,-1,-1
JLRX,R,0.3,0,8,-1,-1
JLRX,R,0.3,0,9,-1,1
JLRX,R,0.3,0,10,1,1
JLRX,R,0.3,0,11,1,1
JLRX,R,0.3,0,12,1,1
JLRX,R,0.3,0,13,1,1
JLRX,R,0.3,0,14,-1,-1
JLRX,R,0.3,0,15,1,1
JLRX,R,0.3,0,16,1,-1
JLRX,R,0.3,0,17,-1,-1
JLRX,R,0.3,0,18,-1,1
JLRX,R,0.3,0,19,1,-1
JLRX,R,0.3,0,20,1,1
JLRX,R,0.3,0,21,1,-1
JLRX,R,0.3,0,22,-1,-1
JLRX,R,0.3,0,23,-1,-1
JLRX,R,0.3,0,24,1,1
JLRX,R,0.4,0,0,1,1
JLRX,R,0.4,0,1,1,1
JLRX,R,0.4,0,2,-1,1
JLRX,R,0.4,0,3,1,1
JLRX,R,0.4,0,4,1,-1
JLRX,R,0.4,0,5,1,1
JLRX,R,0.4,0,6,-1,-1
JLRX,R,0.4,0,7,-1,-1
JLRX,R,0.4,0,8,-1,-1
JLRX,R,0.4,0,9,-1,1
JLRX,R,0.4,0,10,1,1
JLRX,R,0.4,0,11,1,1
JLRX,R,0.4,0,12,-1,1
JLRX,R,0.4,0,13,1,1
JLRX,R,0.4,0,14,1,-1
JLRX,R,0.4,0,15,1,1
JLRX,R,0.4,0,16,1,-1
JLRX,R,0.4,0,17,-1,-1
JLRX,R,0.4,0,18,-1,1
JLRX,R,0.4,0,19,1,-1
JLRX,R,0.4,0,20,1,1
JLRX,R,0.4,0,21,1,-1
JLRX,R,0.4,0,22,-1,-1
JLRX,R,0.4,0,23,-1,-1
JLRX,R,0.4,0,24,1,1
JLRX,R,0.45,0,0,1,-1
JLRX,R,0.45,0,1,1,1
JLRX,R,0.45,0,2,-1,1
JLRX,R,0.45,0,3,1,1
JLRX,R,0.45,0,4,1,-1
JLRX,R,0.45,0,5,-1,1
JLRX,R,0.45,0,6,-1,-1
JLRX,R,0.45,0,7,1,1
JLRX,R,0.45,0,8,-1,-1
JLRX,R,0.45,0,9,-1,1
JLRX,R,0.45,0,10,1,1
JLRX,R,0.45,0,11,1,1
JLRX,R,0.45,0,12,-1,-1
JLRX,R,0.45,0,13,1,1
JLRX,R,0.45,0,14,1,1
JLRX,R,0.45,0,15,1,1
JLRX,R,0.45,0,16,1,-1
JLRX,R,0.45,0,17,1,1
JLRX,R,0.45,0,18,-1,-1
JLRX,R,0.45,0,19,1,1
JLRX,R,0.45,0,20,1,-1
JLRX,R,0.45,0,21,1,1
JLRX,R,0.45,0,22,-1,1
JLRX,R,0.45,0,23,-1,1
JLRX,R,0.45,0,24,1,-1
JLRX,R,0.5,0,0,1,-1
JLRX,R,0.5,0,1,1,1
JLRX,R,0.5,0,2,-1,1
JLRX,R,0.5,0,3,1,1
JLRX,R,0.5,0,4,1,-1
JLRX,R,0.5,0,5,-1,1
JLRX,R,0.5,0,6,-1,-1
JLRX,R,0.5,0,7,1,1
JLRX,R,0.5,0,8,-1,-1
JLRX,R,0.5,0,9,-1,1
JLRX,R,0.5,0,10,1,1
JLRX,R,0.5,0,11,1,1
JLRX,R,0.5,0,12,-1,-1
JLRX,R,0.5,0,13,1,1
JLRX,R,0.5,0,14,1,1
JLRX,R,0.5,0,15,-1,1
JLRX,R,0.5,0,16,1,-1
JLRX,R,0.5,0,17,1,1
JLRX,R,0.5,0,18,-1,-1
JLRX,R,0.5,0,19,1,1
JLRX,R,0.5,0,20,1,-1
JLRX,R,0.5,0,21,1,1
JLRX,R,0.5,0,22,1,1
JLRX,R,0.5,0,23,-1,1
JLRX,R,0.5,0,24,1,-1
JLRX,R,0.55,0,0,-1,-1
JLRX,R,0.55,0,1,1,-1
JLRX,R,0.55,0,2,-1,-1
JLRX,R,0.55,0,3,1,-1
JLRX,R,0.55,0,4,1,1
JLRX,R,0.55,0,5,-1,-1
JLRX,R,0.55,0,6,-1,1
JLRX,R,0.55,0,7,1,1
JLRX,R,0.55,0,8,1,1
JLRX,R,0.55,0,9,-1,-1
JLRX,R,0.55,0,10,1,-1
JLRX,R,0.55,0,11,-1,-1
JLRX,R,0.55,0,12,-1,-1
JLRX,R,0.55,0,13,1,-1
JLRX,R,0.55,0,14,1,1
JLRX,R,0.55,0,15,-1,-1
JLRX,R,0.55,0,16,1,1
JLRX,R,0.55,0,17,1,1
JLRX,R,0.55,0,18,-1,-1
JLRX,R,0.55,0,19,1,1
JLRX,R,0.55,0,20,1,-1
JLRX,R,0.55,0,21,1,1
JLRX,R,0.55,0,22,1,1
JLRX,R,0.55,0,23,-1,1
JLRX,R,0.55,0,24,1,-1
JLRX,R,0.6,0,0,-1,-1
JLRX,R,0.6,0,1,1,-1
JLRX,R,0.6,0,2,-1,-1
JLRX,R,0.6,0,3,1,-1
JLRX,R,0.6,0,4,1,1
JLRX,R,0.6,0,5,-1,-1
JLRX,R,0.6,0,6,-1,1
JLRX,R,0.6,0,7,1,1
JLRX,R,0.6,0,8,1,1
JLRX,R,0.6,0,9,-1,-1
JLRX,R,0.6,0,10,1,-1
JLRX,R,0.6,0,11,-1,-1
JLRX,R,0.6,0,12,-1,-1
JLRX,R,0.6,0,13,1,-1
JLRX,R,0.6,0,14,1,1
JLRX,R,0.6,0,15,-1,-1
JLRX,R,0.6,0,16,1,1
JLRX,R,0.6,0,17,1,1
JLRX,R,0.6,0,18,-1,-1
JLRX,R,0.6,0,19,1,1
JLRX,R,0.6,0,20,1,-1
JLRX,R,0.6,0,21,1,1
JLRX,R,0.6,0,22,1,1
JLRX,R,0.6,0,23,-1,1
JLRX,R,0.6,0,24,1,-1
JLRX,R,0.65,0,0,-1,-1
JLRX,R,0.65,0,1,1,-1
JLRX,R,0.65,0,2,-1,-1
JLRX,R,0.65,0,3,1,-1
JLRX,R,0.65,0,4,1,1
JLRX,R,0.65,0,5,-1,-1
JLRX,R,0.65,0,6,-1,1
JLRX,R,0.65,0,7,1,1
JLRX,R,0.65,0,8,1,1
JLRX,R,0.65,0,9,-1,-1
JLRX,R,0.65,0,10,1,-1
JLRX,R,0.65,0,11,-1,-1
JLRX,R,0.65,0,12,-1,-1
JLRX,R,0.65,0,13,1,-1
JLRX,R,0.65,0,14,1,1
JLRX,R,0.65,0,15,-1,-1
JLRX,R,0.65,0,16,1,1
JLRX,R,0.65,0,17,1,1
JLRX,R,0.65,0,18,-1,-1
JLRX,R,0.65,0,19,1,1
JLRX,R,0.65,0,20,1,-1
JLRX,R,0.65,0,21,1,1
JLRX,R,0.65,0,22,1,1
JLRX,R,0.65,0,23,-1,1
JLRX,R,0.65,0,24,1,-1
JLRX,X,0.1,0,0,1,1
JLRX,X,0.1,0,1,-1,-1
JLRX,X,0.1,0,2,-1,-1
JLRX,X,0.1,0,3,-1,-1
JLRX,X,0.1,0,4,1,1
JLRX,X,0.1,0,5,-1,-1
JLRX,X,0.1,0,6,1,1
JLRX,X,0.1,0,7,-1,-1
JLRX,X,0.1,0,8,1,1
JLRX,X,0.1,0,9,1,-1
JLRX,X,0.1,0,10,-1,-1
JLRX,X,0.1,0,11,-1,-1
JLRX,X,0.1,0,12,1,1
JLRX,X,0.1,0,13,-1,-1
JLRX,X,0.1,0,14,-1,-1
JLRX,X,0.1,0,15,-1,-1
JLRX,X,0.1,0,16,1,1
JLRX,X,0.1,0,17,-1,-1
JLRX,X,0.1,0,18,1,1
JLRX,X,0.1,0,19,-1,-1
JLRX,X,0.1,0,20,1,1
JLRX,X,0.1,0,21,-1,-1
JLRX,X,0.1,0,22,-1,-1
JLRX,X,0.1,0,23,-1,-1
JLRX,X,0.1,0,24,1,1
JLRX,X,0.2,0,0,1,1
JLRX,X,0.2,0,1,-1,-1
JLRX,X,0.2,0,2,1,-1
JLRX,X,0.2,0,3,-1,-1
JLRX,X,0.2,0,4,1,1
JLRX,X,0.2,0,5,-1,-1
JLRX,X,0.2,0,6,1,1
JLRX,X,0.2,0,7,-1,-1
JLRX,X,0.2,0,8,1,1
JLRX,X,0.2,0,9,1,-1
JLRX,X,0.2,0,10,-1,-1
JLRX,X,0.2,0,11,-1,-1
JLRX,X,0.2,0,12,1,1
JLRX,X,0.2,0,13,-1,-1
JLRX,X,0.2,0,14,-1,-1
JLRX,X,0.2,0,15,-1,-1
JLRX,X,0.2,0,16,-1,1
JLRX,X,0.2,0,17,-1,-1
JLRX,X,0.2,0,18,1,1
JLRX,X,0.2,0,19,-1,-1
JLRX,X,0.2,0,20,1,1
JLRX,X,0.2,0,21,-1,-1
JLRX,X,0.2,0,22,-1,-1
JLRX,X,0.2,0,23,-1,-1
JLRX,X,0.2,0,24,1,1
JLRX,X,0.3,0,0,1,1
JLRX,X,0.3,0,1,-1,-1
JLRX,X,0.3,0,2,1,-1
JLRX,X,0.3,0,3,-1,-1
JLRX,X,0.3,0,4,1,1
JLRX,X,0.3,0,5,-1,-1
JLRX,X,0.3,0,6,1,1
JLRX,X,0.3,0,7,-1,-1
JLRX,X,0.3,0,8,1,1
JLRX,X,0.3,0,9,1,-1
JLRX,X,0.3,0,10,-1,-1
JLRX,X,0.3,0,11,-1,-1
JLRX,X,0.3,0,12,1,1
JLRX,X,0.3,0,13,-1,-1
JLRX,X,0.3,0,14,-1,-1
JLRX,X,0.3,0,15,-1,-1
JLRX,X,0.3,0,16,-1,1
JLRX,X,0.3,0,17,-1,-1
JLRX,X,0.3,0,18,-1,1
JLRX,X,0.3,0,19,1,-1
JLRX,X,0.3,0,20,1,1
JLRX,X,0.3,0,21,1,-1
JLRX,X,0.3,0,22,-1,-1
JLRX,X,0.3,0,23,-1,-1
JLRX,X,0.3,0,24,1,1
JLRX,X,0.4,0,0,1,1
JLRX,X,0.4,0,1,-1,-1
JLRX,X,0.4,0,2,1,-1
JLRX,X,0.4,0,3,-1,-1
JLRX,X,0.4,0,4,-1,1
JLRX,X,0.4,0,5,-1,-1
JLRX,X,0.4,0,6,1,1
JLRX,X,0.4,0,7,-1,-1
JLRX,X,0.4,0,8,1,1
JLRX,X,0.4,0,9,1,-1
JLRX,X,0.4,0,10,-1,-1
JLRX,X,0.4,0,11,-1,-1
JLRX,X,0.4,0,12,-1,1
JLRX,X,0.4,0,13,-1,-1
JLRX,X,0.4,0,14,1,-1
JLRX,X,0.4,0,15,-1,-1
JLRX,X,0.4,0,16,-1,1
JLRX,X,0.4,0,17,-1,-1
JLRX,X,0.4,0,18,-1,1
JLRX,X,0.4,0,19,1,-1
JLRX,X,0.4,0,20,1,1
JLRX,X,0.4,0,21,1,-1
JLRX,X,0.4,0,22,-1,-1
JLRX,X,0.4,0,23,-1,-1
JLRX,X,0.4,0,24,1,1
JLRX,X,0.45,0,0,1,-1
JLRX,X,0.45,0,1,-1,-1
JLRX,X,0.45,0,2,1,-1
JLRX,X,0.45,0,3,-1,-1
JLRX,X,0.45,0,4,-1,-1
JLRX,X,0.45,0,5,1,1
JLRX,X,0.45,0,6,1,1
JLRX,X,0.45,0,7,1,1
JLRX,X,0.45,0,8,1,-1
JLRX,X,0.45,0,9,1,1
JLRX,X,0.45,0,10,-1,1
JLRX,X,0.45,0,11,-1,1
JLRX,X,0.45,0,12,-1,1
JLRX,X,0.45,0,13,-1,-1
JLRX,X,0.45,0,14,1,1
JLRX,X,0.45,0,15,-1,-1
JLRX,X,0.45,0,16,-1,1
JLRX,X,0.45,0,17,1,1
JLRX,X,0.45,0,18,-1,-1
JLRX,X,0.45,0,19,1,1
JLRX,X,0.45,0,20,1,1
JLRX,X,0.45,0,21,1,-1
JLRX,X,0.45,0,22,-1,-1
JLRX,X,0.45,0,23,-1,1
JLRX,X,0.45,0,24,1,1
JLRX,X,0.5,0,0,1,-1
JLRX,X,0.5,0,1,-1,-1
JLRX,X,0.5,0,2,1,-1
JLRX,X,0.5,0,3,-1,-1
JLRX,X,0.5,0,4,-1,-1
JLRX,X,0.5,0,5,1,1
JLRX,X,0.5,0,6,1,1
JLRX,X,0.5,0,7,1,1
JLRX,X,0.5,0,8,1,-1
JLRX,X,0.5,0,9,1,-1
JLRX,X,0.5,0,10,-1,1
JLRX,X,0.5,0,11,-1,-1
JLRX,X,0.5,0,12,-1,-1
JLRX,X,0.5,0,13,-1,-1
JLRX,X,0.5,0,14,1,1
JLRX,X,0.5,0,15,1,-1
JLRX,X,0.5,0,16,-1,1
JLRX,X,0.5,0,17,1,1
JLRX,X,0.5,0,18,-1,-1
JLRX,X,0.5,0,19,1,1
JLRX,X,0.5,0,20,1,-1
JLRX,X,0.5,0,21,1,1
JLRX,X,0.5,0,22,1,1
JLRX,X,0.5,0,23,-1,1
JLRX,X,0.5,0,24,1,-1
JLRX,X,0.55,0,0,-1,-1
JLRX,X,0.55,0,1,-1,-1
JLRX,X,0.55,0,2,1,-1
JLRX,X,0.55,0,3,-1,-1
JLRX,X,0.55,0,4,-1,-1
JLRX,X,0.55,0,5,1,1
JLRX,X,0.55,0,6,1,1
JLRX,X,0.55,0,7,1,1
JLRX,X,0.55,0,8,-1,-1
JLRX,X,0.55,0,9,1,1
JLRX,X,0.55,0,10,-1,1
JLRX,X,0.55,0,11,1,1
JLRX,X,0.55,0,12,-1,-1
JLRX,X,0.55,0,13,-1,-1
JLRX,X,0.55,0,14,1,1
JLRX,X,0.55,0,15,1,-1
JLRX,X,0.55,0,16,-1,1
JLRX,X,0.55,0,17,1,1
JLRX,X,0.55,0,18,-1,-1
JLRX,X,0.55,0,19,1,1
JLRX,X,0.55,0,20,1,-1
JLRX,X,0.55,0,21,1,1
JLRX,X,0.55,0,22,1,1
JLRX,X,0.55,0,23,-1,1
JLRX,X,0.55,0,24,1,-1
JLRX,X,0.6,0,0,-1,-1
JLRX,X,0.6,0,1,-1,-1
JLRX,X,0.6,0,2,1,-1
JLRX,X,0.6,0,3,-1,-1
JLRX,X,0.6,0,4,-1,-1
JLRX,X,0.6,0,5,1,1
JLRX,X,0.6,0,6,1,1
JLRX,X,0.6,0,7,1,1
JLRX,X,0.6,0,8,-1,-1
JLRX,X,0.6,0,9,1,1
JLRX,X,0.6,0,10,-1,1
JLRX,X,0.6,0,11,1,1
JLRX,X,0.6,0,12,-1,-1
JLRX,X,0.6,0,13,-1,-1
JLRX,X,0.6,0,14,1,1
JLRX,X,0.6,0,15,1,-1
JLRX,X,0.6,0,16,-1,1
JLRX,X,0.6,0,17,1,1
JLRX,X,0.6,0,18,-1,-1
JLRX,X,0.6,0,19,1,1
JLRX,X,0.6,0,20,1,-1
JLRX,X,0.6,0,21,1,1
JLRX,X,0.6,0,22,1,1
JLRX,X,0.6,0,23,-1,1
JLRX,X,0.6,0,24,1,-1
JLRX,X,0.65,0,0,-1,-1
JLRX,X,0.65,0,1,-1,-1
JLRX,X,0.65,0,2,1,-1
JLRX,X,0.65,0,3,-1,-1
JLRX,X,0.65,0,4,-1,-1
JLRX,X,0.65,0,5,1,1
JLRX,X,0.65,0,6,1,1
JLRX,X,0.65,0,7,1,1
JLRX,X,0.65,0,8,-1,-1
JLRX,X,0.65,0,9,1,1
JLRX,X,0.65,0,10,-1,1
JLRX,X,0.65,0,11,1,1
JLRX,X,0.65,0,12,-1,-1
JLRX,X,0.65,0,13,-1,-1
JLRX,X,0.65,0,14,1,1
JLRX,X,0.65,0,15,1,-1
JLRX,X,0.65,0,16,-1,1
JLRX,X,0.65,0,17,1,1
JLRX,X,0.65,0,18,-1,-1
JLRX,X,0.65,0,19,1,1
JLRX,X,0.65,0,20,1,-1
JLRX,X,0.65,0,21,1,1
JLRX,X,0.65,0,22,1,1
JLRX,X,0.65,0,23,-1,1
JLRX,X,0.65,0,24,1,-1
AJKU,A,0.1,0,0,-1,-1
AJKU,A,0.1,0,1,1,1
AJKU,A,0.1,0,2,1,1
AJKU,A,0.1,0,3,1,1
AJKU,A,0.1,0,4,-1,-1
AJKU,A,0.1,0,5,1,1
AJKU,A,0.1,0,6,-1,-1
AJKU,A,0.1,0,7,-1,-1
AJKU,A,0.1,0,8,-1,-1
AJKU,A,0.1,0,9,-1,1
AJKU,A,0.1,0,10,1,1
AJKU,A,0.1,0,11,1,1
AJKU,A,0.1,0,12,1,1
AJKU,A,0.1,0,13,1,1
AJKU,A,0.1,0,14,1,1
AJKU,A,0.1,0,15,1,1
AJKU,A,0.1,0,16,-1,-1
AJKU,A,0.1,0,17,-1,-1
AJKU,A,0.1,0,18,-1,-1
AJKU,A,0.1,0,19,1,1
AJKU,A,0.1,0,20,1,1
AJKU,A,0.1,0,21,-1,-1
AJKU,A,0.1,0,22,-1,-1
AJKU,A,0.1,0,23,-1,-1
AJKU,A,0.1,0,24,1,1
AJKU,A,0.2,0,0,-1,-1
AJKU,A,0.2,0,1,1,1
AJKU,A,0.2,0,2,-1,1
AJKU,A,0.2,0,3,1,1
AJKU,A,0.2,0,4,-1,-1
AJKU,A,0.2,0,5,1,1
AJKU,A,0.2,0,6,-1,-1
AJKU,A,0.2,0,7,-1,-1
AJKU,A,0.2,0,8,-1,-1
AJKU,A,0.2,0,9,-1,1
AJKU,A,0.2,0,10,1,1
AJKU,A,0.2,0,11,1,1
AJKU,A,0.2,0,12,1,1
AJKU,A,0.2,0,13,1,1
AJKU,A,0.2,0,14,1,1
AJKU,A,0.2,0,15,1,1
AJKU,A,0.2,0,16,1,-1
AJKU,A,0.2,0,17,-1,-1
AJKU,A,0.2,0,18,-1,-1
AJKU,A,0.2,0,19,1,1
AJKU,A,0.2,0,20,1,1
AJKU,A,0.2,0,21,-1,-1
AJKU,A,0.2,0,22,-1,-1
AJKU,A,0.2,0,23,-1,-1
AJKU,A,0.2,0,24,1,1
AJKU,A,0.3,0,0,-1,-1
AJKU,A,0.3,0,1,1,1
AJKU,A,0.3,0,2,-1,1
AJKU,A,0.3,0,3,1,1
AJKU,A,0.3,0,4,-1,-1
AJKU,A,0.3,0,5,1,1
AJKU,A,0.3,0,6,-1,-1
AJKU,A,0.3,0,7,-1,-1
AJKU,A,0.3,0,8,-1,-1
AJKU,A,0.3,0,9,-1,1
AJKU,A,0.3,0,10,1,1
AJKU,A,0.3,0,11,1,1
AJKU,A,0.3,0,12,1,1
AJKU,A,0.3,0,13,1,1
AJKU,A,0.3,0,14,1,1
AJKU,A,0.3,0,15,1,1
AJKU,A,0.3,0,16,1,-1
AJKU,A,0.3,0,17,-1,-1
AJKU,A,0.3,0,18,1,-1
AJKU,A,0.3,0,19,-1,1
AJKU,A,0.3,0,20,1,1
AJKU,A,0.3,0,21,1,-1
AJKU,A,0.3,0,22,-1,-1
AJKU,A,0.3,0,23,-1,-1
AJKU,A,0.3,0,24,1,1
AJKU,A,0.4,0,0,-1,1
AJKU,A,0.4,0,1,1,1
AJKU,A,0.4,0,2,-1,1
AJKU,A,0.4,0,3,1,1
AJKU,A,0.4,0,4,1,1
AJKU,A,0.4,0,5,1,1
AJKU,A,0.4,0,6,-1,-1
AJKU,A,0.4,0,7,-1,-1
AJKU,A,0.4,0,8,-1,1
AJKU,A,0.4,0,9,-1,-1
AJKU,A,0.4,0,10,1,1
AJKU,A,0.4,0,11,1,1
AJKU,A,0.4,0,12,-1,1
AJKU,A,0.4,0,13,1,1
AJKU,A,0.4,0,14,-1,-1
AJKU,A,0.4,0,15,1,1
AJKU,A,0.4,0,16,1,-1
AJKU,A,0.4,0,17,-1,-1
AJKU,A,0.4,0,18,1,1
AJKU,A,0.4,0,19,-1,-1
AJKU,A,0.4,0,20,1,1
AJKU,A,0.4,0,21,1,-1
AJKU,A,0.4,0,22,-1,-1
AJKU,A,0.4,0,23,-1,-1
AJKU,A,0.4,0,24,1,1
AJKU,A,0.45,0,0,-1,-1
AJKU,A,0.45,0,1,1,1
AJKU,A,0.45,0,2,-1,1
AJKU,A,0.45,0,3,1,1
AJKU,A,0.45,0,4,1,-1
AJKU,A,0.45,0,5,-1,-1
AJKU,A,0.45,0,6,-1,1
AJKU,A,0.45,0,7,1,1
AJKU,A,0.45,0,8,-1,1
AJKU,A,0.45,0,9,-1,-1
AJKU,A,0.45,0,10,1,-1
AJKU,A,0.45,0,11,1,1
AJKU,A,0.45,0,12,-1,1
AJKU,A,0.45,0,13,1,1
AJKU,A,0.45,0,14,-1,-1
AJKU,A,0.45,0,15,1,-1
AJKU,A,0.45,0,16,1,1
AJKU,A,0.45,0,17,1,1
AJKU,A,0.45,0,18,1,1
AJKU,A,0.45,0,19,-1,-1
AJKU,A,0.45,0,20,1,1
AJKU,A,0.45,0,21,1,-1
AJKU,A,0.45,0,22,-1,-1
AJKU,A,0.45,0,23,-1,-1
AJKU,A,0.45,0,24,1,1
AJKU,A,0.5,0,0,-1,-1
AJKU,A,0.5,0,1,1,1
AJKU,A,0.5,0,2,-1,1
AJKU,A,0.5,0,3,1,1
AJKU,A,0.5,0,4,1,-1
AJKU,A,0.5,0,5,-1,-1
AJKU,A,0.5,0,6,-1,1
AJKU,A,0.5,0,7,1,1
AJKU,A,0.5,0,8,-1,1
AJKU,A,0.5,0,9,-1,-1
AJKU,A,0.5,0,10,1,-1
AJKU,A,0.5,0,11,1,-1
AJKU,A,0.5,0,12,-1,1
AJKU,A,0.5,0,13,1,1
AJKU,A,0.5,0,14,-1,-1
AJKU,A,0.5,0,15,-1,-1
AJKU,A,0.5,0,16,1,1
AJKU,A,0.5,0,17,1,1
AJKU,A,0.5,0,18,1,1
AJKU,A,0.5,0,19,-1,-1
AJKU,A,0.5,0,20,1,-1
AJKU,A,0.5,0,21,1,-1
AJKU,A,0.5,0,22,1,-1
AJKU,A,0.5,0,23,-1,-1
AJKU,A,0.5,0,24,1,-1
AJKU,A,0.55,0,0,1,1
AJKU,A,0.55,0,1,1,1
AJKU,A,0.55,0,2,-1,1
AJKU,A,0.55,0,3,1,1
AJKU,A,0.55,0,4,1,1
AJKU,A,0.55,0,5,-1,-1
AJKU,A,0.55,0,6,-1,1
AJKU,A,0.55,0,7,1,1
AJKU,A,0.55,0,8,1,1
AJKU,A,0.55,0,9,-1,-1
AJKU,A,0.55,0,10,1,-1
AJKU,A,0.55,0,11,-1,-1
AJKU,A,0.55,0,12,-1,-1
AJKU,A,0.55,0,13,1,1
AJKU,A,0.55,0,14,-1,-1
AJKU,A,0.55,0,15,-1,-1
AJKU,A,0.55,0,16,1,1
AJKU,A,0.55,0,17,1,1
AJKU,A,0.55,0,18,1,1
AJKU,A,0.55,0,19,-1,-1
AJKU,A,0.55,0,20,1,-1
AJKU,A,0.55,0,21,1,1
AJKU,A,0.55,0,22,1,1
AJKU,A,0.55,0,23,-1,1
AJKU,A,0.55,0,24,1,-1
AJKU,A,0.6,0,0,1,1
AJKU,A,0.6,0,1,1,1
AJKU,A,0.6,0,2,-1,1
AJKU,A,0.6,0,3,1,1
AJKU,A,0.6,0,4,1,1
AJKU,A,0.6,0,5,-1,-1
AJKU,A,0.6,0,6,-1,1
AJKU,A,0.6,0,7,1,1
AJKU,A,0.6,0,8,1,1
AJKU,A,0.6,0,9,-1,-1
AJKU,A,0.6,0,10,1,-1
AJKU,A,0.6,0,11,-1,-1
AJKU,A,0.6,0,12,-1,-1
AJKU,A,0.6,0,13,1,1
AJKU,A,0.6,0,14,-1,-1
AJKU,A,0.6,0,15,-1,-1
AJKU,A,0.6,0,16,1,1
AJKU,A,0.6,0,17,1,1
AJKU,A,0.6,0,18,1,1
AJKU,A,0.6,0,19,-1,-1
AJKU,A,0.6,0,20,1,-1
AJKU,A,0.6,0,21,1,1
AJKU,A,0.6,0,22,1,1
AJKU,A,0.6,0,23,-1,1
AJKU,A,0.6,0,24,1,-1
AJKU,A,0.65,0,0,1,1
AJKU,A,0.65,0,1,1,1
AJKU,A,0.65,0,2,-1,1
AJKU,A,0.65,0,3,1,1
AJKU,A,0.65,0,4,1,1
AJKU,A,0.65,0,5,-1,-1
AJKU,A,0.65,0,6,-1,1
AJKU,A,0.65,0,7,1,1
AJKU,A,0.65,0,8,1,1
AJKU,A,0.65,0,9,-1,-1
AJKU,A,0.65,0,10,1,-1
AJKU,A,0.65,0,11,-1,-1
AJKU,A,0.65,0,12,-1,-1
AJKU,A,0.65,0,13,1,1
AJKU,A,0.65,0,14,-1,-1
AJKU,A,0.65,0,15,-1,-1
AJKU,A,0.65,0,16,1,1
AJKU,A,0.65,0,17,1,1
AJKU,A,0.65,0,18,1,1
AJKU,A,0.65,0,19,-1,-1
AJKU,A,0.65,0,20,1,-1
AJKU,A,0.65,0,21,1,1
AJKU,A,0.65,0,22,1,1
AJKU,A,0.65,0,23,-1,1
AJKU,A,0.65,0,24,1,-1
AJKU,J,0.1,0,0,1,1
AJKU,J,0.1,0,1,1,1
AJKU,J,0.1,0,2,1,1
AJKU,J,0.1,0,3,1,1
AJKU,J,0.1,0,4,1,1
AJKU,J,0.1,0,5,-1,-1
AJKU,J,0.1,0,6,-1,-1
AJKU,J,0.1,0,7,-1,-1
AJKU,J,0.1,0,8,1,1
AJKU,J,0.1,0,9,1,-1
AJKU,J,0.1,0,10,-1,-1
AJKU,J,0.1,0,11,-1,-1
AJKU,J,0.1,0,12,-1,-1
AJKU,J,0.1,0,13,1,1
AJKU,J,0.1,0,14,-1,-1
AJKU,J,0.1,0,15,1,1
AJKU,J,0.1,0,16,-1,-1
AJKU,J,0.1,0,17,-1,-1
AJKU,J,0.1,0,18,1,1
AJKU,J,0.1,0,19,-1,-1
AJKU,J,0.1,0,20,-1,-1
AJKU,J,0.1,0,21,1,1
AJKU,J,0.1,0,22,1,1
AJKU,J,0.1,0,23,-1,-1
AJKU,J,0.1,0,24,-1,-1
AJKU,J,0.2,0,0,1,1
AJKU,J,0.2,0,1,1,1
AJKU,J,0.2,0,2,-1,1
AJKU,J,0.2,0,3,1,1
AJKU,J,0.2,0,4,1,1
AJKU,J,0.2,0,5,-1,-1
AJKU,J,0.2,0,6,-1,-1
AJKU,J,0.2,0,7,-1,-1
AJKU,J,0.2,0,8,1,1
AJKU,J,0.2,0,9,1,-1
AJKU,J,0.2,0,10,-1,-1
AJKU,J,0.2,0,11,-1,-1
AJKU,J,0.2,0,12,-1,-1
AJKU,J,0.2,0,13,1,1
AJKU,J,0.2,0,14,-1,-1
AJKU,J,0.2,0,15,1,1
AJKU,J,0.2,0,16,1,-1
AJKU,J,0.2,0,17,-1,-1
AJKU,J,0.2,0,18,1,1
AJKU,J,0.2,0,19,-1,-1
AJKU,J,0.2,0,20,-1,-1
AJKU,J,0.2,0,21,1,1
AJKU,J,0.2,0,22,1,1
AJKU,J,0.2,0,23,-1,-1
AJKU,J,0.2,0,24,-1,-1
AJKU,J,0.3,0,0,1,1
AJKU,J,0.3,0,1,1,1
AJKU,J,0.3,0,2,-1,1
AJKU,J,0.3,0,3,1,1
AJKU,J,0.3,0,4,1,1
AJKU,J,0.3,0,5,-1,-1
AJKU,J,0.3,0,6,-1,-1
AJKU,J,0.3,0,7,-1,-1
AJKU,J,0.3,0,8,1,1
AJKU,J,0.3,0,9,1,-1
AJKU,J,0.3,0,10,-1,-1
AJKU,J,0.3,0,11,-1,-1
AJKU,J,0.3,0,12,-1,-1
AJKU,J,0.3,0,13,1,1
AJKU,J,0.3,0,14,-1,-1
AJKU,J,0.3,0,15,1,1
AJKU,J,0.3,0,16,1,-1
AJKU,J,0.3,0,17,-1,-1
AJKU,J,0.3,0,18,-1,1
AJKU,J,0.3,0,19,1,-1
AJKU,J,0.3,0,20,-1,-1
AJKU,J,0.3,0,21,-1,1
AJKU,J,0.3,0,22,1,1
AJKU,J,0.3,0,23,-1,-1
AJKU,J,0.3,0,24,-1,-1
AJKU,J,0.4,0,0,1,1
AJKU,J,0.4,0,1,1,1
AJKU,J,0.4,0,2,-1,1
AJKU,J,0.4,0,3,1,1
AJKU,J,0.4,0,4,-1,1
AJKU,J,0.4,0,5,-1,-1
AJKU,J,0.4,0,6,-1,-1
AJKU,J,0.4,0,7,-1,-1
AJKU,J,0.4,0,8,1,-1
AJKU,J,0.4,0,9,1,1
AJKU,J,0.4,0,10,-1,-1
AJKU,J,0.4,0,11,-1,-1
AJKU,J,0.4,0,12,1,-1
AJKU,J,0.4,0,13,1,1
AJKU,J,0.4,0,14,1,1
AJKU,J,0.4,0,15,1,1
AJKU,J,0.4,0,16,1,-1
AJKU,J,0.4,0,17,-1,-1
AJKU,J,0.4,0,18,-1,-1
AJKU,J,0.4,0,19,1,1
AJKU,J,0.4,0,20,-1,-1
AJKU,J,0.4,0,21,-1,1
AJKU,J,0.4,0,22,1,1
AJKU,J,0.4,0,23,-1,1
AJKU,J,0.4,0,24,-1,-1
AJKU,J,0.45,0,0,1,-1
AJKU,J,0.45,0,1,1,1
AJKU,J,0.45,0,2,-1,1
AJKU,J,0.45,0,3,1,1
AJKU,J,0.45,0,4,-1,-1
AJKU,J,0.45,0,5,1,-1
AJKU,J,0.45,0,6,-1,1
AJKU,J,0.45,0,7,1,1
AJKU,J,0.45,0,8,1,-1
AJKU,J,0.45,0,9,1,1
AJKU,J,0.45,0,10,-1,-1
AJKU,J,0.45,0,11,-1,-1
AJKU,J,0.45,0,12,1,-1
AJKU,J,0.45,0,13,1,1
AJKU,J,0.45,0,14,1,1
AJKU,J,0.45,0,15,1,-1
AJKU,J,0.45,0,16,1,1
AJKU,J,0.45,0,17,1,1
AJKU,J,0.45,0,18,-1,-1
AJKU,J,0.45,0,19,1,1
AJKU,J,0.45,0,20,-1,-1
AJKU,J,0.45,0,21,-1,1
AJKU,J,0.45,0,22,1,1
AJKU,J,0.45,0,23,-1,1
AJKU,J,0.45,0,24,-1,-1
AJKU,J,0.5,0,0,1,-1
AJKU,J,0.5,0,1,1,1
AJKU,J,0.5,0,2,-1,1
AJKU,J,0.5,0,3,1,1
AJKU,J,0.5,0,4,-1,-1
AJKU,J,0.5,0,5,1,-1
AJKU,J,0.5,0,6,-1,1
AJKU,J,0.5,0,7,1,1
AJKU,J,0.5,0,8,1,-1
AJKU,J,0.5,0,9,1,1
AJKU,J,0.5,0,10,-1,-1
AJKU,J,0.5,0,11,-1,1
AJKU,J,0.5,0,12,1,-1
AJKU,J,0.5,0,13,1,1
AJKU,J,0.5,0,14,1,1
AJKU,J,0.5,0,15,-1,-1
AJKU,J,0.5,0,16,1,1
AJKU,J,0.5,0,17,1,1
AJKU,J,0.5,0,18,-1,-1
AJKU,J,0.5,0,19,1,1
AJKU,J,0.5,0,20,-1,1
AJKU,J,0.5,0,21,-1,1
AJKU,J,0.5,0,22,-1,1
AJKU,J,0.5,0,23,-1,1
AJKU,J,0.5,0,24,-1,1
AJKU,J,0.55,0,0,-1,-1
AJKU,J,0.55,0,1,1,1
AJKU,J,0.55,0,2,-1,1
AJKU,J,0.55,0,3,1,1
AJKU,J,0.55,0,4,-1,-1
AJKU,J,0.55,0,5,1,1
AJKU,J,0.55,0,6,-1,1
AJKU,J,0.55,0,7,1,1
AJKU,J,0.55,0,8,-1,-1
AJKU,J,0.55,0,9,1,1
AJKU,J,0.55,0,10,-1,1
AJKU,J,0.55,0,11,1,1
AJKU,J,0.55,0,12,1,1
AJKU,J,0.55,0,13,1,1
AJKU,J,0.55,0,14,1,1
AJKU,J,0.55,0,15,-1,-1
AJKU,J,0.55,0,16,1,1
AJKU,J,0.55,0,17,1,1
AJKU,J,0.55,0,18,-1,-1
AJKU,J,0.55,0,19,1,1
AJKU,J,0.55,0,20,-1,1
AJKU,J,0.55,0,21,-1,-1
AJKU,J,0.55,0,22,-1,-1
AJKU,J,0.55,0,23,-1,-1
AJKU,J,0.55,0,24,-1,1
AJKU,J,0.6,0,0,-1,-1
AJKU,J,0.6,0,1,1,1
AJKU,J,0.6,0,2,-1,1
AJKU,J,0.6,0,3,1,1
AJKU,J,0.6,0,4,-1,-1
AJKU,J,0.6,0,5,1,1
AJKU,J,0.6,0,6,-1,1
AJKU,J,0.6,0,7,1,1
AJKU,J,0.6,0,8,-1,-1
AJKU,J,0.6,0,9,1,1
AJKU,J,0.6,0,10,-1,1
AJKU,J,0.6,0,11,1,1
AJKU,J,0.6,0,12,1,1
AJKU,J,0.6,0,13,1,1
AJKU,J,0.6,0,14,1,1
AJKU,J,0.6,0,15,-1,-1
AJKU,J,0.6,0,16,1,1
AJKU,J,0.6,0,17,1,1
AJKU,J,0.6,0,18,-1,-1
AJKU,J,0.6,0,19,1,1
AJKU,J,0.6,0,20,-1,1
AJKU,J,0.6,0,21,-1,-1
AJKU,J,0.6,0,22,-1,-1
AJKU,J,0.6,0,23,-1,-1
AJKU,J,0.6,0,24,-1,1
AJKU,J,0.65,0,0,-1,-1
AJKU,J,0.65,0,1,1,1
AJKU,J,0.65,0,2,-1,1
AJKU,J,0.65,0,3,1,1
AJKU,J,0.65,0,4,-1,-1
AJKU,J,0.65,0,5,1,1
AJKU,J,0.65,0,6,-1,1
AJKU,J,0.65,0,7,1,1
AJKU,J,0.65,0,8,-1,-1
AJKU,J,0.65,0,9,1,1
AJKU,J,0.65,0,10,-1,1
AJKU,J,0.65,0,11,1,1
AJKU,J,0.65,0,12,1,1
AJKU,J,0.65,0,13,1,1
AJKU,J,0.65,0,14,1,1
AJKU,J,0.65,0,15,-1,-1
AJKU,J,0.65,0,16,1,1
AJKU,J,0.65,0,17,1,1
AJKU,J,0.65,0,18,-1,-1
AJKU,J,0.65,0,19,1,1
AJKU,J,0.65,0,20,-1,1
AJKU,J,0.65,0,21,-1,-1
AJKU,J,0.65,0,22,-1,-1
AJKU,J,0.65,0,23,-1,-1
AJKU,J,0.65,0,24,-1,1
AJKU,K,0.1,0,0,1,1
AJKU,K,0.1,0,1,-1,-1
AJKU,K,0.1,0,2,-1,-1
AJKU,K,0.1,0,3,-1,-1
AJKU,K,0.1,0,4,1,1
AJKU,K,0.1,0,5,1,1
AJKU,K,0.1,0,6,-1,-1
AJKU,K,0.1,0,7,-1,-1
AJKU,K,0.1,0,8,1,1
AJKU,K,0.1,0,9,1,-1
AJKU,K,0.1,0,10,1,1
AJKU,K,0.1,0,11,1,1
AJKU,K,0.1,0,12,1,1
AJKU,K,0.1,0,13,-1,-1
AJKU,K,0.1,0,14,-1,-1
AJKU,K,0.1,0,15,1,1
AJKU,K,0.1,0,16,-1,-1
AJKU,K,0.1,0,17,-1,-1
AJKU,K,0.1,0,18,1,1
AJKU,K,0.1,0,19,-1,-1
AJKU,K,0.1,0,20,1,1
AJKU,K,0.1,0,21,-1,-1
AJKU,K,0.1,0,22,-1,-1
AJKU,K,0.1,0,23,-1,-1
AJKU,K,0.1,0,24,1,1
AJKU,K,0.2,0,0,1,1
AJKU,K,0.2,0,1,-1,-1
AJKU,K,0.2,0,2,1,-1
AJKU,K,0.2,0,3,-1,-1
AJKU,K,0.2,0,4,1,1
AJKU,K,0.2,0,5,1,1
AJKU,K,0.2,0,6,-1,-1
AJKU,K,0.2,0,7,-1,-1
AJKU,K,0.2,0,8,1,1
AJKU,K,0.2,0,9,1,-1
AJKU,K,0.2,0,10,1,1
AJKU,K,0.2,0,11,1,1
AJKU,K,0.2,0,12,1,1
AJKU,K,0.2,0,13,-1,-1
AJKU,K,0.2,0,14,-1,-1
AJKU,K,0.2,0,15,1,1
AJKU,K,0.2,0,16,1,-1
AJKU,K,0.2,0,17,-1,-1
AJKU,K,0.2,0,18,1,1
AJKU,K,0.2,0,19,-1,-1
AJKU,K,0.2,0,20,1,1
AJKU,K,0.2,0,21,-1,-1
AJKU,K,0.2,0,22,-1,-1
AJKU,K,0.2,0,23,-1,-1
AJKU,K,0.2,0,24,1,1
AJKU,K,0.3,0,0,1,1
AJKU,K,0.3,0,1,-1,-1
AJKU,K,0.3,0,2,1,-1
AJKU,K,0.3,0,3,-1,-1
AJKU,K,0.3,0,4,1,1
AJKU,K,0.3,0,5,1,1
AJKU,K,0.3,0,6,-1,-1
AJKU,K,0.3,0,7,-1,-1
AJKU,K,0.3,0,8,1,1
AJKU,K,0.3,0,9,1,-1
AJKU,K,0.3,0,10,1,1
AJKU,K,0.3,0,11,1,1
AJKU,K,0.3,0,12,1,1
AJKU,K,0.3,0,13,-1,-1
AJKU,K,0.3,0,14,-1,-1
AJKU,K,0.3,0,15,1,1
AJKU,K,0.3,0,16,1,-1
AJKU,K,0.3,0,17,-1,-1
AJKU,K,0.3,0,18,-1,1
AJKU,K,0.3,0,19,1,-1
AJKU,K,0.3,0,20,1,1
AJKU,K,0.3,0,21,1,-1
AJKU,K,0.3,0,22,-1,-1
AJKU,K,0.3,0,23,-1,-1
AJKU,K,0.3,0,24,1,1
AJKU,K,0.4,0,0,1,-1
AJKU,K,0.4,0,1,-1,-1
AJKU,K,0.4,0,2,1,-1
AJKU,K,0.4,0,3,-1,-1
AJKU,K,0.4,0,4,-1,-1
AJKU,K,0.4,0,5,1,1
AJKU,K,0.4,0,6,-1,-1
AJKU,K,0.4,0,7,-1,-1
AJKU,K,0.4,0,8,1,-1
AJKU,K,0.4,0,9,1,1
AJKU,K,0.4,0,10,1,1
AJKU,K,0.4,0,11,1,1
AJKU,K,0.4,0,12,-1,1
AJKU,K,0.4,0,13,-1,-1
AJKU,K,0.4,0,14,1,1
AJKU,K,0.4,0,15,1,1
AJKU,K,0.4,0,16,1,-1
AJKU,K,0.4,0,17,-1,-1
AJKU,K,0.4,0,18,-1,-1
AJKU,K,0.4,0,19,1,1
AJKU,K,0.4,0,20,1,1
AJKU,K,0.4,0,21,1,-1
AJKU,K,0.4,0,22,-1,-1
AJKU,K,0.4,0,23,-1,-1
AJKU,K,0.4,0,24,1,1
AJKU,K,0.45,0,0,1,-1
AJKU,K,0.45,0,1,-1,-1
AJKU,K,0.45,0,2,1,-1
AJKU,K,0.45,0,3,-1,-1
AJKU,K,0.45,0,4,-1,-1
AJKU,K,0.45,0,5,-1,1
AJKU,K,0.45,0,6,-1,1
AJKU,K,0.45,0,7,1,1
AJKU,K,0.45,0,8,1,-1
AJKU,K,0.45,0,9,1,1
AJKU,K,0.45,0,10,1,1
AJKU,K,0.45,0,11,1,1
AJKU,K,0.45,0,12,-1,1
AJKU,K,0.45,0,13,-1,-1
AJKU,K,0.45,0,14,1,1
AJKU,K,0.45,0,15,1,-1
AJKU,K,0.45,0,16,1,1
AJKU,K,0.45,0,17,1,1
AJKU,K,0.45,0,18,-1,-1
AJKU,K,0.45,0,19,1,1
AJKU,K,0.45,0,20,1,1
AJKU,K,0.45,0,21,1,-1
AJKU,K,0.45,0,22,-1,-1
AJKU,K,0.45,0,23,-1,1
AJKU,K,0.45,0,24,1,1
AJKU,K,0.5,0,0,1,-1
AJKU,K,0.5,0,1,-1,-1
AJKU,K,0.5,0,2,1,-1
AJKU,K,0.5,0,3,-1,-1
AJKU,K,0.5,0,4,-1,-1
AJKU,K,0.5,0,5,-1,1
AJKU,K,0.5,0,6,-1,1
AJKU,K,0.5,0,7,1,1
AJKU,K,0.5,0,8,1,-1
AJKU,K,0.5,0,9,1,1
AJKU,K,0.5,0,10,1,1
AJKU,K,0.5,0,11,1,1
AJKU,K,0.5,0,12,-1,1
AJKU,K,0.5,0,13,-1,-1
AJKU,K,0.5,0,14,1,1
AJKU,K,0.5,0,15,-1,-1
AJKU,K,0.5,0,16,1,1
AJKU,K,0.5,0,17,1,1
AJKU,K,0.5,0,18,-1,-1
AJKU,K,0.5,0,19,1,1
AJKU,K,0.5,0,20,1,1
AJKU,K,0.5,0,21,1,-1
AJKU,K,0.5,0,22,1,-1
AJKU,K,0.5,0,23,-1,1
AJKU,K,0.5,0,24,1,1
AJKU,K,0.55,0,0,-1,-1
AJKU,K,0.55,0,1,-1,1
AJKU,K,0.55,0,2,1,1
AJKU,K,0.55,0,3,-1,1
AJKU,K,0.55,0,4,-1,-1
AJKU,K,0.55,0,5,-1,1
AJKU,K,0.55,0,6,-1,1
AJKU,K,0.55,0,7,1,1
AJKU,K,0.55,0,8,-1,-1
AJKU,K,0.55,0,9,1,1
AJKU,K,0.55,0,10,1,1
AJKU,K,0.55,0,11,-1,1
AJKU,K,0.55,0,12,-1,1
AJKU,K,0.55,0,13,-1,1
AJKU,K,0.55,0,14,1,1
AJKU,K,0.55,0,15,-1,-1
AJKU,K,0.55,0,16,1,1
AJKU,K,0.55,0,17,1,1
AJKU,K,0.55,0,18,-1,-1
AJKU,K,0.55,0,19,1,1
AJKU,K,0.55,0,20,1,1
AJKU,K,0.55,0,21,1,-1
AJKU,K,0.55,0,22,1,-1
AJKU,K,0.55,0,23,-1,-1
AJKU,K,0.55,0,24,1,1
AJKU,K,0.6,0,0,-1,-1
AJKU,K,0.6,0,1,-1,1
AJKU,K,0.6,0,2,1,1
AJKU,K,0.6,0,3,-1,1
AJKU,K,0.6,0,4,-1,-1
AJKU,K,0.6,0,5,-1,1
AJKU,K,0.6,0,6,-1,1
AJKU,K,0.6,0,7,1,1
AJKU,K,0.6,0,8,-1,-1
AJKU,K,0.6,0,9,1,1
AJKU,K,0.6,0,10,1,1
AJKU,K,0.6,0,11,-1,1
AJKU,K,0.6,0,12,-1,1
AJKU,K,0.6,0,13,-1,1
AJKU,K,0.6,0,14,1,1
AJKU,K,0.6,0,15,-1,-1
AJKU,K,0.6,0,16,1,1
AJKU,K,0.6,0,17,1,1
AJKU,K,0.6,0,18,-1,-1
AJKU,K,0.6,0,19,1,1
AJKU,K,0.6,0,20,1,1
AJKU,K,0.6,0,21,1,-1
AJKU,K,0.6,0,22,1,-1
AJKU,K,0.6,0,23,-1,-1
AJKU,K,0.6,0,24,1,1
AJKU,K,0.65,0,0,-1,-1
AJKU,K,0.65,0,1,-1,1
AJKU,K,0.65,0,2,1,1
AJKU,K,0.65,0,3,-1,1
AJKU,K,0.65,0,4,-1,-1
AJKU,K,0.65,0,5,-1,1
AJKU,K,0.65,0,6,-1,1
AJKU,K,0.65,0,7,1,1
AJKU,K,0.65,0,8,-1,-1
AJKU,K,0.65,0,9,1,1
AJKU,K,0.65,0,10,1,1
AJKU,K,0.65,0,11,-1,1
AJKU,K,0.65,0,12,-1,1
AJKU,K,0.65,0,13,-1,1
AJKU,K,0.65,0,14,1,1
AJKU,K,0.65,0,15,-1,-1
AJKU,K,0.65,0,16,1,1
AJKU,K,0.65,0,17,1,1
AJKU,K,0.65,0,18,-1,-1
AJKU,K,0.65,0,19,1,1
AJKU,K,0.65,0,20,1,1
AJKU,K,0.65,0,21,1,-1
AJKU,K,0.65,0,22,1,-1
AJKU,K,0.65,0,23,-1,-1
AJKU,K,0.65,0,24,1,1
AJKU,U,0.1,0,0,1,1
AJKU,U,0.1,0,1,-1,-1
AJKU,U,0.1,0,2,-1,-1
AJKU,U,0.1,0,3,-1,-1
AJKU,U,0.1,0,4,1,1
AJKU,U,0.1,0,5,1,1
AJKU,U,0.1,0,6,-1,-1
AJKU,U,0.1,0,7,-1,-1
AJKU,U,0.1,0,8,-1,-1
AJKU,U,0.1,0,9,-1,1
AJKU,U,0.1,0,10,1,1
AJKU,U,0.1,0,11,-1,-1
AJKU,U,0.1,0,12,-1,-1
AJKU,U,0.1,0,13,-1,-1
AJKU,U,0.1,0,14,1,1
AJKU,U,0.1,0,15,1,1
AJKU,U,0.1,0,16,-1,-1
AJKU,U,0.1,0,17,-1,-1
AJKU,U,0.1,0,18,-1,-1
AJKU,U,0.1,0,19,1,1
AJKU,U,0.1,0,20,-1,-1
AJKU,U,0.1,0,21,1,1
AJKU,U,0.1,0,22,1,1
AJKU,U,0.1,0,23,1,1
AJKU,U,0.1,0,24,-1,-1
AJKU,U,0.2,0,0,1,1
AJKU,U,0.2,0,1,-1,-1
AJKU,U,0.2,0,2,1,-1
AJKU,U,0.2,0,3,-1,-1
AJKU,U,0.2,0,4,1,1
AJKU,U,0.2,0,5,1,1
AJKU,U,0.2,0,6,-1,-1
AJKU,U,0.2,0,7,-1,-1
AJKU,U,0.2,0,8,-1,-1
AJKU,U,0.2,0,9,-1,1
AJKU,U,0.2,0,10,1,1
AJKU,U,0.2,0,11,-1,-1
AJKU,U,0.2,0,12,-1,-1
AJKU,U,0.2,0,13,-1,-1
AJKU,U,0.2,0,14,1,1
AJKU,U,0.2,0,15,1,1
AJKU,U,0.2,0,16,1,-1
AJKU,U,0.2,0,17,-1,-1
AJKU,U,0.2,0,18,-1,-1
AJKU,U,0.2,0,19,1,1
AJKU,U,0.2,0,20,-1,-1
AJKU,U,0.2,0,21,1,1
AJKU,U,0.2,0,22,1,1
AJKU,U,0.2,0,23,1,1
AJKU,U,0.2,0,24,-1,-1
AJKU,U,0.3,0,0,1,1
AJKU,U,0.3,0,1,-1,-1
AJKU,U,0.3,0,2,1,-1
AJKU,U,0.3,0,3,-1,-1
AJKU,U,0.3,0,4,1,1
AJKU,U,0.3,0,5,1,1
AJKU,U,0.3,0,6,-1,-1
AJKU,U,0.3,0,7,-1,-1
AJKU,U,0.3,0,8,-1,-1
AJKU,U,0.3,0,9,-1,1
AJKU,U,0.3,0,10,1,1
AJKU,U,0.3,0,11,-1,-1
AJKU,U,0.3,0,12,-1,-1
AJKU,U,0.3,0,13,-1,-1
AJKU,U,0.3,0,14,1,1
AJKU,U,0.3,0,15,1,1
AJKU,U,0.3,0,16,1,-1
AJKU,U,0.3,0,17,-1,-1
AJKU,U,0.3,0,18,1,-1
AJKU,U,0.3,0,19,-1,1
AJKU,U,0.3,0,20,-1,-1
AJKU,U,0.3,0,21,-1,1
AJKU,U,0.3,0,22,1,1
AJKU,U,0.3,0,23,1,1
AJKU,U,0.3,0,24,-1,-1
AJKU,U,0.4,0,0,1,1
AJKU,U,0.4,0,1,-1,-1
AJKU,U,0.4,0,2,1,-1
AJKU,U,0.4,0,3,-1,-1
AJKU,U,0.4,0,4,-1,1
AJKU,U,0.4,0,5,1,-1
AJKU,U,0.4,0,6,-1,-1
AJKU,U,0.4,0,7,-1,-1
AJKU,U,0.4,0,8,-1,1
AJKU,U,0.4,0,9,-1,-1
AJKU,U,0.4,0,10,1,-1
AJKU,U,0.4,0,11,-1,-1
AJKU,U,0.4,0,12,1,-1
AJKU,U,0.4,0,13,-1,-1
AJKU,U,0.4,0,14,-1,-1
AJKU,U,0.4,0,15,1,1
AJKU,U,0.4,0,16,1,-1
AJKU,U,0.4,0,17,-1,-1
AJKU,U,0.4,0,18,1,1
AJKU,U,0.4,0,19,-1,-1
AJKU,U,0.4,0,20,-1,-1
AJKU,U,0.4,0,21,-1,1
AJKU,U,0.4,0,22,1,1
AJKU,U,0.4,0,23,1,1
AJKU,U,0.4,0,24,-1,-1
AJKU,U,0.45,0,0,1,1
AJKU,U,0.45,0,1,-1,-1
AJKU,U,0.45,0,2,1,-1
AJKU,U,0.45,0,3,-1,-1
AJKU,U,0.45,0,4,-1,1
AJKU,U,0.45,0,5,-1,-1
AJKU,U,0.45,0,6,-1,1
AJKU,U,0.45,0,7,1,1
AJKU,U,0.45,0,8,-1,1
AJKU,U,0.45,0,9,-1,-1
AJKU,U,0.45,0,10,1,-1
AJKU,U,0.45,0,11,-1,-1
AJKU,U,0.45,0,12,1,-1
AJKU,U,0.45,0,13,-1,-1
AJKU,U,0.45,0,14,-1,-1
AJKU,U,0.45,0,15,1,-1
AJKU,U,0.45,0,16,1,1
AJKU,U,0.45,0,17,1,1
AJKU,U,0.45,0,18,1,1
AJKU,U,0.45,0,19,-1,-1
AJKU,U,0.45,0,20,-1,-1
AJKU,U,0.45,0,21,-1,1
AJKU,U,0.45,0,22,1,1
AJKU,U,0.45,0,23,1,1
AJKU,U,0.45,0,24,-1,-1
AJKU,U,0.5,0,0,1,1
AJKU,U,0.5,0,1,-1,-1
AJKU,U,0.5,0,2,1,-1
AJKU,U,0.5,0,3,-1,-1
AJKU,U,0.5,0,4,-1,1
AJKU,U,0.5,0,5,-1,-1
AJKU,U,0.5,0,6,-1,1
AJKU,U,0.5,0,7,1,1
AJKU,U,0.5,0,8,-1,1
AJKU,U,0.5,0,9,-1,-1
AJKU,U,0.5,0,10,1,-1
AJKU,U,0.5,0,11,-1,-1
AJKU,U,0.5,0,12,1,-1
AJKU,U,0.5,0,13,-1,-1
AJKU,U,0.5,0,14,-1,-1
AJKU,U,0.5,0,15,-1,-1
AJKU,U,0.5,0,16,1,1
AJKU,U,0.5,0,17,1,1
AJKU,U,0.5,0,18,1,1
AJKU,U,0.5,0,19,-1,-1
AJKU,U,0.5,0,20,-1,-1
AJKU,U,0.5,0,21,-1,1
AJKU,U,0.5,0,22,-1,1
AJKU,U,0.5,0,23,1,1
AJKU,U,0.5,0,24,-1,-1
AJKU,U,0.55,0,0,-1,-1
AJKU,U,0.55,0,1,-1,-1
AJKU,U,0.55,0,2,1,-1
AJKU,U,0.55,0,3,-1,-1
AJKU,U,0.55,0,4,-1,-1
AJKU,U,0.55,0,5,-1,-1
AJKU,U,0.55,0,6,-1,1
AJKU,U,0.55,0,7,1,1
AJKU,U,0.55,0,8,1,1
AJKU,U,0.55,0,9,-1,-1
AJKU,U,0.55,0,10,1,-1
AJKU,U,0.55,0,11,1,1
AJKU,U,0.55,0,12,1,1
AJKU,U,0.55,0,13,-1,-1
AJKU,U,0.55,0,14,-1,-1
AJKU,U,0.55,0,15,-1,-1
AJKU,U,0.55,0,16,1,1
AJKU,U,0.55,0,17,1,1
AJKU,U,0.55,0,18,1,1
AJKU,U,0.55,0,19,-1,-1
AJKU,U,0.55,0,20,-1,1
AJKU,U,0.55,0,21,-1,-1
AJKU,U,0.55,0,22,-1,-1
AJKU,U,0.55,0,23,1,-1
AJKU,U,0.55,0,24,-1,1
AJKU,U,0.6,0,0,-1,-1
AJKU,U,0.6,0,1,-1,-1
AJKU,U,0.6,0,2,1,-1
AJKU,U,0.6,0,3,-1,-1
AJKU,U,0.6,0,4,-1,-1
AJKU,U,0.6,0,5,-1,-1
AJKU,U,0.6,0,6,-1,1
AJKU,U,0.6,0,7,1,1
AJKU,U,0.6,0,8,1,1
AJKU,U,0.6,0,9,-1,-1
AJKU,U,0.6,0,10,1,-1
AJKU,U,0.6,0,11,1,1
AJKU,U,0.6,0,12,1,1
AJKU,U,0.6,0,13,-1,-1
AJKU,U,0.6,0,14,-1,-1
AJKU,U,0.6,0,15,-1,-1
AJKU,U,0.6,0,16,1,1
AJKU,U,0.6,0,17,1,1
AJKU,U,0.6,0,18,1,1
AJKU,U,0.6,0,19,-1,-1
AJKU,U,0.6,0,20,-1,1
AJKU,U,0.6,0,21,-1,-1
AJKU,U,0.6,0,22,-1,-1
AJKU,U,0.6,0,23,1,-1
AJKU,U,0.6,0,24,-1,1
AJKU,U,0.65,0,0,-1,-1
AJKU,U,0.65,0,1,-1,-1
AJKU,U,0.65,0,2,1,-1
AJKU,U,0.65,0,3,-1,-1
AJKU,U,0.65,0,4,-1,-1
AJKU,U,0.65,0,5,-1,-1
AJKU,U,0.65,0,6,-1,1
AJKU,U,0.65,0,7,1,1
AJKU,U,0.65,0,8,1,1
AJKU,U,0.65,0,9,-1,-1
AJKU,U,0.65,0,10,1,-1
AJKU,U,0.65,0,11,1,1
AJKU,U,0.65,0,12,1,1
AJKU,U,0.65,0,13,-1,-1
AJKU,U,0.65,0,14,-1,-1
AJKU,U,0.65,0,15,-1,-1
AJKU,U,0.65,0,16,1,1
AJKU,U,0.65,0,17,1,1
AJKU,U,0.65,0,18,1,1
AJKU,U,0.65,0,19,-1,-1
AJKU,U,0.65,0,20,-1,1
AJKU,U,0.65,0,21,-1,-1
AJKU,U,0.65,0,22,-1,-1
AJKU,U,0.65,0,23,1,-1
AJKU,U,0.65,0,24,-1,1
BDOX,B,0.1,0,0,1,1
BDOX,B,0.1,0,1,1,1
BDOX,B,0.1,0,2,1,1
BDOX,B,0.1,0,3,1,1
BDOX,B,0.1,0,4,-1,-1
BDOX,B,0.1,0,5,1,1
BDOX,B,0.1,0,6,-1,-1
BDOX,B,0.1,0,7,-1,-1
BDOX,B,0.1,0,8,-1,-1
BDOX,B,0.1,0,9,-1,1
BDOX,B,0.1,0,10,1,1
BDOX,B,0.1,0,11,1,-1
BDOX,B,0.1,0,12,1,-1
BDOX,B,0.1,0,13,1,-1
BDOX,B,0.1,0,14,-1,1
BDOX,B,0.1,0,15,1,1
BDOX,B,0.1,0,16,-1,-1
BDOX,B,0.1,0,17,-1,-1
BDOX,B,0.1,0,18,-1,-1
BDOX,B,0.1,0,19,1,1
BDOX,B,0.1,0,20,1,1
BDOX,B,0.1,0,21,1,1
BDOX,B,0.1,0,22,1,1
BDOX,B,0.1,0,23,1,1
BDOX,B,0.1,0,24,-1,-1
BDOX,B,0.2,0,0,1,1
BDOX,B,0.2,0,1,1,1
BDOX,B,0.2,0,2,-1,1
BDOX,B,0.2,0,3,1,1
BDOX,B,0.2,0,4,-1,-1
BDOX,B,0.2,0,5,1,1
BDOX,B,0.2,0,6,-1,-1
BDOX,B,0.2,0,7,-1,-1
BDOX,B,0.2,0,8,-1,-1
BDOX,B,0.2,0,9,-1,1
BDOX,B,0.2,0,10,1,1
BDOX,B,0.2,0,11,1,-1
BDOX,B,0.2,0,12,1,-1
BDOX,B,0.2,0,13,1,-1
BDOX,B,0.2,0,14,-1,1
BDOX,B,0.2,0,15,1,1
BDOX,B,0.2,0,16,1,-1
BDOX,B,0.2,0,17,-1,-1
BDOX,B,0.2,0,18,-1,-1
BDOX,B,0.2,0,19,1,1
BDOX,B,0.2,0,20,1,1
BDOX,B,0.2,0,21,1,1
BDOX,B,0.2,0,22,1,1
BDOX,B,0.2,0,23,1,1
BDOX,B,0.2,0,24,-1,-1
BDOX,B,0.3,0,0,1,1
BDOX,B,0.3,0,1,1,1
BDOX,B,0.3,0,2,-1,1
BDOX,B,0.3,0,3,1,1
BDOX,B,0.3,0,4,-1,-1
BDOX,B,0.3,0,5,1,1
BDOX,B,0.3,0,6,-1,-1
BDOX,B,0.3,0,7,-1,-1
BDOX,B,0.3,0,8,-1,-1
BDOX,B,0.3,0,9,-1,1
BDOX,B,0.3,0,10,1,1
BDOX,B,0.3,0,11,1,-1
BDOX,B,0.3,0,12,1,-1
BDOX,B,0.3,0,13,1,-1
BDOX,B,0.3,0,14,-1,1
BDOX,B,0.3,0,15,1,1
BDOX,B,0.3,0,16,1,-1
BDOX,B,0.3,0,17,-1,-1
BDOX,B,0.3,0,18,1,-1
BDOX,B,0.3,0,19,-1,1
BDOX,B,0.3,0,20,1,1
BDOX,B,0.3,0,21,-1,1
BDOX,B,0.3,0,22,1,1
BDOX,B,0.3,0,23,1,1
BDOX,B,0.3,0,24,-1,-1
BDOX,B,0.4,0,0,1,1
BDOX,B,0.4,0,1,1,1
BDOX,B,0.4,0,2,-1,1
BDOX,B,0.4,0,3,1,1
BDOX,B,0.4,0,4,1,-1
BDOX,B,0.4,0,5,1,1
BDOX,B,0.4,0,6,-1,-1
BDOX,B,0.4,0,7,-1,-1
BDOX,B,0.4,0,8,-1,-1
BDOX,B,0.4,0,9,-1,1
BDOX,B,0.4,0,10,1,1
BDOX,B,0.4,0,11,1,-1
BDOX,B,0.4,0,12,-1,-1
BDOX,B,0.4,0,13,1,-1
BDOX,B,0.4,0,14,1,1
BDOX,B,0.4,0,15,1,1
BDOX,B,0.4,0,16,1,-1
BDOX,B,0.4,0,17,-1,-1
BDOX,B,0.4,0,18,1,-1
BDOX,B,0.4,0,19,-1,1
BDOX,B,0.4,0,20,1,1
BDOX,B,0.4,0,21,-1,1
BDOX,B,0.4,0,22,1,1
BDOX,B,0.4,0,23,1,1
BDOX,B,0.4,0,24,-1,-1
BDOX,B,0.45,0,0,1,-1
BDOX,B,0.45,0,1,1,1
BDOX,B,0.45,0,2,-1,1
BDOX,B,0.45,0,3,1,1
BDOX,B,0.45,0,4,1,-1
BDOX,B,0.45,0,5,-1,1
BDOX,B,0.45,0,6,-1,-1
BDOX,B,0.45,0,7,1,-1
BDOX,B,0.45,0,8,-1,-1
BDOX,B,0.45,0,9,-1,1
BDOX,B,0.45,0,10,1,1
BDOX,B,0.45,0,11,1,-1
BDOX,B,0.45,0,12,-1,-1
BDOX,B,0.45,0,13,1,-1
BDOX,B,0.45,0,14,1,1
BDOX,B,0.45,0,15,1,1
BDOX,B,0.45,0,16,1,-1
BDOX,B,0.45,0,17,1,-1
BDOX,B,0.45,0,18,1,-1
BDOX,B,0.45,0,19,-1,1
BDOX,B,0.45,0,20,1,-1
BDOX,B,0.45,0,21,-1,1
BDOX,B,0.45,0,22,1,1
BDOX,B,0.45,0,23,1,1
BDOX,B,0.45,0,24,-1,-1
BDOX,B,0.5,0,0,1,-1
BDOX,B,0.5,0,1,1,-1
BDOX,B,0.5,0,2,-1,-1
BDOX,B,0.5,0,3,1,-1
BDOX,B,0.5,0,4,1,1
BDOX,B,0.5,0,5,-1,-1
BDOX,B,0.5,0,6,-1,1
BDOX,B,0.5,0,7,1,1
BDOX,B,0.5,0,8,-1,1
BDOX,B,0.5,0,9,-1,-1
BDOX,B,0.5,0,10,1,-1
BDOX,B,0.5,0,11,1,1
BDOX,B,0.5,0,12,-1,1
BDOX,B,0.5,0,13,1,1
BDOX,B,0.5,0,14,1,-1
BDOX,B,0.5,0,15,-1,-1
BDOX,B,0.5,0,16,1,1
BDOX,B,0.5,0,17,1,1
BDOX,B,0.5,0,18,1,1
BDOX,B,0.5,0,19,-1,-1
BDOX,B,0.5,0,20,1,-1
BDOX,B,0.5,0,21,-1,-1
BDOX,B,0.5,0,22,-1,-1
BDOX,B,0.5,0,23,1,-1
BDOX,B,0.5,0,24,-1,1
BDOX,B,0.55,0,0,-1,-1
BDOX,B,0.55,0,1,1,-1
BDOX,B,0.55,0,2,-1,-1
BDOX,B,0.55,0,3,1,-1
BDOX,B,0.55,0,4,1,1
BDOX,B,0.55,0,5,-1,-1
BDOX,B,0.55,0,6,-1,1
BDOX,B,0.55,0,7,1,1
BDOX,B,0.55,0,8,1,1
BDOX,B,0.55,0,9,-1,-1
BDOX,B,0.55,0,10,1,-1
BDOX,B,0.55,0,11,-1,1
BDOX,B,0.55,0,12,-1,1
BDOX,B,0.55,0,13,1,1
BDOX,B,0.55,0,14,1,-1
BDOX,B,0.55,0,15,-1,-1
BDOX,B,0.55,0,16,1,1
BDOX,B,0.55,0,17,1,1
BDOX,B,0.55,0,18,1,1
BDOX,B,0.55,0,19,-1,-1
BDOX,B,0.55,0,20,1,-1
BDOX,B,0.55,0,21,-1,-1
BDOX,B,0.55,0,22,-1,-1
BDOX,B,0.55,0,23,1,-1
BDOX,B,0.55,0,24,-1,1
BDOX,B,0.6,0,0,-1,-1
BDOX,B,0.6,0,1,1,-1
BDOX,B,0.6,0,2,-1,-1
BDOX,B,0.6,0,3,1,-1
BDOX,B,0.6,0,4,1,1
BDOX,B,0.6,0,5,-1,-1
BDOX,B,0.6,0,6,-1,1
BDOX,B,0.6,0,7,1,1
BDOX,B,0.6,0,8,1,1
BDOX,B,0.6,0,9,-1,-1
BDOX,B,0.6,0,10,1,-1
BDOX,B,0.6,0,11,-1,1
BDOX,B,0.6,0,12,-1,1
BDOX,B,0.6,0,13,1,1
BDOX,B,0.6,0,14,1,-1
BDOX,B,0.6,0,15,-1,-1
BDOX,B,0.6,0,16,1,1
BDOX,B,0.6,0,17,1,1
BDOX,B,0.6,0,18,1,1
BDOX,B,0.6,0,19,-1,-1
BDOX,B,0.6,0,20,1,-1
BDOX,B,0.6,0,21,-1,-1
BDOX,B,0.6,0,22,-1,-1
BDOX,B,0.6,0,23,1,-1
BDOX,B,0.6,0,24,-1,1
BDOX,B,0.65,0,0,-1,-1
BDOX,B,0.65,0,1,1,-1
BDOX,B,0.65,0,2,-1,-1
BDOX,B,0.65,0,3,1,-1
BDOX,B,0.65,0,4,1,1
BDOX,B,0.65,0,5,-1,-1
BDOX,B,0.65,0,6,-1,1
BDOX,B,0.65,0,7,1,1
BDOX,B,0.65,0,8,1,1
BDOX,B,0.65,0,9,-1,-1
BDOX,B,0.65,0,10,1,-1
BDOX,B,0.65,0,11,-1,1
BDOX,B,0.65,0,12,-1,1
BDOX,B,0.65,0,13,1,1
BDOX,B,0.65,0,14,1,-1
BDOX,B,0.65,0,15,-1,-1
BDOX,B,0.65,0,16,1,1
BDOX,B,0.65,0,17,1,1
BDOX,B,0.65,0,18,1,1
BDOX,B,0.65,0,19,-1,-1
BDOX,B,0.65,0,20,1,-1
BDOX,B,0.65,0,21,-1,-1
BDOX,B,0.65,0,22,-1,-1
BDOX,B,0.65,0,23,1,-1
BDOX,B,0.65,0,24,-1,1
BDOX,D,0.1,0,0,1,1
BDOX,D,0.1,0,1,1,1
BDOX,D,0.1,0,2,1,1
BDOX,D,0.1,0,3,1,1
BDOX,D,0.1,0,4,-1,-1
BDOX,D,0.1,0,5,1,1
BDOX,D,0.1,0,6,-1,-1
BDOX,D,0.1,0,7,-1,-1
BDOX,D,0.1,0,8,-1,-1
BDOX,D,0.1,0,9,-1,1
BDOX,D,0.1,0,10,1,1
BDOX,D,0.1,0,11,-1,-1
BDOX,D,0.1,0,12,-1,-1
BDOX,D,0.1,0,13,-1,-1
BDOX,D,0.1,0,14,1,1
BDOX,D,0.1,0,15,1,1
BDOX,D,0.1,0,16,-1,-1
BDOX,D,0.1,0,17,-1,-1
BDOX,D,0.1,0,18,-1,-1
BDOX,D,0.1,0,19,1,1
BDOX,D,0.1,0,20,1,1
BDOX,D,0.1,0,21,1,1
BDOX,D,0.1,0,22,1,1
BDOX,D,0.1,0,23,1,1
BDOX,D,0.1,0,24,-1,-1
BDOX,D,0.2,0,0,1,1
BDOX,D,0.2,0,1,1,1
BDOX,D,0.2,0,2,-1,1
BDOX,D,0.2,0,3,1,1
BDOX,D,0.2,0,4,-1,-1
BDOX,D,0.2,0,5,1,1
BDOX,D,0.2,0,6,-1,-1
BDOX,D,0.2,0,7,-1,-1
BDOX,D,0.2,0,8,-1,-1
BDOX,D,0.2,0,9,-1,1
BDOX,D,0.2,0,10,1,1
BDOX,D,0.2,0,11,-1,-1
BDOX,D,0.2,0,12,-1,-1
BDOX,D,0.2,0,13,-1,-1
BDOX,D,0.2,0,14,1,1
BDOX,D,0.2,0,15,1,1
BDOX,D,0.2,0,16,1,-1
BDOX,D,0.2,0,17,-1,-1
BDOX,D,0.2,0,18,-1,-1
BDOX,D,0.2,0,19,1,1
BDOX,D,0.2,0,20,1,1
BDOX,D,0.2,0,21,1,1
BDOX,D,0.2,0,22,1,1
BDOX,D,0.2,0,23,1,1
BDOX,D,0.2,0,24,-1,-1
BDOX,D,0.3,0,0,1,1
BDOX,D,0.3,0,1,1,1
BDOX,D,0.3,0,2,-1,1
BDOX,D,0.3,0,3,1,1
BDOX,D,0.3,0,4,-1,-1
BDOX,D,0.3,0,5,1,1
BDOX,D,0.3,0,6,-1,-1
BDOX,D,0.3,0,7,-1,-1
BDOX,D,0.3,0,8,-1,-1
BDOX,D,0.3,0,9,-1,1
BDOX,D,0.3,0,10,1,1
BDOX,D,0.3,0,11,-1,-1
BDOX,D,0.3,0,12,-1,-1
BDOX,D,0.3,0,13,-1,-1
BDOX,D,0.3,0,14,1,1
BDOX,D,0.3,0,15,1,1
BDOX,D,0.3,0,16,1,-1
BDOX,D,0.3,0,17,-1,-1
BDOX,D,0.3,0,18,1,-1
BDOX,D,0.3,0,19,-1,1
BDOX,D,0.3,0,20,1,1
BDOX,D,0.3,0,21,-1,1
BDOX,D,0.3,0,22,1,1
BDOX,D,0.3,0,23,1,1
BDOX,D,0.3,0,24,-1,-1
BDOX,D,0.4,0,0,1,1
BDOX,D,0.4,0,1,1,1
BDOX,D,0.4,0,2,-1,1
BDOX,D,0.4,0,3,1,1
BDOX,D,0.4,0,4,1,-1
BDOX,D,0.4,0,5,1,1
BDOX,D,0.4,0,6,-1,-1
BDOX,D,0.4,0,7,-1,-1
BDOX,D,0.4,0,8,-1,-1
BDOX,D,0.4,0,9,-1,1
BDOX,D,0.4,0,10,1,1
BDOX,D,0.4,0,11,-1,-1
BDOX,D,0.4,0,12,1,-1
BDOX,D,0.4,0,13,-1,-1
BDOX,D,0.4,0,14,-1,1
BDOX,D,0.4,0,15,1,1
BDOX,D,0.4,0,16,1,-1
BDOX,D,0.4,0,17,-1,-1
BDOX,D,0.4,0,18,1,-1
BDOX,D,0.4,0,19,-1,1
BDOX,D,0.4,0,20,1,1
BDOX,D,0.4,0,21,-1,1
BDOX,D,0.4,0,22,1,1
BDOX,D,0.4,0,23,1,1
BDOX,D,0.4,0,24,-1,-1
BDOX,D,0.45,0,0,1,1
BDOX,D,0.45,0,1,1,-1
BDOX,D,0.45,0,2,-1,-1
BDOX,D,0.45,0,3,1,-1
BDOX,D,0.45,0,4,1,1
BDOX,D,0.45,0,5,-1,-1
BDOX,D,0.45,0,6,-1,1
BDOX,D,0.45,0,7,1,1
BDOX,D,0.45,0,8,-1,1
BDOX,D,0.45,0,9,-1,-1
BDOX,D,0.45,0,10,1,-1
BDOX,D,0.45,0,11,-1,1
BDOX,D,0.45,0,12,1,1
BDOX,D,0.45,0,13,-1,1
BDOX,D,0.45,0,14,-1,-1
BDOX,D,0.45,0,15,1,-1
BDOX,D,0.45,0,16,1,1
BDOX,D,0.45,0,17,1,1
BDOX,D,0.45,0,18,1,1
BDOX,D,0.45,0,19,-1,-1
BDOX,D,0.45,0,20,1,1
BDOX,D,0.45,0,21,-1,-1
BDOX,D,0.45,0,22,1,-1
BDOX,D,0.45,0,23,1,-1
BDOX,D,0.45,0,24,-1,1
BDOX,D,0.5,0,0,1,1
BDOX,D,0.5,0,1,1,-1
BDOX,D,0.5,0,2,-1,-1
BDOX,D,0.5,0,3,1,-1
BDOX,D,0.5,0,4,1,1
BDOX,D,0.5,0,5,-1,-1
BDOX,D,0.5,0,6,-1,1
BDOX,D,0.5,0,7,1,1
BDOX,D,0.5,0,8,-1,1
BDOX,D,0.5,0,9,-1,-1
BDOX,D,0.5,0,10,1,-1
BDOX,D,0.5,0,11,-1,1
BDOX,D,0.5,0,12,1,1
BDOX,D,0.5,0,13,-1,1
BDOX,D,0.5,0,14,-1,-1
BDOX,D,0.5,0,15,-1,-1
BDOX,D,0.5,0,16,1,1
BDOX,D,0.5,0,17,1,1
BDOX,D,0.5,0,18,1,1
BDOX,D,0.5,0,19,-1,-1
BDOX,D,0.5,0,20,1,1
BDOX,D,0.5,0,21,-1,-1
BDOX,D,0.5,0,22,-1,-1
BDOX,D,0.5,0,23,1,-1
BDOX,D,0.5,0,24,-1,1
BDOX,D,0.55,0,0,-1,1
BDOX,D,0.55,0,1,1,-1
BDOX,D,0.55,0,2,-1,-1
BDOX,D,0.55,0,3,1,-1
BDOX,D,0.55,0,4,1,1
BDOX,D,0.55,0,5,-1,-1
BDOX,D,0.55,0,6,-1,1
BDOX,D,0.55,0,7,1,1
BDOX,D,0.55,0,8,1,1
BDOX,D,0.55,0,9,-1,-1
BDOX,D,0.55,0,10,1,-1
BDOX,D,0.55,0,11,1,1
BDOX,D,0.55,0,12,1,1
BDOX,D,0.55,0,13,-1,1
BDOX,D,0.55,0,14,-1,-1
BDOX,D,0.55,0,15,-1,-1
BDOX,D,0.55,0,16,1,1
BDOX,D,0.55,0,17,1,1
BDOX,D,0.55,0,18,1,1
BDOX,D,0.55,0,19,-1,-1
BDOX,D,0.55,0,20,1,-1
BDOX,D,0.55,0,21,-1,-1
BDOX,D,0.55,0,22,-1,-1
BDOX,D,0.55,0,23,1,-1
BDOX,D,0.55,0,24,-1,1
BDOX,D,0.6,0,0,-1,1
BDOX,D,0.6,0,1,1,-1
BDOX,D,0.6,0,2,-1,-1
BDOX,D,0.6,0,3,1,-1
BDOX,D,0.6,0,4,1,1
BDOX,D,0.6,0,5,-1,-1
BDOX,D,0.6,0,6,-1,1
BDOX,D,0.6,0,7,1,1
BDOX,D,0.6,0,8,1,1
BDOX,D,0.6,0,9,-1,-1
BDOX,D,0.6,0,10,1,-1
BDOX,D,0.6,0,11,1,1
BDOX,D,0.6,0,12,1,1
BDOX,D,0.6,0,13,-1,1
BDOX,D,0.6,0,14,-1,-1
BDOX,D,0.6,0,15,-1,-1
BDOX,D,0.6,0,16,1,1
BDOX,D,0.6,0,17,1,1
BDOX,D,0.6,0,18,1,1
BDOX,D,0.6,0,19,-1,-1
BDOX,D,0.6,0,20,1,-1
BDOX,D,0.6,0,21,-1,-1
BDOX,D,0.6,0,22,-1,-1
BDOX,D,0.6,0,23,1,-1
BDOX,D,0.6,0,24,-1,1
BDOX,D,0.65,0,0,-1,1
BDOX,D,0.65,0,1,1,-1
BDOX,D,0.65,0,2,-1,-1
BDOX,D,0.65,0,3,1,-1
BDOX,D,0.65,0,4,1,1
BDOX,D,0.65,0,5,-1,-1
BDOX,D,0.65,0,6,-1,1
BDOX,D,0.65,0,7,1,1
BDOX,D,0.65,0,8,1,1
BDOX,D,0.65,0,9,-1,-1
BDOX,D,0.65,0,10,1,-1
BDOX,D,0.65,0,11,1,1
BDOX,D,0.65,0,12,1,1
BDOX,D,0.65,0,13,-1,1
BDOX,D,0.65,0,14,-1,-1
BDOX,D,0.65,0,15,-1,-1
BDOX,D,0.65,0,16,1,1
BDOX,D,0.65,0,17,1,1
BDOX,D,0.65,0,18,1,1
BDOX,D,0.65,0,19,-1,-1
BDOX,D,0.65,0,20,1,-1
BDOX,D,0.65,0,21,-1,-1
BDOX,D,0.65,0,22,-1,-1
BDOX,D,0.65,0,23,1,-1
BDOX,D,0.65,0,24,-1,1
BDOX,O,0.1,0,0,-1,-1
BDOX,O,0.1,0,1,1,1
BDOX,O,0.1,0,2,1,1
BDOX,O,0.1,0,3,1,1
BDOX,O,0.1,0,4,-1,-1
BDOX,O,0.1,0,5,1,1
BDOX,O,0.1,0,6,-1,-1
BDOX,O,0.1,0,7,-1,-1
BDOX,O,0.1,0,8,-1,-1
BDOX,O,0.1,0,9,-1,1
BDOX,O,0.1,0,10,1,1
BDOX,O,0.1,0,11,-1,-1
BDOX,O,0.1,0,12,-1,-1
BDOX,O,0.1,0,13,-1,-1
BDOX,O,0.1,0,14,1,1
BDOX,O,0.1,0,15,1,1
BDOX,O,0.1,0,16,-1,-1
BDOX,O,0.1,0,17,-1,-1
BDOX,O,0.1,0,18,-1,-1
BDOX,O,0.1,0,19,1,1
BDOX,O,0.1,0,20,-1,-1
BDOX,O,0.1,0,21,1,1
BDOX,O,0.1,0,22,1,1
BDOX,O,0.1,0,23,1,1
BDOX,O,0.1,0,24,-1,-1
BDOX,O,0.2,0,0,-1,-1
BDOX,O,0.2,0,1,1,1
BDOX,O,0.2,0,2,-1,1
BDOX,O,0.2,0,3,1,1
BDOX,O,0.2,0,4,-1,-1
BDOX,O,0.2,0,5,1,1
BDOX,O,0.2,0,6,-1,-1
BDOX,O,0.2,0,7,-1,-1
BDOX,O,0.2,0,8,-1,-1
BDOX,O,0.2,0,9,-1,1
BDOX,O,0.2,0,10,1,1
BDOX,O,0.2,0,11,-1,-1
BDOX,O,0.2,0,12,-1,-1
BDOX,O,0.2,0,13,-1,-1
BDOX,O,0.2,0,14,1,1
BDOX,O,0.2,0,15,1,1
BDOX,O,0.2,0,16,1,-1
BDOX,O,0.2,0,17,-1,-1
BDOX,O,0.2,0,18,-1,-1
BDOX,O,0.2,0,19,1,1
BDOX,O,0.2,0,20,-1,-1
BDOX,O,0.2,0,21,1,1
BDOX,O,0.2,0,22,1,1
BDOX,O,0.2,0,23,1,1
BDOX,O,0.2,0,24,-1,-1
BDOX,O,0.3,0,0,-1,-1
BDOX,O,0.3,0,1,1,1
BDOX,O,0.3,0,2,-1,1
BDOX,O,0.3,0,3,1,1
BDOX,O,0.3,0,4,-1,-1
BDOX,O,0.3,0,5,1,1
BDOX,O,0.3,0,6,-1,-1
BDOX,O,0.3,0,7,-1,-1
BDOX,O,0.3,0,8,-1,-1
BDOX,O,0.3,0,9,-1,1
BDOX,O,0.3,0,10,1,1
BDOX,O,0.3,0,11,-1,-1
BDOX,O,0.3,0,12,-1,-1
BDOX,O,0.3,0,13,-1,-1
BDOX,O,0.3,0,14,1,1
BDOX,O,0.3,0,15,1,1
BDOX,O,0.3,0,16,1,-1
BDOX,O,0.3,0,17,-1,-1
BDOX,O,0.3,0,18,1,-1
BDOX,O,0.3,0,19,-1,1
BDOX,O,0.3,0,20,-1,-1
BDOX,O,0.3,0,21,-1,1
BDOX,O,0.3,0,22,1,1
BDOX,O,0.3,0,23,1,1
BDOX,O,0.3,0,24,-1,-1
BDOX,O,0.4,0,0,-1,1
BDOX,O,0.4,0,1,1,1
BDOX,O,0.4,0,2,-1,1
BDOX,O,0.4,0,3,1,1
BDOX,O,0.4,0,4,1,-1
BDOX,O,0.4,0,5,1,1
BDOX,O,0.4,0,6,-1,-1
BDOX,O,0.4,0,7,-1,-1
BDOX,O,0.4,0,8,-1,-1
BDOX,O,0.4,0,9,-1,1
BDOX,O,0.4,0,10,1,1
BDOX,O,0.4,0,11,-1,-1
BDOX,O,0.4,0,12,1,-1
BDOX,O,0.4,0,13,-1,-1
BDOX,O,0.4,0,14,-1,1
BDOX,O,0.4,0,15,1,1
BDOX,O,0.4,0,16,1,-1
BDOX,O,0.4,0,17,-1,-1
BDOX,O,0.4,0,18,1,-1
BDOX,O,0.4,0,19,-1,1
BDOX,O,0.4,0,20,-1,1
BDOX,O,0.4,0,21,-1,1
BDOX,O,0.4,0,22,1,1
BDOX,O,0.4,0,23,1,1
BDOX,O,0.4,0,24,-1,-1
BDOX,O,0.45,0,0,-1,-1
BDOX,O,0.45,0,1,1,-1
BDOX,O,0.45,0,2,-1,-1
BDOX,O,0.45,0,3,1,-1
BDOX,O,0.45,0,4,1,1
BDOX,O,0.45,0,5,-1,-1
BDOX,O,0.45,0,6,-1,1
BDOX,O,0.45,0,7,1,1
BDOX,O,0.45,0,8,-1,1
BDOX,O,0.45,0,9,-1,-1
BDOX,O,0.45,0,10,1,-1
BDOX,O,0.45,0,11,-1,1
BDOX,O,0.45,0,12,1,1
BDOX,O,0.45,0,13,-1,1
BDOX,O,0.45,0,14,-1,-1
BDOX,O,0.45,0,15,1,-1
BDOX,O,0.45,0,16,1,1
BDOX,O,0.45,0,17,1,1
BDOX,O,0.45,0,18,1,1
BDOX,O,0.45,0,19,-1,-1
BDOX,O,0.45,0,20,-1,-1
BDOX,O,0.45,0,21,-1,-1
BDOX,O,0.45,0,22,1,-1
BDOX,O,0.45,0,23,1,-1
BDOX,O,0.45,0,24,-1,1
BDOX,O,0.5,0,0,-1,-1
BDOX,O,0.5,0,1,1,-1
BDOX,O,0.5,0,2,-1,-1
BDOX,O,0.5,0,3,1,-1
BDOX,O,0.5,0,4,1,1
BDOX,O,0.5,0,5,-1,-1
BDOX,O,0.5,0,6,-1,1
BDOX,O,0.5,0,7,1,1
BDOX,O,0.5,0,8,-1,1
BDOX,O,0.5,0,9,-1,-1
BDOX,O,0.5,0,10,1,-1
BDOX,O,0.5,0,11,-1,1
BDOX,O,0.5,0,12,1,1
BDOX,O,0.5,0,13,-1,1
BDOX,O,0.5,0,14,-1,-1
BDOX,O,0.5,0,15,-1,-1
BDOX,O,0.5,0,16,1,1
BDOX,O,0.5,0,17,1,1
BDOX,O,0.5,0,18,1,1
BDOX,O,0.5,0,19,-1,-1
BDOX,O,0.5,0,20,-1,-1
BDOX,O,0.5,0,21,-1,-1
BDOX,O,0.5,0,22,-1,-1
BDOX,O,0.5,0,23,1,-1
BDOX,O,0.5,0,24,-1,1
BDOX,O,0.55,0,0,1,-1
BDOX,O,0.55,0,1,1,-1
BDOX,O,0.55,0,2,-1,-1
BDOX,O,0.55,0,3,1,-1
BDOX,O,0.55,0,4,1,1
BDOX,O,0.55,0,5,-1,-1
BDOX,O,0.55,0,6,-1,1
BDOX,O,0.55,0,7,1,1
BDOX,O,0.55,0,8,1,1
BDOX,O,0.55,0,9,-1,-1
BDOX,O,0.55,0,10,1,-1
BDOX,O,0.55,0,11,1,1
BDOX,O,0.55,0,12,1,1
BDOX,O,0.55,0,13,-1,1
BDOX,O,0.55,0,14,-1,-1
BDOX,O,0.55,0,15,-1,-1
BDOX,O,0.55,0,16,1,1
BDOX,O,0.55,0,17,1,1
BDOX,O,0.55,0,18,1,1
BDOX,O,0.55,0,19,-1,-1
BDOX,O,0.55,0,20,-1,1
BDOX,O,0.55,0,21,-1,-1
BDOX,O,0.55,0,22,-1,-1
BDOX,O,0.55,0,23,1,-1
BDOX,O,0.55,0,24,-1,1
BDOX,O,0.6,0,0,1,-1
BDOX,O,0.6,0,1,1,-1
BDOX,O,0.6,0,2,-1,-1
BDOX,O,0.6,0,3,1,-1
BDOX,O,0.6,0,4,1,1
BDOX,O,0.6,0,5,-1,-1
BDOX,O,0.6,0,6,-1,1
BDOX,O,0.6,0,7,1,1
BDOX,O,0.6,0,8,1,1
BDOX,O,0.6,0,9,-1,-1
BDOX,O,0.6,0,10,1,-1
BDOX,O,0.6,0,11,1,1
BDOX,O,0.6,0,12,1,1
BDOX,O,0.6,0,13,-1,1
BDOX,O,0.6,0,14,-1,-1
BDOX,O,0.6,0,15,-1,-1
BDOX,O,0.6,0,16,1,1
BDOX,O,0.6,0,17,1,1
BDOX,O,0.6,0,18,1,1
BDOX,O,0.6,0,19,-1,-1
BDOX,O,0.6,0,20,-1,1
BDOX,O,0.6,0,21,-1,-1
BDOX,O,0.6,0,22,-1,-1
BDOX,O,0.6,0,23,1,-1
BDOX,O,0.6,0,24,-1,1
BDOX,O,0.65,0,0,1,-1
BDOX,O,0.65,0,1,1,-1
BDOX,O,0.65,0,2,-1,-1
BDOX,O,0.65,0,3,1,-1
BDOX,O,0.65,0,4,1,1
BDOX,O,0.65,0,5,-1,-1
BDOX,O,0.65,0,6,-1,1
BDOX,O,0.65,0,7,1,1
BDOX,O,0.65,0,8,1,1
BDOX,O,0.65,0,9,-1,-1
BDOX,O,0.65,0,10,1,-1
BDOX,O,0.65,0,11,1,1
BDOX,O,0.65,0,12,1,1
BDOX,O,0.65,0,13,-1,1
BDOX,O,0.65,0,14,-1,-1
BDOX,O,0.65,0,15,-1,-1
BDOX,O,0.65,0,16,1,1
BDOX,O,0.65,0,17,1,1
BDOX,O,0.65,0,18,1,1
BDOX,O,0.65,0,19,-1,-1
BDOX,O,0.65,0,20,-1,1
BDOX,O,0.65,0,21,-1,-1
BDOX,O,0.65,0,22,-1,-1
BDOX,O,0.65,0,23,1,-1
BDOX,O,0.65,0,24,-1,1
BDOX,X,0.1,0,0,1,1
BDOX,X,0.1,0,1,-1,-1
BDOX,X,0.1,0,2,-1,-1
BDOX,X,0.1,0,3,-1,-1
BDOX,X,0.1,0,4,1,1
BDOX,X,0.1,0,5,-1,-1
BDOX,X,0.1,0,6,1,1
BDOX,X,0.1,0,7,-1,1
BDOX,X,0.1,0,8,1,1
BDOX,X,0.1,0,9,1,-1
BDOX,X,0.1,0,10,-1,-1
BDOX,X,0.1,0,11,-1,1
BDOX,X,0.1,0,12,1,1
BDOX,X,0.1,0,13,-1,1
BDOX,X,0.1,0,14,-1,-1
BDOX,X,0.1,0,15,-1,-1
BDOX,X,0.1,0,16,1,1
BDOX,X,0.1,0,17,-1,1
BDOX,X,0.1,0,18,1,1
BDOX,X,0.1,0,19,-1,-1
BDOX,X,0.1,0,20,1,1
BDOX,X,0.1,0,21,-1,-1
BDOX,X,0.1,0,22,-1,-1
BDOX,X,0.1,0,23,-1,-1
BDOX,X,0.1,0,24,1,1
BDOX,X,0.2,0,0,1,1
BDOX,X,0.2,0,1,-1,-1
BDOX,X,0.2,0,2,1,-1
BDOX,X,0.2,0,3,-1,-1
BDOX,X,0.2,0,4,1,1
BDOX,X,0.2,0,5,-1,-1
BDOX,X,0.2,0,6,1,1
BDOX,X,0.2,0,7,-1,1
BDOX,X,0.2,0,8,1,1
BDOX,X,0.2,0,9,1,-1
BDOX,X,0.2,0,10,-1,-1
BDOX,X,0.2,0,11,-1,1
BDOX,X,0.2,0,12,1,1
BDOX,X,0.2,0,13,-1,1
BDOX,X,0.2,0,14,-1,-1
BDOX,X,0.2,0,15,-1,-1
BDOX,X,0.2,0,16,-1,1
BDOX,X,0.2,0,17,-1,1
BDOX,X,0.2,0,18,1,1
BDOX,X,0.2,0,19,-1,-1
BDOX,X,0.2,0,20,1,1
BDOX,X,0.2,0,21,-1,-1
BDOX,X,0.2,0,22,-1,-1
BDOX,X,0.2,0,23,-1,-1
BDOX,X,0.2,0,24,1,1
BDOX,X,0.3,0,0,1,1
BDOX,X,0.3,0,1,-1,-1
BDOX,X,0.3,0,2,1,-1
BDOX,X,0.3,0,3,-1,-1
BDOX,X,0.3,0,4,1,1
BDOX,X,0.3,0,5,-1,-1
BDOX,X,0.3,0,6,1,1
BDOX,X,0.3,0,7,-1,1
BDOX,X,0.3,0,8,1,1
BDOX,X,0.3,0,9,1,-1
BDOX,X,0.3,0,10,-1,-1
BDOX,X,0.3,0,11,-1,1
BDOX,X,0.3,0,12,1,1
BDOX,X,0.3,0,13,-1,1
BDOX,X,0.3,0,14,-1,-1
BDOX,X,0.3,0,15,-1,-1
BDOX,X,0.3,0,16,-1,1
BDOX,X,0.3,0,17,-1,1
BDOX,X,0.3,0,18,-1,1
BDOX,X,0.3,0,19,1,-1
BDOX,X,0.3,0,20,1,1
BDOX,X,0.3,0,21,1,-1
BDOX,X,0.3,0,22,-1,-1
BDOX,X,0.3,0,23,-1,-1
BDOX,X,0.3,0,24,1,1
BDOX,X,0.4,0,0,1,1
BDOX,X,0.4,0,1,-1,-1
BDOX,X,0.4,0,2,1,-1
BDOX,X,0.4,0,3,-1,-1
BDOX,X,0.4,0,4,-1,1
BDOX,X,0.4,0,5,-1,-1
BDOX,X,0.4,0,6,1,1
BDOX,X,0.4,0,7,-1,1
BDOX,X,0.4,0,8,1,1
BDOX,X,0.4,0,9,1,-1
BDOX,X,0.4,0,10,-1,-1
BDOX,X,0.4,0,11,-1,1
BDOX,X,0.4,0,12,-1,1
BDOX,X,0.4,0,13,-1,1
BDOX,X,0.4,0,14,1,-1
BDOX,X,0.4,0,15,-1,-1
BDOX,X,0.4,0,16,-1,1
BDOX,X,0.4,0,17,-1,1
BDOX,X,0.4,0,18,-1,1
BDOX,X,0.4,0,19,1,-1
BDOX,X,0.4,0,20,1,1
BDOX,X,0.4,0,21,1,-1
BDOX,X,0.4,0,22,-1,-1
BDOX,X,0.4,0,23,-1,-1
BDOX,X,0.4,0,24,1,1
BDOX,X,0.45,0,0,1,-1
BDOX,X,0.45,0,1,-1,-1
BDOX,X,0.45,0,2,1,-1
BDOX,X,0.45,0,3,-1,-1
BDOX,X,0.45,0,4,-1,1
BDOX,X,0.45,0,5,1,-1
BDOX,X,0.45,0,6,1,1
BDOX,X,0.45,0,7,1,1
BDOX,X,0.45,0,8,1,1
BDOX,X,0.45,0,9,1,-1
BDOX,X,0.45,0,10,-1,-1
BDOX,X,0.45,0,11,-1,1
BDOX,X,0.45,0,12,-1,1
BDOX,X,0.45,0,13,-1,1
BDOX,X,0.45,0,14,1,-1
BDOX,X,0.45,0,15,-1,-1
BDOX,X,0.45,0,16,-1,1
BDOX,X,0.45,0,17,1,1
BDOX,X,0.45,0,18,-1,1
BDOX,X,0.45,0,19,1,-1
BDOX,X,0.45,0,20,1,-1
BDOX,X,0.45,0,21,1,-1
BDOX,X,0.45,0,22,-1,-1
BDOX,X,0.45,0,23,-1,-1
BDOX,X,0.45,0,24,1,1
BDOX,X,0.5,0,0,1,-1
BDOX,X,0.5,0,1,-1,1
BDOX,X,0.5,0,2,1,1
BDOX,X,0.5,0,3,-1,1
BDOX,X,0.5,0,4,-1,-1
BDOX,X,0.5,0,5,1,1
BDOX,X,0.5,0,6,1,-1
BDOX,X,0.5,0,7,1,-1
BDOX,X,0.5,0,8,1,-1
BDOX,X,0.5,0,9,1,1
BDOX,X,0.5,0,10,-1,1
BDOX,X,0.5,0,11,-1,-1
BDOX,X,0.5,0,12,-1,-1
BDOX,X,0.5,0,13,-1,-1
BDOX,X,0.5,0,14,1,1
BDOX,X,0.5,0,15,1,1
BDOX,X,0.5,0,16,-1,-1
BDOX,X,0.5,0,17,1,-1
BDOX,X,0.5,0,18,-1,-1
BDOX,X,0.5,0,19,1,1
BDOX,X,0.5,0,20,1,-1
BDOX,X,0.5,0,21,1,1
BDOX,X,0.5,0,22,1,1
BDOX,X,0.5,0,23,-1,1
BDOX,X,0.5,0,24,1,-1
BDOX,X,0.55,0,0,-1,-1
BDOX,X,0.55,0,1,-1,1
BDOX,X,0.55,0,2,1,1
BDOX,X,0.55,0,3,-1,1
BDOX,X,0.55,0,4,-1,-1
BDOX,X,0.55,0,5,1,1
BDOX,X,0.55,0,6,1,-1
BDOX,X,0.55,0,7,1,-1
BDOX,X,0.55,0,8,-1,-1
BDOX,X,0.55,0,9,1,1
BDOX,X,0.55,0,10,-1,1
BDOX,X,0.55,0,11,1,-1
BDOX,X,0.55,0,12,-1,-1
BDOX,X,0.55,0,13,-1,-1
BDOX,X,0.55,0,14,1,1
BDOX,X,0.55,0,15,1,1
BDOX,X,0.55,0,16,-1,-1
BDOX,X,0.55,0,17,1,-1
BDOX,X,0.55,0,18,-1,-1
BDOX,X,0.55,0,19,1,1
BDOX,X,0.55,0,20,1,-1
BDOX,X,0.55,0,21,1,1
BDOX,X,0.55,0,22,1,1
BDOX,X,0.55,0,23,-1,1
BDOX,X,0.55,0,24,1,-1
BDOX,X,0.6,0,0,-1,-1
BDOX,X,0.6,0,1,-1,1
BDOX,X,0.6,0,2,1,1
BDOX,X,0.6,0,3,-1,1
BDOX,X,0.6,0,4,-1,-1
BDOX,X,0.6,0,5,1,1
BDOX,X,0.6,0,6,1,-1
BDOX,X,0.6,0,7,1,-1
BDOX,X,0.6,0,8,-1,-1
BDOX,X,0.6,0,9,1,1
BDOX,X,0.6,0,10,-1,1
BDOX,X,0.6,0,11,1,-1
BDOX,X,0.6,0,12,-1,-1
BDOX,X,0.6,0,13,-1,-1
BDOX,X,0.6,0,14,1,1
BDOX,X,0.6,0,15,1,1
BDOX,X,0.6,0,16,-1,-1
BDOX,X,0.6,0,17,1,-1
BDOX,X,0.6,0,18,-1,-1
BDOX,X,0.6,0,19,1,1
BDOX,X,0.6,0,20,1,-1
BDOX,X,0.6,0,21,1,1
BDOX,X,0.6,0,22,1,1
BDOX,X,0.6,0,23,-1,1
BDOX,X,0.6,0,24,1,-1
BDOX,X,0.65,0,0,-1,-1
BDOX,X,0.65,0,1,-1,1
BDOX,X,0.65,0,2,1,1
BDOX,X,0.65,0,3,-1,1
BDOX,X,0.65,0,4,-1,-1
BDOX,X,0.65,0,5,1,1
BDOX,X,0.65,0,6,1,-1
BDOX,X,0.65,0,7,1,-1
BDOX,X,0.65,0,8,-1,-1
BDOX,X,0.65,0,9,1,1
BDOX,X,0.65,0,10,-1,1
BDOX,X,0.65,0,11,1,-1
BDOX,X,0.65,0,12,-1,-1
BDOX,X,0.65,0,13,-1,-1
BDOX,X,0.65,0,14,1,1
BDOX,X,0.65,0,15,1,1
BDOX,X,0.65,0,16,-1,-1
BDOX,X,0.65,0,17,1,-1
BDOX,X,0.65,0,18,-1,-1
BDOX,X,0.65,0,19,1,1
BDOX,X,0.65,0,20,1,-1
BDOX,X,0.65,0,21,1,1
BDOX,X,0.65,0,22,1,1
BDOX,X,0.65,0,23,-1,1
BDOX,X,0.65,0,24,1,-1
HMNW,H,0.1,0,0,1,1
HMNW,H,0.1,0,1,-1,-1
HMNW,H,0.1,0,2,-1,-1
HMNW,H,0.1,0,3,-1,-1
HMNW,H,0.1,0,4,1,1
HMNW,H,0.1,0,5,1,1
HMNW,H,0.1,0,6,-1,1
HMNW,H,0.1,0,7,-1,-1
HMNW,H,0.1,0,8,-1,-1
HMNW,H,0.1,0,9,-1,1
HMNW,H,0.1,0,10,1,1
HMNW,H,0.1,0,11,1,-1
HMNW,H,0.1,0,12,1,1
HMNW,H,0.1,0,13,1,-1
HMNW,H,0.1,0,14,1,1
HMNW,H,0.1,0,15,1,1
HMNW,H,0.1,0,16,-1,-1
HMNW,H,0.1,0,17,-1,-1
HMNW,H,0.1,0,18,-1,1
HMNW,H,0.1,0,19,1,1
HMNW,H,0.1,0,20,1,1
HMNW,H,0.1,0,21,-1,-1
HMNW,H,0.1,0,22,-1,-1
HMNW,H,0.1,0,23,-1,-1
HMNW,H,0.1,0,24,1,1
HMNW,H,0.2,0,0,1,1
HMNW,H,0.2,0,1,-1,-1
HMNW,H,0.2,0,2,1,-1
HMNW,H,0.2,0,3,-1,-1
HMNW,H,0.2,0,4,1,1
HMNW,H,0.2,0,5,1,1
HMNW,H,0.2,0,6,-1,1
HMNW,H,0.2,0,7,-1,-1
HMNW,H,0.2,0,8,-1,-1
HMNW,H,0.2,0,9,-1,1
HMNW,H,0.2,0,10,1,1
HMNW,H,0.2,0,11,1,-1
HMNW,H,0.2,0,12,1,1
HMNW,H,0.2,0,13,1,-1
HMNW,H,0.2,0,14,1,1
HMNW,H,0.2,0,15,1,1
HMNW,H,0.2,0,16,1,-1
HMNW,H,0.2,0,17,-1,-1
HMNW,H,0.2,0,18,-1,1
HMNW,H,0.2,0,19,1,1
HMNW,H,0.2,0,20,1,1
HMNW,H,0.2,0,21,-1,-1
HMNW,H,0.2,0,22,-1,-1
HMNW,H,0.2,0,23,-1,-1
HMNW,H,0.2,0,24,1,1
HMNW,H,0.3,0,0,1,1
HMNW,H,0.3,0,1,-1,-1
HMNW,H,0.3,0,2,1,-1
HMNW,H,0.3,0,3,-1,-1
HMNW,H,0.3,0,4,1,1
HMNW,H,0.3,0,5,1,1
HMNW,H,0.3,0,6,-1,1
HMNW,H,0.3,0,7,-1,-1
HMNW,H,0.3,0,8,-1,-1
HMNW,H,0.3,0,9,-1,1
HMNW,H,0.3,0,10,1,1
HMNW,H,0.3,0,11,1,-1
HMNW,H,0.3,0,12,1,1
HMNW,H,0.3,0,13,1,-1
HMNW,H,0.3,0,14,1,1
HMNW,H,0.3,0,15,1,1
HMNW,H,0.3,0,16,1,-1
HMNW,H,0.3,0,17,-1,-1
HMNW,H,0.3,0,18,1,1
HMNW,H,0.3,0,19,-1,1
HMNW,H,0.3,0,20,1,1
HMNW,H,0.3,0,21,1,-1
HMNW,H,0.3,0,22,-1,-1
HMNW,H,0.3,0,23,-1,-1
HMNW,H,0.3,0,24,1,1
HMNW,H,0.4,0,0,1,1
HMNW,H,0.4,0,1,-1,-1
HMNW,H,0.4,0,2,1,-1
HMNW,H,0.4,0,3,-1,-1
HMNW,H,0.4,0,4,-1,1
HMNW,H,0.4,0,5,1,1
HMNW,H,0.4,0,6,-1,1
HMNW,H,0.4,0,7,-1,-1
HMNW,H,0.4,0,8,-1,-1
HMNW,H,0.4,0,9,-1,1
HMNW,H,0.4,0,10,1,1
HMNW,H,0.4,0,11,1,-1
HMNW,H,0.4,0,12,-1,1
HMNW,H,0.4,0,13,1,-1
HMNW,H,0.4,0,14,-1,1
HMNW,H,0.4,0,15,1,1
HMNW,H,0.4,0,16,1,-1
HMNW,H,0.4,0,17,-1,-1
HMNW,H,0.4,0,18,1,1
HMNW,H,0.4,0,19,-1,1
HMNW,H,0.4,0,20,1,1
HMNW,H,0.4,0,21,1,-1
HMNW,H,0.4,0,22,-1,-1
HMNW,H,0.4,0,23,-1,-1
HMNW,H,0.4,0,24,1,1
HMNW,H,0.45,0,0,1,-1
HMNW,H,0.45,0,1,-1,1
HMNW,H,0.45,0,2,1,1
HMNW,H,0.45,0,3,-1,1
HMNW,H,0.45,0,4,-1,-1
HMNW,H,0.45,0,5,-1,-1
HMNW,H,0.45,0,6,-1,-1
HMNW,H,0.45,0,7,1,1
HMNW,H,0.45,0,8,-1,1
HMNW,H,0.45,0,9,-1,-1
HMNW,H,0.45,0,10,1,-1
HMNW,H,0.45,0,11,1,1
HMNW,H,0.45,0,12,-1,-1
HMNW,H,0.45,0,13,1,1
HMNW,H,0.45,0,14,-1,-1
HMNW,H,0.45,0,15,1,-1
HMNW,H,0.45,0,16,1,1
HMNW,H,0.45,0,17,1,1
HMNW,H,0.45,0,18,1,-1
HMNW,H,0.45,0,19,-1,-1
HMNW,H,0.45,0,20,1,-1
HMNW,H,0.45,0,21,1,1
HMNW,H,0.45,0,22,-1,1
HMNW,H,0.45,0,23,-1,1
HMNW,H,0.45,0,24,1,-1
HMNW,H,0.5,0,0,1,-1
HMNW,H,0.5,0,1,-1,1
HMNW,H,0.5,0,2,1,1
HMNW,H,0.5,0,3,-1,1
HMNW,H,0.5,0,4,-1,-1
HMNW,H,0.5,0,5,-1,-1
HMNW,H,0.5,0,6,-1,-1
HMNW,H,0.5,0,7,1,1
HMNW,H,0.5,0,8,-1,1
HMNW,H,0.5,0,9,-1,-1
HMNW,H,0.5,0,10,1,-1
HMNW,H,0.5,0,11,1,1
HMNW,H,0.5,0,12,-1,-1
HMNW,H,0.5,0,13,1,1
HMNW,H,0.5,0,14,-1,-1
HMNW,H,0.5,0,15,-1,-1
HMNW,H,0.5,0,16,1,1
HMNW,H,0.5,0,17,1,1
HMNW,H,0.5,0,18,1,-1
HMNW,H,0.5,0,19,-1,-1
HMNW,H,0.5,0,20,1,-1
HMNW,H,0.5,0,21,1,1
HMNW,H,0.5,0,22,1,1
HMNW,H,0.5,0,23,-1,1
HMNW,H,0.5,0,24,1,-1
HMNW,H,0.55,0,0,-1,-1
HMNW,H,0.55,0,1,-1,1
HMNW,H,0.55,0,2,1,1
HMNW,H,0.55,0,3,-1,1
HMNW,H,0.55,0,4,-1,-1
HMNW,H,0.55,0,5,-1,-1
HMNW,H,0.55,0,6,-1,-1
HMNW,H,0.55,0,7,1,1
HMNW,H,0.55,0,8,1,1
HMNW,H,0.55,0,9,-1,-1
HMNW,H,0.55,0,10,1,-1
HMNW,H,0.55,0,11,-1,1
HMNW,H,0.55,0,12,-1,-1
HMNW,H,0.55,0,13,1,1
HMNW,H,0.55,0,14,-1,-1
HMNW,H,0.55,0,15,-1,-1
HMNW,H,0.55,0,16,1,1
HMNW,H,0.55,0,17,1,1
HMNW,H,0.55,0,18,1,-1
HMNW,H,0.55,0,19,-1,-1
HMNW,H,0.55,0,20,1,-1
HMNW,H,0.55,0,21,1,1
HMNW,H,0.55,0,22,1,1
HMNW,H,0.55,0,23,-1,1
HMNW,H,0.55,0,24,1,-1
HMNW,H,0.6,0,0,-1,-1
HMNW,H,0.6,0,1,-1,1
HMNW,H,0.6,0,2,1,1
HMNW,H,0.6,0,3,-1,1
HMNW,H,0.6,0,4,-1,-1
HMNW,H,0.6,0,5,-1,-1
HMNW,H,0.6,0,6,-1,-1
HMNW,H,0.6,0,7,1,1
HMNW,H,0.6,0,8,1,1
HMNW,H,0.6,0,9,-1,-1
HMNW,H,0.6,0,10,1,-1
HMNW,H,0.6,0,11,-1,1
HMNW,H,0.6,0,12,-1,-1
HMNW,H,0.6,0,13,1,1
HMNW,H,0.6,0,14,-1,-1
HMNW,H,0.6,0,15,-1,-1
HMNW,H,0.6,0,16,1,1
HMNW,H,0.6,0,17,1,1
HMNW,H,0.6,0,18,1,-1
HMNW,H,0.6,0,19,-1,-1
HMNW,H,0.6,0,20,1,-1
HMNW,H,0.6,0,21,1,1
HMNW,H,0.6,0,22,1,1
HMNW,H,0.6,0,23,-1,1
HMNW,H,0.6,0,24,1,-1
HMNW,H,0.65,0,0,-1,-1
HMNW,H,0.65,0,1,-1,1
HMNW,H,0.65,0,2,1,1
HMNW,H,0.65,0,3,-1,1
HMNW,H,0.65,0,4,-1,-1
HMNW,H,0.65,0,5,-1,-1
HMNW,H,0.65,0,6,-1,-1
HMNW,H,0.65,0,7,1,1
HMNW,H,0.65,0,8,1,1
HMNW,H,0.65,0,9,-1,-1
HMNW,H,0.65,0,10,1,-1
HMNW,H,0.65,0,11,-1,1
HMNW,H,0.65,0,12,-1,-1
HMNW,H,0.65,0,13,1,1
HMNW,H,0.65,0,14,-1,-1
HMNW,H,0.65,0,15,-1,-1
HMNW,H,0.65,0,16,1,1
HMNW,H,0.65,0,17,1,1
HMNW,H,0.65,0,18,1,-1
HMNW,H,0.65,0,19,-1,-1
HMNW,H,0.65,0,20,1,-1
HMNW,H,0.65,0,21,1,1
HMNW,H,0.65,0,22,1,1
HMNW,H,0.65,0,23,-1,1
HMNW,H,0.65,0,24,1,-1
HMNW,M,0.1,0,0,1,1
HMNW,M,0.1,0,1,-1,-1
HMNW,M,0.1,0,2,-1,-1
HMNW,M,0.1,0,3,-1,-1
HMNW,M,0.1,0,4,1,1
HMNW,M,0.1,0,5,1,1
HMNW,M,0.1,0,6,1,1
HMNW,M,0.1,0,7,-1,-1
HMNW,M,0.1,0,8,1,-1
HMNW,M,0.1,0,9,-1,1
HMNW,M,0.1,0,10,1,1
HMNW,M,0.1,0,11,-1,-1
HMNW,M,0.1,0,12,1,1
HMNW,M,0.1,0,13,-1,-1
HMNW,M,0.1,0,14,1,1
HMNW,M,0.1,0,15,1,1
HMNW,M,0.1,0,16,-1,-1
HMNW,M,0.1,0,17,-1,-1
HMNW,M,0.1,0,18,-1,1
HMNW,M,0.1,0,19,1,1
HMNW,M,0.1,0,20,1,1
HMNW,M,0.1,0,21,-1,-1
HMNW,M,0.1,0,22,-1,-1
HMNW,M,0.1,0,23,-1,-1
HMNW,M,0.1,0,24,1,1
HMNW,M,0.2,0,0,1,1
HMNW,M,0.2,0,1,-1,-1
HMNW,M,0.2,0,2,1,-1
HMNW,M,0.2,0,3,-1,-1
HMNW,M,0.2,0,4,1,1
HMNW,M,0.2,0,5,1,1
HMNW,M,0.2,0,6,1,1
HMNW,M,0.2,0,7,-1,-1
HMNW,M,0.2,0,8,1,-1
HMNW,M,0.2,0,9,-1,1
HMNW,M,0.2,0,10,1,1
HMNW,M,0.2,0,11,-1,-1
HMNW,M,0.2,0,12,1,1
HMNW,M,0.2,0,13,-1,-1
HMNW,M,0.2,0,14,1,1
HMNW,M,0.2,0,15,1,1
HMNW,M,0.2,0,16,1,-1
HMNW,M,0.2,0,17,-1,-1
HMNW,M,0.2,0,18,-1,1
HMNW,M,0.2,0,19,1,1
HMNW,M,0.2,0,20,1,1
HMNW,M,0.2,0,21,-1,-1
HMNW,M,0.2,0,22,-1,-1
HMNW,M,0.2,0,23,-1,-1
HMNW,M,0.2,0,24,1,1
HMNW,M,0.3,0,0,1,1
HMNW,M,0.3,0,1,-1,-1
HMNW,M,0.3,0,2,1,-1
HMNW,M,0.3,0,3,-1,-1
HMNW,M,0.3,0,4,1,1
HMNW,M,0.3,0,5,1,1
HMNW,M,0.3,0,6,1,1
HMNW,M,0.3,0,7,-1,-1
HMNW,M,0.3,0,8,1,-1
HMNW,M,0.3,0,9,-1,1
HMNW,M,0.3,0,10,1,1
HMNW,M,0.3,0,11,-1,-1
HMNW,M,0.3,0,12,1,1
HMNW,M,0.3,0,13,-1,-1
HMNW,M,0.3,0,14,1,1
HMNW,M,0.3,0,15,1,1
HMNW,M,0.3,0,16,1,-1
HMNW,M,0.3,0,17,-1,-1
HMNW,M,0.3,0,18,1,1
HMNW,M,0.3,0,19,-1,1
HMNW,M,0.3,0,20,1,1
HMNW,M,0.3,0,21,1,-1
HMNW,M,0.3,0,22,-1,-1
HMNW,M,0.3,0,23,-1,-1
HMNW,M,0.3,0,24,1,1
HMNW,M,0.4,0,0,1,1
HMNW,M,0.4,0,1,-1,-1
HMNW,M,0.4,0,2,1,-1
HMNW,M,0.4,0,3,-1,-1
HMNW,M,0.4,0,4,-1,1
HMNW,M,0.4,0,5,1,1
HMNW,M,0.4,0,6,1,1
HMNW,M,0.4,0,7,-1,-1
HMNW,M,0.4,0,8,1,-1
HMNW,M,0.4,0,9,-1,1
HMNW,M,0.4,0,10,1,1
HMNW,M,0.4,0,11,-1,-1
HMNW,M,0.4,0,12,-1,1
HMNW,M,0.4,0,13,-1,-1
HMNW,M,0.4,0,14,-1,1
HMNW,M,0.4,0,15,1,1
HMNW,M,0.4,0,16,1,-1
HMNW,M,0.4,0,17,-1,-1
HMNW,M,0.4,0,18,1,1
HMNW,M,0.4,0,19,-1,1
HMNW,M,0.4,0,20,1,1
HMNW,M,0.4,0,21,1,-1
HMNW,M,0.4,0,22,-1,-1
HMNW,M,0.4,0,23,-1,-1
HMNW,M,0.4,0,24,1,1
HMNW,M,0.45,0,0,1,-1
HMNW,M,0.45,0,1,-1,1
HMNW,M,0.45,0,2,1,1
HMNW,M,0.45,0,3,-1,1
HMNW,M,0.45,0,4,-1,-1
HMNW,M,0.45,0,5,-1,-1
HMNW,M,0.45,0,6,1,-1
HMNW,M,0.45,0,7,1,1
HMNW,M,0.45,0,8,1,1
HMNW,M,0.45,0,9,-1,-1
HMNW,M,0.45,0,10,1,-1
HMNW,M,0.45,0,11,-1,1
HMNW,M,0.45,0,12,-1,-1
HMNW,M,0.45,0,13,-1,1
HMNW,M,0.45,0,14,-1,-1
HMNW,M,0.45,0,15,1,-1
HMNW,M,0.45,0,16,1,1
HMNW,M,0.45,0,17,1,1
HMNW,M,0.45,0,18,1,-1
HMNW,M,0.45,0,19,-1,-1
HMNW,M,0.45,0,20,1,-1
HMNW,M,0.45,0,21,1,1
HMNW,M,0.45,0,22,-1,1
HMNW,M,0.45,0,23,-1,1
HMNW,M,0.45,0,24,1,-1
HMNW,M,0.5,0,0,1,-1
HMNW,M,0.5,0,1,-1,1
HMNW,M,0.5,0,2,1,1
HMNW,M,0.5,0,3,-1,1
HMNW,M,0.5,0,4,-1,-1
HMNW,M,0.5,0,5,-1,-1
HMNW,M,0.5,0,6,1,-1
HMNW,M,0.5,0,7,1,1
HMNW,M,0.5,0,8,1,1
HMNW,M,0.5,0,9,-1,-1
HMNW,M,0.5,0,10,1,-1
HMNW,M,0.5,0,11,-1,1
HMNW,M,0.5,0,12,-1,-1
HMNW,M,0.5,0,13,-1,1
HMNW,M,0.5,0,14,-1,-1
HMNW,M,0.5,0,15,-1,-1
HMNW,M,0.5,0,16,1,1
HMNW,M,0.5,0,17,1,1
HMNW,M,0.5,0,18,1,-1
HMNW,M,0.5,0,19,-1,-1
HMNW,M,0.5,0,20,1,-1
HMNW,M,0.5,0,21,1,1
HMNW,M,0.5,0,22,1,1
HMNW,M,0.5,0,23,-1,1
HMNW,M,0.5,0,24,1,-1
HMNW,M,0.55,0,0,-1,-1
HMNW,M,0.55,0,1,-1,1
HMNW,M,0.55,0,2,1,1
HMNW,M,0.55,0,3,-1,1
HMNW,M,0.55,0,4,-1,-1
HMNW,M,0.55,0,5,-1,-1
HMNW,M,0.55,0,6,1,-1
HMNW,M,0.55,0,7,1,1
HMNW,M,0.55,0,8,-1,1
HMNW,M,0.55,0,9,-1,-1
HMNW,M,0.55,0,10,1,-1
HMNW,M,0.55,0,11,1,1
HMNW,M,0.55,0,12,-1,-1
HMNW,M,0.55,0,13,-1,1
HMNW,M,0.55,0,14,-1,-1
HMNW,M,0.55,0,15,-1,-1
HMNW,M,0.55,0,16,1,1
HMNW,M,0.55,0,17,1,1
HMNW,M,0.55,0,18,1,-1
HMNW,M,0.55,0,19,-1,-1
HMNW,M,0.55,0,20,1,-1
HMNW,M,0.55,0,21,1,1
HMNW,M,0.55,0,22,1,1
HMNW,M,0.55,0,23,-1,1
HMNW,M,0.55,0,24,1,-1
HMNW,M,0.6,0,0,-1,-1
HMNW,M,0.6,0,1,-1,1
HMNW,M,0.6,0,2,1,1
HMNW,M,0.6,0,3,-1,1
HMNW,M,0.6,0,4,-1,-1
HMNW,M,0.6,0,5,-1,-1
HMNW,M,0.6,0,6,1,-1
HMNW,M,0.6,0,7,1,1
HMNW,M,0.6,0,8,-1,1
HMNW,M,0.6,0,9,-1,-1
HMNW,M,0.6,0,10,1,-1
HMNW,M,0.6,0,11,1,1
HMNW,M,0.6,0,12,-1,-1
HMNW,M,0.6,0,13,-1,1
HMNW,M,0.6,0,14,-1,-1
HMNW,M,0.6,0,15,-1,-1
HMNW,M,0.6,0,16,1,1
HMNW,M,0.6,0,17,1,1
HMNW,M,0.6,0,18,1,-1
HMNW,M,0.6,0,19,-1,-1
HMNW,M,0.6,0,20,1,-1
HMNW,M,0.6,0,21,1,1
HMNW,M,0.6,0,22,1,1
HMNW,M,0.6,0,23,-1,1
HMNW,M,0.6,0,24,1,-1
HMNW,M,0.65,0,0,-1,-1
HMNW,M,0.65,0,1,-1,1
HMNW,M,0.65,0,2,1,1
HMNW,M,0.65,0,3,-1,1
HMNW,M,0.65,0,4,-1,-1
HMNW,M,0.65,0,5,-1,-1
HMNW,M,0.65,0,6,1,-1
HMNW,M,0.65,0,7,1,1
HMNW,M,0.65,0,8,-1,1
HMNW,M,0.65,0,9,-1,-1
HMNW,M,0.65,0,10,1,-1
HMNW,M,0.65,0,11,1,1
HMNW,M,0.65,0,12,-1,-1
HMNW,M,0.65,0,13,-1,1
HMNW,M,0.65,0,14,-1,-1
HMNW,M,0.65,0,15,-1,-1
HMNW,M,0.65,0,16,1,1
HMNW,M,0.65,0,17,1,1
HMNW,M,0.65,0,18,1,-1
HMNW,M,0.65,0,19,-1,-1
HMNW,M,0.65,0,20,1,-1
HMNW,M,0.65,0,21,1,1
HMNW,M,0.65,0,22,1,1
HMNW,M,0.65,0,23,-1,1
HMNW,M,0.65,0,24,1,-1
HMNW,N,0.1,0,0,1,1
HMNW,N,0.1,0,1,-1,-1
HMNW,N,0.1,0,2,-1,-1
HMNW,N,0.1,0,3,-1,-1
HMNW,N,0.1,0,4,1,1
HMNW,N,0.1,0,5,1,1
HMNW,N,0.1,0,6,1,1
HMNW,N,0.1,0,7,-1,-1
HMNW,N,0.1,0,8,-1,-1
HMNW,N,0.1,0,9,-1,1
HMNW,N,0.1,0,10,1,1
HMNW,N,0.1,0,11,-1,-1
HMNW,N,0.1,0,12,1,1
HMNW,N,0.1,0,13,-1,-1
HMNW,N,0.1,0,14,1,1
HMNW,N,0.1,0,15,1,1
HMNW,N,0.1,0,16,-1,-1
HMNW,N,0.1,0,17,-1,-1
HMNW,N,0.1,0,18,1,1
HMNW,N,0.1,0,19,1,1
HMNW,N,0.1,0,20,1,1
HMNW,N,0.1,0,21,-1,-1
HMNW,N,0.1,0,22,-1,-1
HMNW,N,0.1,0,23,-1,-1
HMNW,N,0.1,0,24,1,1
HMNW,N,0.2,0,0,1,1
HMNW,N,0.2,0,1,-1,-1
HMNW,N,0.2,0,2,1,-1
HMNW,N,0.2,0,3,-1,-1
HMNW,N,0.2,0,4,1,1
HMNW,N,0.2,0,5,1,1
HMNW,N,0.2,0,6,1,1
HMNW,N,0.2,0,7,-1,-1
HMNW,N,0.2,0,8,-1,-1
HMNW,N,0.2,0,9,-1,1
HMNW,N,0.2,0,10,1,1
HMNW,N,0.2,0,11,-1,-1
HMNW,N,0.2,0,12,1,1
HMNW,N,0.2,0,13,-1,-1
HMNW,N,0.2,0,14,1,1
HMNW,N,0.2,0,15,1,1
HMNW,N,0.2,0,16,1,-1
HMNW,N,0.2,0,17,-1,-1
HMNW,N,0.2,0,18,1,1
HMNW,N,0.2,0,19,1,1
HMNW,N,0.2,0,20,1,1
HMNW,N,0.2,0,21,-1,-1
HMNW,N,0.2,0,22,-1,-1
HMNW,N,0.2,0,23,-1,-1
HMNW,N,0.2,0,24,1,1
HMNW,N,0.3,0,0,1,1
HMNW,N,0.3,0,1,-1,-1
HMNW,N,0.3,0,2,1,-1
HMNW,N,0.3,0,3,-1,-1
HMNW,N,0.3,0,4,1,1
HMNW,N,0.3,0,5,1,1
HMNW,N,0.3,0,6,1,1
HMNW,N,0.3,0,7,-1,-1
HMNW,N,0.3,0,8,-1,-1
HMNW,N,0.3,0,9,-1,1
HMNW,N,0.3,0,10,1,1
HMNW,N,0.3,0,11,-1,-1
HMNW,N,0.3,0,12,1,1
HMNW,N,0.3,0,13,-1,-1
HMNW,N,0.3,0,14,1,1
HMNW,N,0.3,0,15,1,1
HMNW,N,0.3,0,16,1,-1
HMNW,N,0.3,0,17,-1,-1
HMNW,N,0.3,0,18,-1,1
HMNW,N,0.3,0,19,-1,1
HMNW,N,0.3,0,20,1,1
HMNW,N,0.3,0,21,1,-1
HMNW,N,0.3,0,22,-1,-1
HMNW,N,0.3,0,23,-1,-1
HMNW,N,0.3,0,24,1,1
HMNW,N,0.4,0,0,1,1
HMNW,N,0.4,0,1,-1,-1
HMNW,N,0.4,0,2,1,-1
HMNW,N,0.4,0,3,-1,-1
HMNW,N,0.4,0,4,-1,1
HMNW,N,0.4,0,5,1,1
HMNW,N,0.4,0,6,1,1
HMNW,N,0.4,0,7,-1,-1
HMNW,N,0.4,0,8,-1,-1
HMNW,N,0.4,0,9,-1,1
HMNW,N,0.4,0,10,1,1
HMNW,N,0.4,0,11,-1,-1
HMNW,N,0.4,0,12,-1,1
HMNW,N,0.4,0,13,-1,-1
HMNW,N,0.4,0,14,-1,1
HMNW,N,0.4,0,15,1,1
HMNW,N,0.4,0,16,1,-1
HMNW,N,0.4,0,17,-1,-1
HMNW,N,0.4,0,18,-1,1
HMNW,N,0.4,0,19,-1,1
HMNW,N,0.4,0,20,1,1
HMNW,N,0.4,0,21,1,-1
HMNW,N,0.4,0,22,-1,-1
HMNW,N,0.4,0,23,-1,-1
HMNW,N,0.4,0,24,1,1
HMNW,N,0.45,0,0,1,1
HMNW,N,0.45,0,1,-1,-1
HMNW,N,0.45,0,2,1,-1
HMNW,N,0.45,0,3,-1,-1
HMNW,N,0.45,0,4,-1,1
HMNW,N,0.45,0,5,-1,1
HMNW,N,0.45,0,6,1,1
HMNW,N,0.45,0,7,1,-1
HMNW,N,0.45,0,8,-1,-1
HMNW,N,0.45,0,9,-1,1
HMNW,N,0.45,0,10,1,1
HMNW,N,0.45,0,11,-1,-1
HMNW,N,0.45,0,12,-1,1
HMNW,N,0.45,0,13,-1,-1
HMNW,N,0.45,0,14,-1,1
HMNW,N,0.45,0,15,1,1
HMNW,N,0.45,0,16,1,-1
HMNW,N,0.45,0,17,1,-1
HMNW,N,0.45,0,18,-1,1
HMNW,N,0.45,0,19,-1,1
HMNW,N,0.45,0,20,1,1
HMNW,N,0.45,0,21,1,-1
HMNW,N,0.45,0,22,-1,-1
HMNW,N,0.45,0,23,-1,-1
HMNW,N,0.45,0,24,1,1
HMNW,N,0.5,0,0,1,-1
HMNW,N,0.5,0,1,-1,1
HMNW,N,0.5,0,2,1,1
HMNW,N,0.5,0,3,-1,1
HMNW,N,0.5,0,4,-1,-1
HMNW,N,0.5,0,5,-1,-1
HMNW,N,0.5,0,6,1,-1
HMNW,N,0.5,0,7,1,1
HMNW,N,0.5,0,8,-1,1
HMNW,N,0.5,0,9,-1,-1
HMNW,N,0.5,0,10,1,-1
HMNW,N,0.5,0,11,-1,1
HMNW,N,0.5,0,12,-1,-1
HMNW,N,0.5,0,13,-1,1
HMNW,N,0.5,0,14,-1,-1
HMNW,N,0.5,0,15,-1,-1
HMNW,N,0.5,0,16,1,1
HMNW,N,0.5,0,17,1,1
HMNW,N,0.5,0,18,-1,-1
HMNW,N,0.5,0,19,-1,-1
HMNW,N,0.5,0,20,1,-1
HMNW,N,0.5,0,21,1,1
HMNW,N,0.5,0,22,1,1
HMNW,N,0.5,0,23,-1,1
HMNW,N,0.5,0,24,1,-1
HMNW,N,0.55,0,0,-1,-1
HMNW,N,0.55,0,1,-1,1
HMNW,N,0.55,0,2,1,1
HMNW,N,0.55,0,3,-1,1
HMNW,N,0.55,0,4,-1,-1
HMNW,N,0.55,0,5,-1,-1
HMNW,N,0.55,0,6,1,-1
HMNW,N,0.55,0,7,1,1
HMNW,N,0.55,0,8,1,1
HMNW,N,0.55,0,9,-1,-1
HMNW,N,0.55,0,10,1,-1
HMNW,N,0.55,0,11,1,1
HMNW,N,0.55,0,12,-1,-1
HMNW,N,0.55,0,13,-1,1
HMNW,N,0.55,0,14,-1,-1
HMNW,N,0.55,0,15,-1,-1
HMNW,N,0.55,0,16,1,1
HMNW,N,0.55,0,17,1,1
HMNW,N,0.55,0,18,-1,-1
HMNW,N,0.55,0,19,-1,-1
HMNW,N,0.55,0,20,1,-1
HMNW,N,0.55,0,21,1,1
HMNW,N,0.55,0,22,1,1
HMNW,N,0.55,0,23,-1,1
HMNW,N,0.55,0,24,1,-1
HMNW,N,0.6,0,0,-1,-1
HMNW,N,0.6,0,1,-1,1
HMNW,N,0.6,0,2,1,1
HMNW,N,0.6,0,3,-1,1
HMNW,N,0.6,0,4,-1,-1
HMNW,N,0.6,0,5,-1,-1
HMNW,N,0.6,0,6,1,-1
HMNW,N,0.6,0,7,1,1
HMNW,N,0.6,0,8,1,1
HMNW,N,0.6,0,9,-1,-1
HMNW,N,0.6,0,10,1,-1
HMNW,N,0.6,0,11,1,1
HMNW,N,0.6,0,12,-1,-1
HMNW,N,0.6,0,13,-1,1
HMNW,N,0.6,0,14,-1,-1
HMNW,N,0.6,0,15,-1,-1
HMNW,N,0.6,0,16,1,1
HMNW,N,0.6,0,17,1,1
HMNW,N,0.6,0,18,-1,-1
HMNW,N,0.6,0,19,-1,-1
HMNW,N,0.6,0,20,1,-1
HMNW,N,0.6,0,21,1,1
HMNW,N,0.6,0,22,1,1
HMNW,N,0.6,0,23,-1,1
HMNW,N,0.6,0,24,1,-1
HMNW,N,0.65,0,0,-1,-1
HMNW,N,0.65,0,1,-1,1
HMNW,N,0.65,0,2,1,1
HMNW,N,0.65,0,3,-1,1
HMNW,N,0.65,0,4,-1,-1
HMNW,N,0.65,0,5,-1,-1
HMNW,N,0.65,0,6,1,-1
HMNW,N,0.65,0,7,1,1
HMNW,N,0.65,0,8,1,1
HMNW,N,0.65,0,9,-1,-1
HMNW,N,0.65,0,10,1,-1
HMNW,N,0.65,0,11,1,1
HMNW,N,0.65,0,12,-1,-1
HMNW,N,0.65,0,13,-1,1
HMNW,N,0.65,0,14,-1,-1
HMNW,N,0.65,0,15,-1,-1
HMNW,N,0.65,0,16,1,1
HMNW,N,0.65,0,17,1,1
HMNW,N,0.65,0,18,-1,-1
HMNW,N,0.65,0,19,-1,-1
HMNW,N,0.65,0,20,1,-1
HMNW,N,0.65,0,21,1,1
HMNW,N,0.65,0,22,1,1
HMNW,N,0.65,0,23,-1,1
HMNW,N,0.65,0,24,1,-1
HMNW,W,0.1,0,0,1,1
HMNW,W,0.1,0,1,-1,-1
HMNW,W,0.1,0,2,-1,-1
HMNW,W,0.1,0,3,-1,-1
HMNW,W,0.1,0,4,1,1
HMNW,W,0.1,0,5,1,1
HMNW,W,0.1,0,6,-1,1
HMNW,W,0.1,0,7,-1,-1
HMNW,W,0.1,0,8,-1,-1
HMNW,W,0.1,0,9,-1,1
HMNW,W,0.1,0,10,1,1
HMNW,W,0.1,0,11,-1,-1
HMNW,W,0.1,0,12,1,1
HMNW,W,0.1,0,13,-1,-1
HMNW,W,0.1,0,14,1,1
HMNW,W,0.1,0,15,1,1
HMNW,W,0.1,0,16,1,-1
HMNW,W,0.1,0,17,-1,-1
HMNW,W,0.1,0,18,1,1
HMNW,W,0.1,0,19,1,1
HMNW,W,0.1,0,20,1,1
HMNW,W,0.1,0,21,-1,-1
HMNW,W,0.1,0,22,-1,-1
HMNW,W,0.1,0,23,-1,-1
HMNW,W,0.1,0,24,1,1
HMNW,W,0.2,0,0,1,1
HMNW,W,0.2,0,1,-1,-1
HMNW,W,0.2,0,2,1,-1
HMNW,W,0.2,0,3,-1,-1
HMNW,W,0.2,0,4,1,1
HMNW,W,0.2,0,5,1,1
HMNW,W,0.2,0,6,-1,1
HMNW,W,0.2,0,7,-1,-1
HMNW,W,0.2,0,8,-1,-1
HMNW,W,0.2,0,9,-1,1
HMNW,W,0.2,0,10,1,1
HMNW,W,0.2,0,11,-1,-1
HMNW,W,0.2,0,12,1,1
HMNW,W,0.2,0,13,-1,-1
HMNW,W,0.2,0,14,1,1
HMNW,W,0.2,0,15,1,1
HMNW,W,0.2,0,16,-1,-1
HMNW,W,0.2,0,17,-1,-1
HMNW,W,0.2,0,18,1,1
HMNW,W,0.2,0,19,1,1
HMNW,W,0.2,0,20,1,1
HMNW,W,0.2,0,21,-1,-1
HMNW,W,0.2,0,22,-1,-1
HMNW,W,0.2,0,23,-1,-1
HMNW,W,0.2,0,24,1,1
HMNW,W,0.3,0,0,1,1
HMNW,W,0.3,0,1,-1,-1
HMNW,W,0.3,0,2,1,-1
HMNW,W,0.3,0,3,-1,-1
HMNW,W,0.3,0,4,1,1
HMNW,W,0.3,0,5,1,1
HMNW,W,0.3,0,6,-1,1
HMNW,W,0.3,0,7,-1,-1
HMNW,W,0.3,0,8,-1,-1
HMNW,W,0.3,0,9,-1,1
HMNW,W,0.3,0,10,1,1
HMNW,W,0.3,0,11,-1,-1
HMNW,W,0.3,0,12,1,1
HMNW,W,0.3,0,13,-1,-1
HMNW,W,0.3,0,14,1,1
HMNW,W,0.3,0,15,1,1
HMNW,W,0.3,0,16,-1,-1
HMNW,W,0.3,0,17,-1,-1
HMNW,W,0.3,0,18,-1,1
HMNW,W,0.3,0,19,-1,1
HMNW,W,0.3,0,20,1,1
HMNW,W,0.3,0,21,1,-1
HMNW,W,0.3,0,22,-1,-1
HMNW,W,0.3,0,23,-1,-1
HMNW,W,0.3,0,24,1,1
HMNW,W,0.4,0,0,1,1
HMNW,W,0.4,0,1,-1,-1
HMNW,W,0.4,0,2,1,-1
HMNW,W,0.4,0,3,-1,-1
HMNW,W,0.4,0,4,-1,1
HMNW,W,0.4,0,5,1,1
HMNW,W,0.4,0,6,-1,1
HMNW,W,0.4,0,7,-1,-1
HMNW,W,0.4,0,8,-1,-1
HMNW,W,0.4,0,9,-1,1
HMNW,W,0.4,0,10,1,1
HMNW,W,0.4,0,11,-1,-1
HMNW,W,0.4,0,12,-1,1
HMNW,W,0.4,0,13,-1,-1
HMNW,W,0.4,0,14,-1,1
HMNW,W,0.4,0,15,1,1
HMNW,W,0.4,0,16,-1,-1
HMNW,W,0.4,0,17,-1,-1
HMNW,W,0.4,0,18,-1,1
HMNW,W,0.4,0,19,-1,1
HMNW,W,0.4,0,20,1,1
HMNW,W,0.4,0,21,1,-1
HMNW,W,0.4,0,22,-1,-1
HMNW,W,0.4,0,23,-1,-1
HMNW,W,0.4,0,24,1,1
HMNW,W,0.45,0,0,1,1
HMNW,W,0.45,0,1,-1,-1
HMNW,W,0.45,0,2,1,-1
HMNW,W,0.45,0,3,-1,-1
HMNW,W,0.45,0,4,-1,1
HMNW,W,0.45,0,5,-1,1
HMNW,W,0.45,0,6,-1,1
HMNW,W,0.45,0,7,1,-1
HMNW,W,0.45,0,8,-1,-1
HMNW,W,0.45,0,9,-1,1
HMNW,W,0.45,0,10,1,1
HMNW,W,0.45,0,11,-1,-1
HMNW,W,0.45,0,12,-1,1
HMNW,W,0.45,0,13,-1,-1
HMNW,W,0.45,0,14,-1,1
HMNW,W,0.45,0,15,1,1
HMNW,W,0.45,0,16,-1,-1
HMNW,W,0.45,0,17,1,-1
HMNW,W,0.45,0,18,-1,1
HMNW,W,0.45,0,19,-1,1
HMNW,W,0.45,0,20,1,1
HMNW,W,0.45,0,21,1,-1
HMNW,W,0.45,0,22,-1,-1
HMNW,W,0.45,0,23,-1,-1
HMNW,W,0.45,0,24,1,1
HMNW,W,0.5,0,0,1,-1
HMNW,W,0.5,0,1,-1,1
HMNW,W,0.5,0,2,1,1
HMNW,W,0.5,0,3,-1,1
HMNW,W,0.5,0,4,-1,-1
HMNW,W,0.5,0,5,-1,-1
HMNW,W,0.5,0,6,-1,-1
HMNW,W,0.5,0,7,1,1
HMNW,W,0.5,0,8,-1,1
HMNW,W,0.5,0,9,-1,-1
HMNW,W,0.5,0,10,1,-1
HMNW,W,0.5,0,11,-1,1
HMNW,W,0.5,0,12,-1,-1
HMNW,W,0.5,0,13,-1,1
HMNW,W,0.5,0,14,-1,-1
HMNW,W,0.5,0,15,-1,-1
HMNW,W,0.5,0,16,-1,1
HMNW,W,0.5,0,17,1,1
HMNW,W,0.5,0,18,-1,-1
HMNW,W,0.5,0,19,-1,-1
HMNW,W,0.5,0,20,1,-1
HMNW,W,0.5,0,21,1,1
HMNW,W,0.5,0,22,1,1
HMNW,W,0.5,0,23,-1,1
HMNW,W,0.5,0,24,1,-1
HMNW,W,0.55,0,0,-1,-1
HMNW,W,0.55,0,1,-1,1
HMNW,W,0.55,0,2,1,1
HMNW,W,0.55,0,3,-1,1
HMNW,W,0.55,0,4,-1,-1
HMNW,W,0.55,0,5,-1,-1
HMNW,W,0.55,0,6,-1,-1
HMNW,W,0.55,0,7,1,1
HMNW,W,0.55,0,8,1,1
HMNW,W,0.55,0,9,-1,-1
HMNW,W,0.55,0,10,1,-1
HMNW,W,0.55,0,11,1,1
HMNW,W,0.55,0,12,-1,-1
HMNW,W,0.55,0,13,-1,1
HMNW,W,0.55,0,14,-1,-1
HMNW,W,0.55,0,15,-1,-1
HMNW,W,0.55,0,16,-1,1
HMNW,W,0.55,0,17,1,1
HMNW,W,0.55,0,18,-1,-1
HMNW,W,0.55,0,19,-1,-1
HMNW,W,0.55,0,20,1,-1
HMNW,W,0.55,0,21,1,1
HMNW,W,0.55,0,22,1,1
HMNW,W,0.55,0,23,-1,1
HMNW,W,0.55,0,24,1,-1
HMNW,W,0.6,0,0,-1,-1
HMNW,W,0.6,0,1,-1,1
HMNW,W,0.6,0,2,1,1
HMNW,W,0.6,0,3,-1,1
HMNW,W,0.6,0,4,-1,-1
HMNW,W,0.6,0,5,-1,-1
HMNW,W,0.6,0,6,-1,-1
HMNW,W,0.6,0,7,1,1
HMNW,W,0.6,0,8,1,1
HMNW,W,0.6,0,9,-1,-1
HMNW,W,0.6,0,10,1,-1
HMNW,W,0.6,0,11,1,1
HMNW,W,0.6,0,12,-1,-1
HMNW,W,0.6,0,13,-1,1
HMNW,W,0.6,0,14,-1,-1
HMNW,W,0.6,0,15,-1,-1
HMNW,W,0.6,0,16,-1,1
HMNW,W,0.6,0,17,1,1
HMNW,W,0.6,0,18,-1,-1
HMNW,W,0.6,0,19,-1,-1
HMNW,W,0.6,0,20,1,-1
HMNW,W,0.6,0,21,1,1
HMNW,W,0.6,0,22,1,1
HMNW,W,0.6,0,23,-1,1
HMNW,W,0.6,0,24,1,-1
HMNW,W,0.65,0,0,-1,-1
HMNW,W,0.65,0,1,-1,1
HMNW,W,0.65,0,2,1,1
HMNW,W,0.65,0,3,-1,1
HMNW,W,0.65,0,4,-1,-1
HMNW,W,0.65,0,5,-1,-1
HMNW,W,0.65,0,6,-1,-1
HMNW,W,0.65,0,7,1,1
HMNW,W,0.65,0,8,1,1
HMNW,W,0.65,0,9,-1,-1
HMNW,W,0.65,0,10,1,-1
HMNW,W,0.65,0,11,1,1
HMNW,W,0.65,0,12,-1,-1
HMNW,W,0.65,0,13,-1,1
HMNW,W,0.65,0,14,-1,-1
HMNW,W,0.65,0,15,-1,-1
HMNW,W,0.65,0,16,-1,1
HMNW,W,0.65,0,17,1,1
HMNW,W,0.65,0,18,-1,-1
HMNW,W,0.65,0,19,-1,-1
HMNW,W,0.65,0,20,1,-1
HMNW,W,0.65,0,21,1,1
HMNW,W,0.65,0,22,1,1
HMNW,W,0.65,0,23,-1,1
HMNW,W,0.65,0,24,1,-1
