eta_inicial,grilla,seed,country,i,j,dist
0.1,rectangular,0,Austria,2,1,1.13627131650239
0.1,rectangular,0,Belgium,2,1,0.7037004249395427
0.1,rectangular,0,Bulgaria,2,0,1.9357680287510541
0.1,rectangular,0,Croatia,2,0,2.2271781304032965
0.1,rectangular,0,Czech Republic,2,2,0.8338461661090867
0.1,rectangular,0,Denmark,0,1,0.6693506610028362
0.1,rectangular,0,Estonia,2,0,1.9370914292479866
0.1,rectangular,0,Finland,1,0,0.8389651319203375
0.1,rectangular,0,Germany,1,1,1.1455681659793069
0.1,rectangular,0,Greece,2,0,3.62384919039355
0.1,rectangular,0,Hungary,0,2,0.8733839275070828
0.1,rectangular,0,Iceland,2,1,2.217917371334313
0.1,rectangular,0,Ireland,0,0,2.323344895655318
0.1,rectangular,0,Italy,1,0,1.2961607012642962
0.1,rectangular,0,Latvia,0,2,1.7830183107530146
0.1,rectangular,0,Lithuania,0,2,1.4380696733060967
0.1,rectangular,0,Luxembourg,0,1,3.78538326227196
0.1,rectangular,0,Netherlands,0,1,1.2043998446771356
0.1,rectangular,0,Norway,1,1,2.3165935802605366
0.1,rectangular,0,Poland,2,0,1.4215413551937721
0.1,rectangular,0,Portugal,2,0,1.3782753710353528
0.1,rectangular,0,Slovakia,0,2,1.0018701841451512
0.1,rectangular,0,Slovenia,2,2,1.2452076956919231
0.1,rectangular,0,Spain,0,0,2.293555091993966
0.1,rectangular,0,Sweden,1,1,1.6182935518501713
0.1,rectangular,0,Switzerland,0,1,2.839656586731596
0.1,rectangular,0,Ukraine,0,2,5.262756070786618
0.1,rectangular,0,United Kingdom,1,0,1.8560064230374231
0.1,rectangular,1,Austria,1,1,1.1739998158593172
0.1,rectangular,1,Belgium,1,1,0.808907855266232
0.1,rectangular,1,Bulgaria,2,2,2.1701122545968925
0.1,rectangular,1,Croatia,2,2,2.255953339676322
0.1,rectangular,1,Czech Republic,1,2,0.9476911349924175
0.1,rectangular,1,Denmark,1,1,0.9174109801203805
0.1,rectangular,1,Estonia,2,2,1.7950519160559353
0.1,rectangular,1,Finland,0,0,0.9741924004782648
0.1,rectangular,1,Germany,0,0,1.4541743571510972
0.1,rectangular,1,Greece,2,2,3.8093343837715805
0.1,rectangular,1,Hungary,2,2,0.7920553684038855
0.1,rectangular,1,Iceland,1,1,2.165927288682789
0.1,rectangular,1,Ireland,2,0,2.397902453168184
0.1,rectangular,1,Italy,0,0,0.8261912069251995
0.1,rectangular,1,Latvia,0,1,1.8939506876272973
0.1,rectangular,1,Lithuania,0,1,1.4866450595147382
0.1,rectangular,1,Luxembourg,1,1,3.954465621969635
0.1,rectangular,1,Netherlands,1,1,1.6726949674485359
0.1,rectangular,1,Norway,0,0,2.4100743830375437
0.1,rectangular,1,Poland,2,1,1.1942311819221472
0.1,rectangular,1,Portugal,2,2,1.3723050486804744
0.1,rectangular,1,Slovakia,0,1,1.0597674019441392
0.1,rectangular,1,Slovenia,1,2,1.3371046470722083
0.1,rectangular,1,Spain,2,0,2.175403248697479
0.1,rectangular,1,Sweden,0,0,1.5115828975628456
0.1,rectangular,1,Switzerland,1,1,3.253148141121167
0.1,rectangular,1,Ukraine,2,1,3.6705998875797325
0.1,rectangular,1,United Kingdom,0,0,1.881331576807864
0.1,rectangular,2,Austria,1,1,1.3478572884577726
0.1,rectangular,2,Belgium,1,1,1.0464413525920655
0.1,rectangular,2,Bulgaria,2,1,2.035090121147333
0.1,rectangular,2,Croatia,0,2,1.6513580497916212
0.1,rectangular,2,Czech Republic,1,2,1.135778702991928
0.1,rectangular,2,Denmark,1,1,1.1107198369023852
0.1,rectangular,2,Estonia,2,1,1.9526813194729662
0.1,rectangular,2,Finland,0,1,0.8523820919270266
0.1,rectangular,2,Germany,1,0,1.1646772243096217
0.1,rectangular,2,Greece,2,2,2.454695154728764
0.1,rectangular,2,Hungary,2,1,0.912335988277859
0.1,rectangular,2,Iceland,1,1,1.611725294495251
0.1,rectangular,2,Ireland,2,0,1.584382065110792
0.1,rectangular,2,Italy,0,1,1.2969484783452783
0.1,rectangular,2,Latvia,2,1,2.2099874992726556
0.1,rectangular,2,Lithuania,0,2,2.00300165700904
0.1,rectangular,2,Luxembourg,2,0,3.6032813085747333
0.1,rectangular,2,Netherlands,1,1,1.786428568434815
0.1,rectangular,2,Norway,1,0,2.2673441265679437
0.1,rectangular,2,Poland,2,1,1.4104299673968907
0.1,rectangular,2,Portugal,2,2,0.8216350050149681
0.1,rectangular,2,Slovakia,0,2,1.4385281627625475
0.1,rectangular,2,Slovenia,1,2,1.0897938636307243
0.1,rectangular,2,Spain,0,0,2.2697771912780134
0.1,rectangular,2,Sweden,1,0,1.5599901395979676
0.1,rectangular,2,Switzerland,2,0,3.072798357148344
0.1,rectangular,2,Ukraine,2,1,5.287784302166239
0.1,rectangular,2,United Kingdom,2,2,1.7379048464530322
0.1,rectangular,3,Austria,2,2,1.5302240203939987
0.1,rectangular,3,Belgium,2,2,0.7957148370496093
0.1,rectangular,3,Bulgaria,0,1,1.7268444052718945
0.1,rectangular,3,Croatia,0,0,2.0388585250243687
0.1,rectangular,3,Czech Republic,1,2,1.1295719735820027
0.1,rectangular,3,Denmark,0,2,0.8828382847917744
0.1,rectangular,3,Estonia,1,0,1.694227833199117
0.1,rectangular,3,Finland,2,0,0.6704067727526549
0.1,rectangular,3,Germany,2,0,1.2495722283588067
0.1,rectangular,3,Greece,0,1,3.547314481856016
0.1,rectangular,3,Hungary,1,0,0.7209271287379662
0.1,rectangular,3,Iceland,2,1,2.1991967840666904
0.1,rectangular,3,Ireland,2,1,2.2020877649431503
0.1,rectangular,3,Italy,2,0,1.1013572904487365
0.1,rectangular,3,Latvia,1,0,1.931801556642132
0.1,rectangular,3,Lithuania,1,0,1.7166873613112437
0.1,rectangular,3,Luxembourg,2,1,2.79435081545739
0.1,rectangular,3,Netherlands,2,1,1.5233066468460186
0.1,rectangular,3,Norway,2,0,2.3911467015147783
0.1,rectangular,3,Poland,1,0,1.329445590808413
0.1,rectangular,3,Portugal,0,0,1.2692030467649407
0.1,rectangular,3,Slovakia,1,0,1.3518005850228318
0.1,rectangular,3,Slovenia,0,0,0.9968755125378
0.1,rectangular,3,Spain,2,0,3.4104400387516387
0.1,rectangular,3,Sweden,2,0,1.3782127584918444
0.1,rectangular,3,Switzerland,2,1,2.955925433888717
0.1,rectangular,3,Ukraine,0,1,5.163453273252542
0.1,rectangular,3,United Kingdom,2,0,1.9011999535624464
0.1,rectangular,4,Austria,0,2,1.882316960849013
0.1,rectangular,4,Belgium,2,2,1.4619733316488626
0.1,rectangular,4,Bulgaria,2,1,1.9192869227571019
0.1,rectangular,4,Croatia,0,0,2.2022251107867703
0.1,rectangular,4,Czech Republic,1,0,1.535643090341048
0.1,rectangular,4,Denmark,2,2,1.3478065252917588
0.1,rectangular,4,Estonia,1,0,1.8873114486066747
0.1,rectangular,4,Finland,0,2,0.7045944880182177
0.1,rectangular,4,Germany,0,2,1.1764515646933364
0.1,rectangular,4,Greece,0,0,3.397466534314683
0.1,rectangular,4,Hungary,1,0,0.7350951645743781
0.1,rectangular,4,Iceland,2,2,2.1234548999456213
0.1,rectangular,4,Ireland,2,2,1.6285466362780519
0.1,rectangular,4,Italy,0,2,1.0672752672110448
0.1,rectangular,4,Latvia,1,0,1.7548181440292125
0.1,rectangular,4,Lithuania,1,0,1.4471522298607153
0.1,rectangular,4,Luxembourg,2,2,3.6817790420886816
0.1,rectangular,4,Netherlands,2,2,1.8157727637210763
0.1,rectangular,4,Norway,0,2,2.2560689768323727
0.1,rectangular,4,Poland,1,1,1.2091977108837861
0.1,rectangular,4,Portugal,0,0,0.8098919604946495
0.1,rectangular,4,Slovakia,1,0,1.0270161944668994
0.1,rectangular,4,Slovenia,0,0,1.6010131512696617
0.1,rectangular,4,Spain,2,2,3.397835931914705
0.1,rectangular,4,Sweden,0,2,1.3026656765091909
0.1,rectangular,4,Switzerland,2,2,3.0446930959479674
0.1,rectangular,4,Ukraine,0,1,3.647808305876479
0.1,rectangular,4,United Kingdom,2,0,1.2563485600815885
0.1,rectangular,5,Austria,0,2,1.1793743347598953
0.1,rectangular,5,Belgium,0,2,0.7251252120750976
0.1,rectangular,5,Bulgaria,1,2,2.328991638528588
0.1,rectangular,5,Croatia,0,1,2.20584746567985
0.1,rectangular,5,Czech Republic,1,0,1.0503489035602716
0.1,rectangular,5,Denmark,2,0,0.6858789678943206
0.1,rectangular,5,Estonia,1,2,1.8742598041691128
0.1,rectangular,5,Finland,2,1,0.9326048088170844
0.1,rectangular,5,Germany,2,1,1.18357065765631
0.1,rectangular,5,Greece,2,2,3.5454182404068164
0.1,rectangular,5,Hungary,1,2,0.7628974520537909
0.1,rectangular,5,Iceland,0,2,2.236473084678856
0.1,rectangular,5,Ireland,2,0,2.526669713195598
0.1,rectangular,5,Italy,1,1,1.0645867190952472
0.1,rectangular,5,Latvia,1,2,1.7055617260456093
0.1,rectangular,5,Lithuania,1,2,1.3678838844236025
0.1,rectangular,5,Luxembourg,2,0,3.824470392752965
0.1,rectangular,5,Netherlands,2,0,1.2276212215327162
0.1,rectangular,5,Norway,0,0,1.732215018158294
0.1,rectangular,5,Poland,1,2,1.4666190118501883
0.1,rectangular,5,Portugal,2,2,1.2753597677352972
0.1,rectangular,5,Slovakia,1,2,0.9885453387448672
0.1,rectangular,5,Slovenia,1,0,1.024358963622635
0.1,rectangular,5,Spain,1,1,3.488282135841281
0.1,rectangular,5,Sweden,0,0,1.6122061735472766
0.1,rectangular,5,Switzerland,2,0,2.8942717899510515
0.1,rectangular,5,Ukraine,1,2,5.18097009379421
0.1,rectangular,5,United Kingdom,2,2,1.3228858700887443
0.1,rectangular,6,Austria,2,0,1.8610151618304716
0.1,rectangular,6,Belgium,2,1,1.4343326014376683
0.1,rectangular,6,Bulgaria,0,2,2.3648168677930146
0.1,rectangular,6,Croatia,1,0,2.078228196057088
0.1,rectangular,6,Czech Republic,2,1,1.5046006189518784
0.1,rectangular,6,Denmark,2,0,1.3726648942563653
0.1,rectangular,6,Estonia,0,2,1.8776143552573792
0.1,rectangular,6,Finland,2,0,1.1067886471775272
0.1,rectangular,6,Germany,2,0,1.3467682255412192
0.1,rectangular,6,Greece,1,0,2.4140601902708436
0.1,rectangular,6,Hungary,0,2,0.7520465065448101
0.1,rectangular,6,Iceland,2,2,2.1383295400454654
0.1,rectangular,6,Ireland,2,2,1.568506477711886
0.1,rectangular,6,Italy,2,0,1.2677876058658508
0.1,rectangular,6,Latvia,0,2,1.7246515641839453
0.1,rectangular,6,Lithuania,0,2,1.3396088971897528
0.1,rectangular,6,Luxembourg,2,2,3.6925085412530625
0.1,rectangular,6,Netherlands,2,0,1.4567721044433128
0.1,rectangular,6,Norway,2,0,1.6273330338689136
0.1,rectangular,6,Poland,1,1,1.1458783550493332
0.1,rectangular,6,Portugal,1,0,0.8447698900269951
0.1,rectangular,6,Slovakia,0,1,0.8754026223491126
0.1,rectangular,6,Slovenia,2,1,1.5897897283952795
0.1,rectangular,6,Spain,0,0,3.2703792267567233
0.1,rectangular,6,Sweden,2,0,1.5612673432991662
0.1,rectangular,6,Switzerland,2,0,2.8345607591295168
0.1,rectangular,6,Ukraine,1,1,3.7605754898517674
0.1,rectangular,6,United Kingdom,1,0,1.7097962010675265
0.1,rectangular,7,Austria,2,2,1.479253211218606
0.1,rectangular,7,Belgium,2,2,0.7873686035411755
0.1,rectangular,7,Bulgaria,2,1,2.194807197634937
0.1,rectangular,7,Croatia,2,1,2.245356526783408
0.1,rectangular,7,Czech Republic,2,2,1.4140143754871004
0.1,rectangular,7,Denmark,0,1,0.7929416940693206
0.1,rectangular,7,Estonia,2,1,1.8792268074515899
0.1,rectangular,7,Finland,0,2,1.2443667835472036
0.1,rectangular,7,Germany,0,1,1.7296484211089853
0.1,rectangular,7,Greece,0,2,3.7099762914540753
0.1,rectangular,7,Hungary,2,1,0.8517269254549775
0.1,rectangular,7,Iceland,1,1,2.1485565239355817
0.1,rectangular,7,Ireland,1,1,2.1692866715241728
0.1,rectangular,7,Italy,0,1,1.4110936425028113
0.1,rectangular,7,Latvia,2,1,2.0313696847797296
0.1,rectangular,7,Lithuania,2,1,1.7466396594392477
0.1,rectangular,7,Luxembourg,1,1,2.7453275151724665
0.1,rectangular,7,Netherlands,1,0,1.0273075315738236
0.1,rectangular,7,Norway,1,0,2.029244650734809
0.1,rectangular,7,Poland,0,2,1.117161559514908
0.1,rectangular,7,Portugal,0,2,1.3258275062024432
0.1,rectangular,7,Slovakia,1,2,1.1228213824867135
0.1,rectangular,7,Slovenia,1,2,1.550338822371856
0.1,rectangular,7,Spain,2,0,2.2253307565375606
0.1,rectangular,7,Sweden,2,0,1.9058797405518706
0.1,rectangular,7,Switzerland,1,0,2.1814732705368964
0.1,rectangular,7,Ukraine,0,0,3.6399248339823043
0.1,rectangular,7,United Kingdom,0,1,2.0650026231600007
0.1,rectangular,8,Austria,2,2,1.413734513713694
0.1,rectangular,8,Belgium,2,2,0.8634523091299581
0.1,rectangular,8,Bulgaria,0,2,2.0934063635391302
0.1,rectangular,8,Croatia,0,1,1.9857995760385843
0.1,rectangular,8,Czech Republic,1,1,0.9461328348951223
0.1,rectangular,8,Denmark,2,2,0.6594422939737321
0.1,rectangular,8,Estonia,0,2,1.697026266893278
0.1,rectangular,8,Finland,1,2,0.9211048332201794
0.1,rectangular,8,Germany,1,2,1.1510516007197458
0.1,rectangular,8,Greece,0,1,2.4667142291385487
0.1,rectangular,8,Hungary,0,2,0.7241332644259889
0.1,rectangular,8,Iceland,2,0,2.3095887675714817
0.1,rectangular,8,Ireland,2,0,2.4322590428887416
0.1,rectangular,8,Italy,1,0,1.314697551960738
0.1,rectangular,8,Latvia,0,2,1.8643083322546947
0.1,rectangular,8,Lithuania,0,2,1.6327131489490812
0.1,rectangular,8,Luxembourg,2,0,3.668781430995742
0.1,rectangular,8,Netherlands,2,0,1.0625009987911351
0.1,rectangular,8,Norway,2,0,2.2682824855338484
0.1,rectangular,8,Poland,0,2,1.3533204154226413
0.1,rectangular,8,Portugal,0,1,0.7740831042323906
0.1,rectangular,8,Slovakia,0,2,1.27004818978515
0.1,rectangular,8,Slovenia,2,1,1.0754924834485486
0.1,rectangular,8,Spain,0,0,3.6167025903280763
0.1,rectangular,8,Sweden,1,2,1.5980545895565177
0.1,rectangular,8,Switzerland,2,0,2.715712243664863
0.1,rectangular,8,Ukraine,0,2,5.1454606255395205
0.1,rectangular,8,United Kingdom,1,0,1.2887102264799222
0.1,rectangular,9,Austria,0,0,1.3692658106441546
0.1,rectangular,9,Belgium,2,2,0.9634582295831297
0.1,rectangular,9,Bulgaria,0,2,2.525295453924778
0.1,rectangular,9,Croatia,1,1,1.6956495614613363
0.1,rectangular,9,Czech Republic,2,1,1.3824699130580391
0.1,rectangular,9,Denmark,2,2,0.6821932106524229
0.1,rectangular,9,Estonia,0,2,2.3055226051153097
0.1,rectangular,9,Finland,0,1,0.7917334702739818
0.1,rectangular,9,Germany,1,0,1.1375437230232186
0.1,rectangular,9,Greece,1,1,3.3611677085629554
0.1,rectangular,9,Hungary,2,1,1.4449755597358134
0.1,rectangular,9,Iceland,0,0,1.5743181436853915
0.1,rectangular,9,Ireland,1,2,2.096420254534903
0.1,rectangular,9,Italy,0,1,0.9914726129213906
0.1,rectangular,9,Latvia,0,2,2.304340279378098
0.1,rectangular,9,Lithuania,2,1,1.9130906147924294
0.1,rectangular,9,Luxembourg,1,2,2.636862960182723
0.1,rectangular,9,Netherlands,2,2,1.0835443867905477
0.1,rectangular,9,Norway,2,0,1.5583874588240005
0.1,rectangular,9,Poland,0,2,1.163414962929011
0.1,rectangular,9,Portugal,1,1,0.9841504378347953
0.1,rectangular,9,Slovakia,2,1,1.120351002809436
0.1,rectangular,9,Slovenia,1,1,1.1449306812563846
0.1,rectangular,9,Spain,0,1,3.4188143432010376
0.1,rectangular,9,Sweden,0,1,1.3295853172546437
0.1,rectangular,9,Switzerland,2,0,2.6753918525333504
0.1,rectangular,9,Ukraine,0,2,3.753225723529913
0.1,rectangular,9,United Kingdom,0,1,1.9410389877355831
0.1,hexagonal,0,Austria,2,1,1.1453639536163656
0.1,hexagonal,0,Belgium,1,2,0.7025751929385726
0.1,hexagonal,0,Bulgaria,2,0,1.9354981709549368
0.1,hexagonal,0,Croatia,2,0,2.2229213440552122
0.1,hexagonal,0,Czech Republic,2,2,0.8558548728368757
0.1,hexagonal,0,Denmark,0,1,0.6767562416820152
0.1,hexagonal,0,Estonia,2,0,1.9259409828605374
0.1,hexagonal,0,Finland,1,0,0.8561994493185325
0.1,hexagonal,0,Germany,1,1,1.1451103136558771
0.1,hexagonal,0,Greece,2,0,3.6319415466642084
0.1,hexagonal,0,Hungary,0,2,0.874002646904153
0.1,hexagonal,0,Iceland,2,1,2.2175197258391446
0.1,hexagonal,0,Ireland,0,0,2.3255406512467576
0.1,hexagonal,0,Italy,1,0,1.3107507160797691
0.1,hexagonal,0,Latvia,0,2,1.8086387139552436
0.1,hexagonal,0,Lithuania,0,2,1.457938503005312
0.1,hexagonal,0,Luxembourg,0,1,3.7963709104129597
0.1,hexagonal,0,Netherlands,0,1,1.217470384264818
0.1,hexagonal,0,Norway,1,1,2.319285088987362
0.1,hexagonal,0,Poland,2,0,1.4087787613988125
0.1,hexagonal,0,Portugal,2,0,1.3772943504969812
0.1,hexagonal,0,Slovakia,0,2,1.0126260224198584
0.1,hexagonal,0,Slovenia,2,2,1.2600272366550709
0.1,hexagonal,0,Spain,0,0,2.3087894256919768
0.1,hexagonal,0,Sweden,1,1,1.6221303920412888
0.1,hexagonal,0,Switzerland,0,1,2.853277364195959
0.1,hexagonal,0,Ukraine,0,2,5.273623656237635
0.1,hexagonal,0,United Kingdom,1,0,1.8677164348800794
0.1,hexagonal,1,Austria,1,1,1.177673709840202
0.1,hexagonal,1,Belgium,1,1,0.8027599618010305
0.1,hexagonal,1,Bulgaria,2,2,2.201226521931433
0.1,hexagonal,1,Croatia,2,2,2.2698805755278895
0.1,hexagonal,1,Czech Republic,1,2,0.9197866961922516
0.1,hexagonal,1,Denmark,1,1,0.9155623756538264
0.1,hexagonal,1,Estonia,2,2,1.8375582447545835
0.1,hexagonal,1,Finland,0,0,0.9588745008352624
0.1,hexagonal,1,Germany,0,0,1.4660903192441246
0.1,hexagonal,1,Greece,2,2,3.809287163737208
0.1,hexagonal,1,Hungary,2,2,0.823390071883712
0.1,hexagonal,1,Iceland,1,1,2.173424974882619
0.1,hexagonal,1,Ireland,2,0,2.4092905100303175
0.1,hexagonal,1,Italy,0,0,0.8422089312232598
0.1,hexagonal,1,Latvia,0,1,1.8933979707855189
0.1,hexagonal,1,Lithuania,0,1,1.4856071065247696
0.1,hexagonal,1,Luxembourg,1,1,3.9622330156773544
0.1,hexagonal,1,Netherlands,1,1,1.6780830745466633
0.1,hexagonal,1,Norway,0,0,2.440902126801483
0.1,hexagonal,1,Poland,2,1,1.1879365118254075
0.1,hexagonal,1,Portugal,2,2,1.3625141114399448
0.1,hexagonal,1,Slovakia,0,1,1.0599343437418371
0.1,hexagonal,1,Slovenia,1,2,1.3174174090744883
0.1,hexagonal,1,Spain,2,0,2.167740414556281
0.1,hexagonal,1,Sweden,0,0,1.525795445141024
0.1,hexagonal,1,Switzerland,1,1,3.261368982589395
0.1,hexagonal,1,Ukraine,2,1,3.682256790427362
0.1,hexagonal,1,United Kingdom,0,0,1.8664930309549292
0.1,hexagonal,2,Austria,1,1,1.351914661665591
0.1,hexagonal,2,Belgium,1,1,1.0418060380304328
0.1,hexagonal,2,Bulgaria,2,1,2.0433779850871967
0.1,hexagonal,2,Croatia,0,2,1.6857946596162177
0.1,hexagonal,2,Czech Republic,1,2,1.1284678492678464
0.1,hexagonal,2,Denmark,1,1,1.109492382384426
0.1,hexagonal,2,Estonia,2,1,1.9602576329372796
0.1,hexagonal,2,Finland,0,1,0.8536601301808167
0.1,hexagonal,2,Germany,1,0,1.1854881273823563
0.1,hexagonal,2,Greece,2,2,2.480919051691477
0.1,hexagonal,2,Hungary,2,1,0.9174866570590318
0.1,hexagonal,2,Iceland,1,1,1.6229596386544418
0.1,hexagonal,2,Ireland,2,0,1.5877721644688538
0.1,hexagonal,2,Italy,0,1,1.3002499798876321
0.1,hexagonal,2,Latvia,2,1,2.214985005263198
0.1,hexagonal,2,Lithuania,0,2,2.0127733041213673
0.1,hexagonal,2,Luxembourg,2,0,3.6176329287954965
0.1,hexagonal,2,Netherlands,1,1,1.789676449505907
0.1,hexagonal,2,Norway,1,0,2.2928533712674732
0.1,hexagonal,2,Poland,2,1,1.405364751809126
0.1,hexagonal,2,Portugal,2,2,0.8189784534171272
0.1,hexagonal,2,Slovakia,0,2,1.438001846044218
0.1,hexagonal,2,Slovenia,1,2,1.0748571278524182
0.1,hexagonal,2,Spain,0,0,2.269745839055236
0.1,hexagonal,2,Sweden,1,0,1.5788176996479961
0.1,hexagonal,2,Switzerland,2,0,3.0896590761435037
0.1,hexagonal,2,Ukraine,2,1,5.289298408718337
0.1,hexagonal,2,United Kingdom,2,2,1.7300892093627098
0.1,hexagonal,3,Austria,2,2,1.5708295252168605
0.1,hexagonal,3,Belgium,2,2,0.8285829713932078
0.1,hexagonal,3,Bulgaria,0,1,1.756138193511292
0.1,hexagonal,3,Croatia,0,0,2.070209718246884
0.1,hexagonal,3,Czech Republic,1,2,1.1155377089326646
0.1,hexagonal,3,Denmark,0,2,0.9041814509114993
0.1,hexagonal,3,Estonia,1,0,1.7101143298487593
0.1,hexagonal,3,Finland,2,0,0.6603685087325946
0.1,hexagonal,3,Germany,2,0,1.2466115083906122
0.1,hexagonal,3,Greece,0,1,3.5516829893135875
0.1,hexagonal,3,Hungary,1,0,0.7318040268858562
0.1,hexagonal,3,Iceland,2,1,2.2034816347618675
0.1,hexagonal,3,Ireland,2,1,2.203834948396808
0.1,hexagonal,3,Italy,2,0,1.0980767007274397
0.1,hexagonal,3,Latvia,1,0,1.9434497907830424
0.1,hexagonal,3,Lithuania,1,0,1.723848679845541
0.1,hexagonal,3,Luxembourg,2,1,2.822996276871614
0.1,hexagonal,3,Netherlands,2,1,1.526251563378078
0.1,hexagonal,3,Norway,2,0,2.38823059066643
0.1,hexagonal,3,Poland,0,1,1.3303025212616486
0.1,hexagonal,3,Portugal,0,0,1.272970262546649
0.1,hexagonal,3,Slovakia,1,0,1.3493004742452537
0.1,hexagonal,3,Slovenia,1,2,0.9630083255806129
0.1,hexagonal,3,Spain,2,0,3.4129362808772927
0.1,hexagonal,3,Sweden,2,0,1.368393950210349
0.1,hexagonal,3,Switzerland,2,1,2.9683637052558596
0.1,hexagonal,3,Ukraine,0,1,5.171169854819388
0.1,hexagonal,3,United Kingdom,2,0,1.8928547763750443
0.1,hexagonal,4,Austria,0,2,1.8774757251491518
0.1,hexagonal,4,Belgium,2,2,1.443481430991754
0.1,hexagonal,4,Bulgaria,2,1,1.9265529003783906
0.1,hexagonal,4,Croatia,0,0,2.216796041741297
0.1,hexagonal,4,Czech Republic,1,0,1.5101773465219568
0.1,hexagonal,4,Denmark,2,2,1.3372310251391442
0.1,hexagonal,4,Estonia,2,1,1.910686160508446
0.1,hexagonal,4,Finland,0,2,0.7141815766176024
0.1,hexagonal,4,Germany,0,2,1.1994841943205832
0.1,hexagonal,4,Greece,0,0,3.41851046847797
0.1,hexagonal,4,Hungary,1,0,0.7747982362517059
0.1,hexagonal,4,Iceland,2,2,2.1504128275873944
0.1,hexagonal,4,Ireland,2,2,1.6731150902143805
0.1,hexagonal,4,Italy,0,2,1.0759771891132515
0.1,hexagonal,4,Latvia,1,0,1.7991564764157948
0.1,hexagonal,4,Lithuania,1,0,1.475165536414532
0.1,hexagonal,4,Luxembourg,2,2,3.7169548016499383
0.1,hexagonal,4,Netherlands,2,2,1.824624480000088
0.1,hexagonal,4,Norway,0,2,2.2744518513113574
0.1,hexagonal,4,Poland,1,1,1.2055092776702054
0.1,hexagonal,4,Portugal,0,0,0.8301254706076457
0.1,hexagonal,4,Slovakia,1,0,1.0336483029217662
0.1,hexagonal,4,Slovenia,0,0,1.5937315714541378
0.1,hexagonal,4,Spain,2,2,3.3983024148348253
0.1,hexagonal,4,Sweden,0,2,1.3298592890670777
0.1,hexagonal,4,Switzerland,2,2,3.0740958804352676
0.1,hexagonal,4,Ukraine,0,1,3.6812321053940025
0.1,hexagonal,4,United Kingdom,1,2,1.2564095217868245
0.1,hexagonal,5,Austria,0,2,1.1833387467349221
0.1,hexagonal,5,Belgium,0,2,0.7202058688323111
0.1,hexagonal,5,Bulgaria,1,2,2.2950889724368184
0.1,hexagonal,5,Croatia,0,1,2.213119393166679
0.1,hexagonal,5,Czech Republic,0,1,1.0575018957653906
0.1,hexagonal,5,Denmark,2,0,0.6707486283046509
0.1,hexagonal,5,Estonia,1,2,1.8302134281759717
0.1,hexagonal,5,Finland,2,1,0.9300495968812681
0.1,hexagonal,5,Germany,2,1,1.1730901659031647
0.1,hexagonal,5,Greece,2,2,3.549362938711728
0.1,hexagonal,5,Hungary,1,2,0.732992160012499
0.1,hexagonal,5,Iceland,0,2,2.2327772849899534
0.1,hexagonal,5,Ireland,2,0,2.509232436940176
0.1,hexagonal,5,Italy,1,1,1.067490707366675
0.1,hexagonal,5,Latvia,1,2,1.656272957129791
0.1,hexagonal,5,Lithuania,1,2,1.3343746859956072
0.1,hexagonal,5,Luxembourg,2,0,3.7819715922441635
0.1,hexagonal,5,Netherlands,2,0,1.167911710624645
0.1,hexagonal,5,Norway,0,0,1.6846591783456109
0.1,hexagonal,5,Poland,1,2,1.456725189058389
0.1,hexagonal,5,Portugal,2,2,1.276550284717857
0.1,hexagonal,5,Slovakia,1,2,0.988501086611119
0.1,hexagonal,5,Slovenia,0,1,1.0285798279313627
0.1,hexagonal,5,Spain,1,1,3.4873985530768956
0.1,hexagonal,5,Sweden,0,0,1.6065916710934172
0.1,hexagonal,5,Switzerland,2,0,2.8402142934209906
0.1,hexagonal,5,Ukraine,1,2,5.149004622472219
0.1,hexagonal,5,United Kingdom,2,2,1.3307591251064959
0.1,hexagonal,6,Austria,2,0,1.8475688338699792
0.1,hexagonal,6,Belgium,2,1,1.4597271365946989
0.1,hexagonal,6,Bulgaria,0,2,2.3877142383287424
0.1,hexagonal,6,Croatia,1,0,2.0755040709306383
0.1,hexagonal,6,Czech Republic,2,1,1.5135937182163475
0.1,hexagonal,6,Denmark,2,0,1.351079692866662
0.1,hexagonal,6,Estonia,0,2,1.9233614801944836
0.1,hexagonal,6,Finland,2,0,1.1009374604158697
0.1,hexagonal,6,Germany,2,0,1.3501092383603635
0.1,hexagonal,6,Greece,1,0,2.4556602548921784
0.1,hexagonal,6,Hungary,0,2,0.7808412592197252
0.1,hexagonal,6,Iceland,0,0,2.162862770287917
0.1,hexagonal,6,Ireland,0,0,1.575416288593292
0.1,hexagonal,6,Italy,2,0,1.2703530419066467
0.1,hexagonal,6,Latvia,0,2,1.784670893515261
0.1,hexagonal,6,Lithuania,0,2,1.3882098194020618
0.1,hexagonal,6,Luxembourg,0,0,3.7071562573339265
0.1,hexagonal,6,Netherlands,2,0,1.4586769725363589
0.1,hexagonal,6,Norway,2,0,1.659288387696676
0.1,hexagonal,6,Poland,1,1,1.1488047229505636
0.1,hexagonal,6,Portugal,1,0,0.8200429341860691
0.1,hexagonal,6,Slovakia,0,1,0.8931374373313317
0.1,hexagonal,6,Slovenia,2,1,1.58783959388974
0.1,hexagonal,6,Spain,2,2,3.2858066205401624
0.1,hexagonal,6,Sweden,2,0,1.5740418032516743
0.1,hexagonal,6,Switzerland,2,0,2.8478306774721798
0.1,hexagonal,6,Ukraine,1,1,3.7354836386270525
0.1,hexagonal,6,United Kingdom,1,0,1.7061156885847646
0.1,hexagonal,7,Austria,2,2,1.4826462065878678
0.1,hexagonal,7,Belgium,2,2,0.7961036051677379
0.1,hexagonal,7,Bulgaria,2,1,2.202756378272931
0.1,hexagonal,7,Croatia,2,1,2.248736519117916
0.1,hexagonal,7,Czech Republic,1,2,1.4079055879271545
0.1,hexagonal,7,Denmark,0,1,0.7944671827032983
0.1,hexagonal,7,Estonia,2,1,1.8928268987904786
0.1,hexagonal,7,Finland,0,2,1.2373531290951842
0.1,hexagonal,7,Germany,0,1,1.7267577671086027
0.1,hexagonal,7,Greece,0,2,3.7181935403613675
0.1,hexagonal,7,Hungary,2,1,0.8626612125111001
0.1,hexagonal,7,Iceland,1,1,2.1510348835052207
0.1,hexagonal,7,Ireland,1,1,2.170093981432258
0.1,hexagonal,7,Italy,0,1,1.4112215753956645
0.1,hexagonal,7,Latvia,2,1,2.0470917742656156
0.1,hexagonal,7,Lithuania,2,1,1.759395407096627
0.1,hexagonal,7,Luxembourg,1,1,2.7480018558865824
0.1,hexagonal,7,Netherlands,1,0,1.0392975143117715
0.1,hexagonal,7,Norway,1,0,2.0430138967127154
0.1,hexagonal,7,Poland,0,2,1.1376558716476917
0.1,hexagonal,7,Portugal,2,1,1.320610340956641
0.1,hexagonal,7,Slovakia,1,2,1.1181704850480043
0.1,hexagonal,7,Slovenia,1,2,1.5403646290256516
0.1,hexagonal,7,Spain,2,0,2.2309989728377886
0.1,hexagonal,7,Sweden,2,0,1.8969398872028145
0.1,hexagonal,7,Switzerland,1,0,2.2203550221186816
0.1,hexagonal,7,Ukraine,0,0,3.6353349501622643
0.1,hexagonal,7,United Kingdom,0,1,2.065157593850743
0.1,hexagonal,8,Austria,2,0,1.4281874970093786
0.1,hexagonal,8,Belgium,2,2,0.871172401339156
0.1,hexagonal,8,Bulgaria,0,2,2.123571827763803
0.1,hexagonal,8,Croatia,0,1,1.9919255009270025
0.1,hexagonal,8,Czech Republic,1,1,0.9455105243749425
0.1,hexagonal,8,Denmark,2,0,0.6586446561177864
0.1,hexagonal,8,Estonia,0,2,1.7324068302148938
0.1,hexagonal,8,Finland,1,2,0.9018405385476354
0.1,hexagonal,8,Germany,1,2,1.130932692103964
0.1,hexagonal,8,Greece,0,1,2.483861744299596
0.1,hexagonal,8,Hungary,0,2,0.7447496030235556
0.1,hexagonal,8,Iceland,2,0,2.3155557937194358
0.1,hexagonal,8,Ireland,2,0,2.4392496713059635
0.1,hexagonal,8,Italy,1,0,1.3359990368448638
0.1,hexagonal,8,Latvia,0,2,1.8933755887131432
0.1,hexagonal,8,Lithuania,0,2,1.6462750118310723
0.1,hexagonal,8,Luxembourg,2,0,3.703464034693041
0.1,hexagonal,8,Netherlands,2,0,1.1161769829335872
0.1,hexagonal,8,Norway,2,0,2.322549492536065
0.1,hexagonal,8,Poland,0,2,1.35811938962089
0.1,hexagonal,8,Portugal,0,1,0.7685730195293113
0.1,hexagonal,8,Slovakia,0,2,1.264038604625148
0.1,hexagonal,8,Slovenia,2,1,1.0771085012361852
0.1,hexagonal,8,Spain,0,0,3.6338306431608816
0.1,hexagonal,8,Sweden,1,2,1.5894602799225634
0.1,hexagonal,8,Switzerland,2,0,2.7692069903379926
0.1,hexagonal,8,Ukraine,0,2,5.167560981656037
0.1,hexagonal,8,United Kingdom,1,0,1.317124811127716
0.1,hexagonal,9,Austria,0,0,1.3637527239275413
0.1,hexagonal,9,Belgium,2,2,0.9595239334179099
0.1,hexagonal,9,Bulgaria,0,2,2.5186799687701344
0.1,hexagonal,9,Croatia,1,1,1.6906671161416513
0.1,hexagonal,9,Czech Republic,2,1,1.384619581638399
0.1,hexagonal,9,Denmark,2,2,0.6905760928114185
0.1,hexagonal,9,Estonia,0,2,2.300936294213335
0.1,hexagonal,9,Finland,0,1,0.7947884653710386
0.1,hexagonal,9,Germany,1,0,1.1539595476968643
0.1,hexagonal,9,Greece,1,1,3.3596271551701404
0.1,hexagonal,9,Hungary,2,1,1.4371502928125772
0.1,hexagonal,9,Iceland,0,0,1.5790894652079175
0.1,hexagonal,9,Ireland,1,2,2.1025999000294626
0.1,hexagonal,9,Italy,0,1,0.9953132932723959
0.1,hexagonal,9,Latvia,0,2,2.2993084331200278
0.1,hexagonal,9,Lithuania,2,1,1.9100751217854577
0.1,hexagonal,9,Luxembourg,1,2,2.6169456650424503
0.1,hexagonal,9,Netherlands,2,2,1.1096219835765606
0.1,hexagonal,9,Norway,2,0,1.5908966084900324
0.1,hexagonal,9,Poland,0,2,1.1416166145543127
0.1,hexagonal,9,Portugal,1,1,0.979898915491755
0.1,hexagonal,9,Slovakia,2,1,1.1215549071696773
0.1,hexagonal,9,Slovenia,1,1,1.1479630987002407
0.1,hexagonal,9,Spain,0,1,3.4246784239517405
0.1,hexagonal,9,Sweden,0,1,1.3361416100995174
0.1,hexagonal,9,Switzerland,2,0,2.7128299171209678
0.1,hexagonal,9,Ukraine,0,2,3.797714335687331
0.1,hexagonal,9,United Kingdom,0,1,1.944419356974125
0.3,rectangular,0,Austria,0,2,1.635271005348409
0.3,rectangular,0,Belgium,0,2,1.064084843970954
0.3,rectangular,0,Bulgaria,2,0,2.789466633447841
0.3,rectangular,0,Croatia,2,0,2.45242827694325
0.3,rectangular,0,Czech Republic,2,2,1.3137800733064324
0.3,rectangular,0,Denmark,0,2,1.065360565154858
0.3,rectangular,0,Estonia,2,0,2.614592923050835
0.3,rectangular,0,Finland,1,0,1.2223789694711802
0.3,rectangular,0,Germany,1,1,1.7486480169487841
0.3,rectangular,0,Greece,2,0,3.7565795398101662
0.3,rectangular,0,Hungary,2,0,1.4384116551460477
0.3,rectangular,0,Iceland,0,2,2.4164189796565116
0.3,rectangular,0,Ireland,0,0,2.52538758573201
0.3,rectangular,0,Italy,0,0,1.4350611553807149
0.3,rectangular,0,Latvia,2,2,2.666110880576913
0.3,rectangular,0,Lithuania,2,2,2.173574752645903
0.3,rectangular,0,Luxembourg,0,1,4.075271321591031
0.3,rectangular,0,Netherlands,0,1,1.7759793607309302
0.3,rectangular,0,Norway,0,1,2.6135606095917145
0.3,rectangular,0,Poland,2,0,1.5364480199707273
0.3,rectangular,0,Portugal,2,0,1.2766973075338994
0.3,rectangular,0,Slovakia,2,2,1.5064208251235984
0.3,rectangular,0,Slovenia,2,2,1.5186448002156643
0.3,rectangular,0,Spain,0,0,3.4446406563091965
0.3,rectangular,0,Sweden,0,0,1.9616450370203131
0.3,rectangular,0,Switzerland,0,1,3.3224946075970148
0.3,rectangular,0,Ukraine,2,0,5.6392855802546045
0.3,rectangular,0,United Kingdom,1,0,1.9921823800866245
0.3,rectangular,1,Austria,0,0,1.7022156918432174
0.3,rectangular,1,Belgium,0,1,1.209071074674626
0.3,rectangular,1,Bulgaria,2,2,2.7019773664447704
0.3,rectangular,1,Croatia,2,2,2.3183297560991143
0.3,rectangular,1,Czech Republic,1,2,1.406078066019911
0.3,rectangular,1,Denmark,0,0,1.2100445787907845
0.3,rectangular,1,Estonia,2,2,2.4254687925584033
0.3,rectangular,1,Finland,0,0,1.167757421591351
0.3,rectangular,1,Germany,0,0,1.6012227002443338
0.3,rectangular,1,Greece,2,2,3.8074611612223146
0.3,rectangular,1,Hungary,2,2,1.2436382005741944
0.3,rectangular,1,Iceland,0,0,2.3958909474561176
0.3,rectangular,1,Ireland,0,0,2.512090836719839
0.3,rectangular,1,Italy,0,0,1.2675732893666123
0.3,rectangular,1,Latvia,2,2,2.430721667458392
0.3,rectangular,1,Lithuania,2,2,1.9159035396375579
0.3,rectangular,1,Luxembourg,0,0,4.059117468442593
0.3,rectangular,1,Netherlands,0,0,1.776621468149897
0.3,rectangular,1,Norway,0,0,2.4914379189101448
0.3,rectangular,1,Poland,2,1,1.330707885359407
0.3,rectangular,1,Portugal,2,2,1.2401055618869363
0.3,rectangular,1,Slovakia,2,2,1.31332689298888
0.3,rectangular,1,Slovenia,1,2,1.5576191608967924
0.3,rectangular,1,Spain,2,0,3.3780865865579472
0.3,rectangular,1,Sweden,0,0,1.7939747715679912
0.3,rectangular,1,Switzerland,0,0,3.2780083291094484
0.3,rectangular,1,Ukraine,2,1,5.401246014670213
0.3,rectangular,1,United Kingdom,0,0,1.9968529377182687
0.3,rectangular,2,Austria,2,0,1.7256439298001056
0.3,rectangular,2,Belgium,2,0,1.1504723733530073
0.3,rectangular,2,Bulgaria,0,2,2.761691667955712
0.3,rectangular,2,Croatia,0,2,2.3182409961674835
0.3,rectangular,2,Czech Republic,1,2,1.4771419318059005
0.3,rectangular,2,Denmark,2,0,1.141945654095966
0.3,rectangular,2,Estonia,0,2,2.520235724726591
0.3,rectangular,2,Finland,1,0,1.2354622490654759
0.3,rectangular,2,Germany,1,0,1.7011953127588473
0.3,rectangular,2,Greece,2,2,3.654610080229156
0.3,rectangular,2,Hungary,0,2,1.3324931502015736
0.3,rectangular,2,Iceland,2,0,2.3851659791207664
0.3,rectangular,2,Ireland,2,0,2.406798774606417
0.3,rectangular,2,Italy,2,0,1.4551873537790552
0.3,rectangular,2,Latvia,0,2,2.5515339972469357
0.3,rectangular,2,Lithuania,0,2,2.0369842780497374
0.3,rectangular,2,Luxembourg,2,0,3.9616854283509215
0.3,rectangular,2,Netherlands,2,0,1.7698664390579983
0.3,rectangular,2,Norway,2,0,2.6113378605884927
0.3,rectangular,2,Poland,0,2,1.4819890934504363
0.3,rectangular,2,Portugal,2,2,1.184524103124517
0.3,rectangular,2,Slovakia,0,2,1.4086668575982562
0.3,rectangular,2,Slovenia,0,2,1.5660072351393703
0.3,rectangular,2,Spain,0,0,3.443274798379831
0.3,rectangular,2,Sweden,1,0,1.964561161971154
0.3,rectangular,2,Switzerland,2,0,3.2996427803476704
0.3,rectangular,2,Ukraine,0,2,5.623734369061239
0.3,rectangular,2,United Kingdom,2,2,1.9335949443161629
0.3,rectangular,3,Austria,2,1,1.7519833741830286
0.3,rectangular,3,Belgium,2,2,1.1317078225720685
0.3,rectangular,3,Bulgaria,0,1,2.6654658747895326
0.3,rectangular,3,Croatia,0,0,2.3653308608319557
0.3,rectangular,3,Czech Republic,1,2,1.4258564927087343
0.3,rectangular,3,Denmark,2,1,1.167000698570286
0.3,rectangular,3,Estonia,0,1,2.4747027850306558
0.3,rectangular,3,Finland,2,0,1.1747718746804512
0.3,rectangular,3,Germany,2,0,1.6942241514616676
0.3,rectangular,3,Greece,0,1,3.7356024586093883
0.3,rectangular,3,Hungary,0,1,1.2942423527338474
0.3,rectangular,3,Iceland,2,1,2.520694383176239
0.3,rectangular,3,Ireland,2,1,2.566932681900002
0.3,rectangular,3,Italy,2,0,1.4404475514630102
0.3,rectangular,3,Latvia,0,1,2.545650916777067
0.3,rectangular,3,Lithuania,0,1,2.1000543357775134
0.3,rectangular,3,Luxembourg,2,1,4.064982931068001
0.3,rectangular,3,Netherlands,2,1,1.8489392067679262
0.3,rectangular,3,Norway,2,1,2.6635837721952615
0.3,rectangular,3,Poland,0,1,1.4660040795004967
0.3,rectangular,3,Portugal,0,1,1.2226840096121867
0.3,rectangular,3,Slovakia,0,2,1.4713185754270919
0.3,rectangular,3,Slovenia,1,2,1.5486127142064379
0.3,rectangular,3,Spain,2,0,3.6213681573663727
0.3,rectangular,3,Sweden,2,0,1.958637948725566
0.3,rectangular,3,Switzerland,2,1,3.4168569207707575
0.3,rectangular,3,Ukraine,0,1,5.568603758175378
0.3,rectangular,3,United Kingdom,2,0,1.9808981494290865
0.3,rectangular,4,Austria,2,2,1.7228854818134578
0.3,rectangular,4,Belgium,2,2,1.126461690248999
0.3,rectangular,4,Bulgaria,0,0,2.6210836631557566
0.3,rectangular,4,Croatia,0,0,2.3056661419097355
0.3,rectangular,4,Czech Republic,2,1,1.4395906746396916
0.3,rectangular,4,Denmark,2,2,1.112496801892974
0.3,rectangular,4,Estonia,0,0,2.4445005681718524
0.3,rectangular,4,Finland,0,2,1.167985494224297
0.3,rectangular,4,Germany,0,2,1.7275747474839118
0.3,rectangular,4,Greece,0,0,3.6601721881264973
0.3,rectangular,4,Hungary,0,0,1.2628632357962295
0.3,rectangular,4,Iceland,2,2,2.4219987844879736
0.3,rectangular,4,Ireland,2,2,2.477969665838454
0.3,rectangular,4,Italy,1,2,1.4978298557375664
0.3,rectangular,4,Latvia,1,0,2.499752058483615
0.3,rectangular,4,Lithuania,1,0,2.0269614682808097
0.3,rectangular,4,Luxembourg,2,2,4.06179431902653
0.3,rectangular,4,Netherlands,2,2,1.8213033507325291
0.3,rectangular,4,Norway,2,2,2.6943353302619863
0.3,rectangular,4,Poland,0,1,1.336552308230713
0.3,rectangular,4,Portugal,0,0,1.1512144875539827
0.3,rectangular,4,Slovakia,1,0,1.392282405541364
0.3,rectangular,4,Slovenia,1,0,1.567444034470701
0.3,rectangular,4,Spain,0,2,3.642379679380165
0.3,rectangular,4,Sweden,0,2,2.0102773511248633
0.3,rectangular,4,Switzerland,2,2,3.3433371722706333
0.3,rectangular,4,Ukraine,0,1,5.381454597572519
0.3,rectangular,4,United Kingdom,1,2,1.9270586995644028
0.3,rectangular,5,Austria,0,0,1.6609547239856441
0.3,rectangular,5,Belgium,0,0,1.1257694623746395
0.3,rectangular,5,Bulgaria,2,2,2.7361221207860664
0.3,rectangular,5,Croatia,2,2,2.380251665966119
0.3,rectangular,5,Czech Republic,0,1,1.3833450467872799
0.3,rectangular,5,Denmark,0,0,1.1001975220406055
0.3,rectangular,5,Estonia,1,2,2.4820850489290343
0.3,rectangular,5,Finland,0,0,1.2883934100747985
0.3,rectangular,5,Germany,0,0,1.6702040411398067
0.3,rectangular,5,Greece,2,2,3.709544677470702
0.3,rectangular,5,Hungary,1,2,1.2919921842581776
0.3,rectangular,5,Iceland,0,0,2.4798646714297004
0.3,rectangular,5,Ireland,0,0,2.6069071605852465
0.3,rectangular,5,Italy,0,0,1.505473344365678
0.3,rectangular,5,Latvia,1,2,2.4820025981697436
0.3,rectangular,5,Lithuania,1,2,1.9779623605558794
0.3,rectangular,5,Luxembourg,0,0,4.103454179208862
0.3,rectangular,5,Netherlands,0,0,1.7995369874157274
0.3,rectangular,5,Norway,0,0,2.576396205583911
0.3,rectangular,5,Poland,2,2,1.4014822995326104
0.3,rectangular,5,Portugal,2,2,1.1464814564957038
0.3,rectangular,5,Slovakia,1,2,1.354049333432998
0.3,rectangular,5,Slovenia,0,1,1.5793321374698743
0.3,rectangular,5,Spain,1,1,3.655767272400747
0.3,rectangular,5,Sweden,0,0,1.992095908574443
0.3,rectangular,5,Switzerland,0,0,3.319544711807382
0.3,rectangular,5,Ukraine,2,2,5.533838981459725
0.3,rectangular,5,United Kingdom,2,0,2.04346084845786
0.3,rectangular,6,Austria,2,0,1.7674800786520533
0.3,rectangular,6,Belgium,2,1,1.2087034879967997
0.3,rectangular,6,Bulgaria,0,2,2.7383945664541876
0.3,rectangular,6,Croatia,0,2,2.2978412952346297
0.3,rectangular,6,Czech Republic,1,2,1.4946189680979054
0.3,rectangular,6,Denmark,2,0,1.201410152046804
0.3,rectangular,6,Estonia,0,2,2.4281923413465534
0.3,rectangular,6,Finland,2,0,1.1403132386604775
0.3,rectangular,6,Germany,2,0,1.6547978317410452
0.3,rectangular,6,Greece,1,0,3.7068448464775687
0.3,rectangular,6,Hungary,0,2,1.228704806730842
0.3,rectangular,6,Iceland,2,0,2.506114778729094
0.3,rectangular,6,Ireland,0,0,2.454426919911958
0.3,rectangular,6,Italy,2,0,1.2938266434482635
0.3,rectangular,6,Latvia,0,2,2.413087862197804
0.3,rectangular,6,Lithuania,0,2,1.8677744130634975
0.3,rectangular,6,Luxembourg,2,0,4.00793138551823
0.3,rectangular,6,Netherlands,2,0,1.7268708777674477
0.3,rectangular,6,Norway,2,0,2.439179302925391
0.3,rectangular,6,Poland,0,2,1.4324665158002603
0.3,rectangular,6,Portugal,0,2,1.2233987075110981
0.3,rectangular,6,Slovakia,0,2,1.2327806553844722
0.3,rectangular,6,Slovenia,1,2,1.6020527304670975
0.3,rectangular,6,Spain,0,0,3.5056907407697304
0.3,rectangular,6,Sweden,2,0,1.8450128799970045
0.3,rectangular,6,Switzerland,2,0,3.268966896503366
0.3,rectangular,6,Ukraine,0,2,5.542113865056543
0.3,rectangular,6,United Kingdom,1,0,1.8707274239303227
0.3,rectangular,7,Austria,2,2,1.7133872477639152
0.3,rectangular,7,Belgium,2,2,1.101158960374791
0.3,rectangular,7,Bulgaria,0,0,2.777610992555833
0.3,rectangular,7,Croatia,2,0,2.5249640081674602
0.3,rectangular,7,Czech Republic,1,0,1.448475236083013
0.3,rectangular,7,Denmark,2,2,1.0853953362938764
0.3,rectangular,7,Estonia,0,0,2.5628907148881748
0.3,rectangular,7,Finland,2,0,1.2558798927588066
0.3,rectangular,7,Germany,2,2,1.754979136259407
0.3,rectangular,7,Greece,2,0,3.7872275469744485
0.3,rectangular,7,Hungary,0,0,1.3958746941654412
0.3,rectangular,7,Iceland,2,2,2.4637298817204973
0.3,rectangular,7,Ireland,2,2,2.4659611883968564
0.3,rectangular,7,Italy,2,2,1.4150740715010155
0.3,rectangular,7,Latvia,0,0,2.5689990597499937
0.3,rectangular,7,Lithuania,0,0,2.1224753437309207
0.3,rectangular,7,Luxembourg,2,2,4.040938527576977
0.3,rectangular,7,Netherlands,2,2,1.6954042508004565
0.3,rectangular,7,Norway,2,2,2.5640727353186517
0.3,rectangular,7,Poland,0,0,1.35228246582634
0.3,rectangular,7,Portugal,0,2,1.349706796611552
0.3,rectangular,7,Slovakia,0,0,1.5318259427637866
0.3,rectangular,7,Slovenia,1,0,1.6080314699474447
0.3,rectangular,7,Spain,2,0,3.4067000125279727
0.3,rectangular,7,Sweden,2,0,2.0190542148477335
0.3,rectangular,7,Switzerland,2,2,3.2392484629894778
0.3,rectangular,7,Ukraine,0,0,5.392724549758509
0.3,rectangular,7,United Kingdom,1,1,2.0259473089522704
0.3,rectangular,8,Austria,2,0,1.6109370661786573
0.3,rectangular,8,Belgium,2,0,1.0503235396997546
0.3,rectangular,8,Bulgaria,0,2,2.608569090399209
0.3,rectangular,8,Croatia,0,2,2.280043876298398
0.3,rectangular,8,Czech Republic,2,1,1.400457056393112
0.3,rectangular,8,Denmark,2,0,0.9816983414403708
0.3,rectangular,8,Estonia,0,2,2.342526613069329
0.3,rectangular,8,Finland,1,0,1.276073593427219
0.3,rectangular,8,Germany,2,0,1.732645229663648
0.3,rectangular,8,Greece,0,1,3.6431831990246337
0.3,rectangular,8,Hungary,0,2,1.170649618794785
0.3,rectangular,8,Iceland,2,0,2.3723622198309102
0.3,rectangular,8,Ireland,2,0,2.4339909106102158
0.3,rectangular,8,Italy,2,0,1.3950443254776255
0.3,rectangular,8,Latvia,0,2,2.379239222079237
0.3,rectangular,8,Lithuania,0,2,1.8958026993546528
0.3,rectangular,8,Luxembourg,2,0,3.932890888729851
0.3,rectangular,8,Netherlands,2,0,1.568933655481984
0.3,rectangular,8,Norway,2,0,2.4711360510415603
0.3,rectangular,8,Poland,0,2,1.3364674652939355
0.3,rectangular,8,Portugal,0,1,1.1269318908965071
0.3,rectangular,8,Slovakia,0,2,1.3240866993033664
0.3,rectangular,8,Slovenia,1,1,1.5996394291363223
0.3,rectangular,8,Spain,0,1,3.6232954265778323
0.3,rectangular,8,Sweden,2,0,1.9904875150880226
0.3,rectangular,8,Switzerland,2,0,3.1150294860930168
0.3,rectangular,8,Ukraine,0,2,5.460126226295184
0.3,rectangular,8,United Kingdom,1,0,1.9561651328047163
0.3,rectangular,9,Austria,2,0,1.7439558544424971
0.3,rectangular,9,Belgium,2,2,1.160967282595766
0.3,rectangular,9,Bulgaria,0,2,2.741481020244716
0.3,rectangular,9,Croatia,1,1,2.4581443318059124
0.3,rectangular,9,Czech Republic,2,2,1.429686839336842
0.3,rectangular,9,Denmark,2,0,1.0753791271751445
0.3,rectangular,9,Estonia,0,2,2.478936390591997
0.3,rectangular,9,Finland,1,0,1.248528714939275
0.3,rectangular,9,Germany,2,0,1.6710275654429627
0.3,rectangular,9,Greece,1,1,3.7945437697452937
0.3,rectangular,9,Hungary,0,2,1.2860949779463657
0.3,rectangular,9,Iceland,0,0,2.4851962822192117
0.3,rectangular,9,Ireland,2,0,2.454632050883529
0.3,rectangular,9,Italy,2,0,1.3112324999292844
0.3,rectangular,9,Latvia,0,2,2.478766921362723
0.3,rectangular,9,Lithuania,0,2,2.006105812432678
0.3,rectangular,9,Luxembourg,2,0,3.9445600228958835
0.3,rectangular,9,Netherlands,2,0,1.5475564815078477
0.3,rectangular,9,Norway,2,0,2.328467629468043
0.3,rectangular,9,Poland,0,2,1.3590332158241512
0.3,rectangular,9,Portugal,1,1,1.293750426577225
0.3,rectangular,9,Slovakia,0,2,1.3817000159061228
0.3,rectangular,9,Slovenia,1,1,1.5497073114075868
0.3,rectangular,9,Spain,0,1,3.617901505392187
0.3,rectangular,9,Sweden,2,0,1.9174090962189057
0.3,rectangular,9,Switzerland,2,0,3.0651471435755444
0.3,rectangular,9,Ukraine,0,2,5.410459471680445
0.3,rectangular,9,United Kingdom,2,0,1.994825845650312
0.3,hexagonal,0,Austria,1,2,1.5893721047732945
0.3,hexagonal,0,Belgium,1,2,1.008588092995302
0.3,hexagonal,0,Bulgaria,2,0,2.7258654872836034
0.3,hexagonal,0,Croatia,2,0,2.3945325308525836
0.3,hexagonal,0,Czech Republic,2,2,1.3587129096369717
0.3,hexagonal,0,Denmark,1,2,0.9999337296147477
0.3,hexagonal,0,Estonia,2,0,2.5365602512141256
0.3,hexagonal,0,Finland,1,1,1.26671389812578
0.3,hexagonal,0,Germany,1,1,1.7233055271214792
0.3,hexagonal,0,Greece,2,0,3.7488527126604088
0.3,hexagonal,0,Hungary,2,0,1.3573503294373144
0.3,hexagonal,0,Iceland,1,2,2.4210917996550587
0.3,hexagonal,0,Ireland,1,2,2.5669877807854378
0.3,hexagonal,0,Italy,0,1,1.5247768996778444
0.3,hexagonal,0,Latvia,2,0,2.5931817719713366
0.3,hexagonal,0,Lithuania,2,0,2.1299892152957396
0.3,hexagonal,0,Luxembourg,1,2,4.034976930878667
0.3,hexagonal,0,Netherlands,1,2,1.7307398088676618
0.3,hexagonal,0,Norway,1,2,2.6161408669194843
0.3,hexagonal,0,Poland,2,0,1.4635500794129206
0.3,hexagonal,0,Portugal,2,0,1.2525651093251648
0.3,hexagonal,0,Slovakia,2,0,1.519789217717604
0.3,hexagonal,0,Slovenia,2,2,1.6040753759636872
0.3,hexagonal,0,Spain,0,0,3.414032953670171
0.3,hexagonal,0,Sweden,1,1,2.04053971615278
0.3,hexagonal,0,Switzerland,1,2,3.284354282825757
0.3,hexagonal,0,Ukraine,2,0,5.580786185449334
0.3,hexagonal,0,United Kingdom,0,1,2.0458949640856687
0.3,hexagonal,1,Austria,0,0,1.7589946959232892
0.3,hexagonal,1,Belgium,0,1,1.2387049850209686
0.3,hexagonal,1,Bulgaria,2,2,2.7849479993811443
0.3,hexagonal,1,Croatia,2,2,2.3885239322683844
0.3,hexagonal,1,Czech Republic,1,2,1.3684615594600225
0.3,hexagonal,1,Denmark,0,0,1.2564733069345042
0.3,hexagonal,1,Estonia,2,2,2.521840344576876
0.3,hexagonal,1,Finland,0,0,1.1646179455281351
0.3,hexagonal,1,Germany,0,0,1.6399319544026723
0.3,hexagonal,1,Greece,2,2,3.8331994444813295
0.3,hexagonal,1,Hungary,2,2,1.3379107357874973
0.3,hexagonal,1,Iceland,0,0,2.4654723288056886
0.3,hexagonal,1,Ireland,0,0,2.5686468875771222
0.3,hexagonal,1,Italy,0,0,1.3257604167574433
0.3,hexagonal,1,Latvia,2,2,2.524377011476379
0.3,hexagonal,1,Lithuania,2,2,2.003165736949264
0.3,hexagonal,1,Luxembourg,0,0,4.145000079555497
0.3,hexagonal,1,Netherlands,0,0,1.867297004758738
0.3,hexagonal,1,Norway,0,0,2.5835879036667553
0.3,hexagonal,1,Poland,2,1,1.3871759570008593
0.3,hexagonal,1,Portugal,2,2,1.2711886982952245
0.3,hexagonal,1,Slovakia,2,2,1.3750725071859253
0.3,hexagonal,1,Slovenia,1,2,1.519729461707746
0.3,hexagonal,1,Spain,2,0,3.366861787092321
0.3,hexagonal,1,Sweden,0,0,1.8533611263800147
0.3,hexagonal,1,Switzerland,0,0,3.3838339270607154
0.3,hexagonal,1,Ukraine,2,1,5.44919871215749
0.3,hexagonal,1,United Kingdom,0,0,1.9884153136161167
0.3,hexagonal,2,Austria,2,0,1.7714827059296352
0.3,hexagonal,2,Belgium,2,0,1.1744357412299127
0.3,hexagonal,2,Bulgaria,1,2,2.83435089109959
0.3,hexagonal,2,Croatia,0,2,2.3710933996799892
0.3,hexagonal,2,Czech Republic,1,2,1.4661892846170186
0.3,hexagonal,2,Denmark,2,0,1.1877601301730603
0.3,hexagonal,2,Estonia,1,2,2.602247971633719
0.3,hexagonal,2,Finland,1,0,1.2475498009970307
0.3,hexagonal,2,Germany,1,0,1.7438174049555062
0.3,hexagonal,2,Greece,2,2,3.6613928281051673
0.3,hexagonal,2,Hungary,0,2,1.4162506395097227
0.3,hexagonal,2,Iceland,2,0,2.4334820392938616
0.3,hexagonal,2,Ireland,2,0,2.4530602638468078
0.3,hexagonal,2,Italy,0,0,1.4933214859308739
0.3,hexagonal,2,Latvia,1,2,2.6306938141104985
0.3,hexagonal,2,Lithuania,0,2,2.1070145271026135
0.3,hexagonal,2,Luxembourg,2,0,4.038172266324349
0.3,hexagonal,2,Netherlands,2,0,1.8576117353208816
0.3,hexagonal,2,Norway,2,0,2.6939948852551203
0.3,hexagonal,2,Poland,0,2,1.5521598041913718
0.3,hexagonal,2,Portugal,2,2,1.1767925564043162
0.3,hexagonal,2,Slovakia,0,2,1.4580507856737934
0.3,hexagonal,2,Slovenia,1,2,1.5569034639374322
0.3,hexagonal,2,Spain,0,0,3.4379114062778275
0.3,hexagonal,2,Sweden,0,0,1.9940212629174332
0.3,hexagonal,2,Switzerland,2,0,3.3879078341746935
0.3,hexagonal,2,Ukraine,0,2,5.687799482562752
0.3,hexagonal,2,United Kingdom,2,2,1.974453183083358
0.3,hexagonal,3,Austria,2,1,1.7787703232952747
0.3,hexagonal,3,Belgium,2,2,1.1603360224454868
0.3,hexagonal,3,Bulgaria,0,1,2.721002271544836
0.3,hexagonal,3,Croatia,0,1,2.409640026506901
0.3,hexagonal,3,Czech Republic,1,2,1.3895604477617685
0.3,hexagonal,3,Denmark,2,1,1.1960095284756327
0.3,hexagonal,3,Estonia,0,1,2.5297032326210274
0.3,hexagonal,3,Finland,2,0,1.1669204084007991
0.3,hexagonal,3,Germany,2,0,1.7076757066370776
0.3,hexagonal,3,Greece,0,1,3.7563030917919393
0.3,hexagonal,3,Hungary,0,1,1.349812940675204
0.3,hexagonal,3,Iceland,2,1,2.547345614758354
0.3,hexagonal,3,Ireland,2,1,2.5917073986430355
0.3,hexagonal,3,Italy,2,0,1.4573415008770925
0.3,hexagonal,3,Latvia,0,1,2.5934321231282356
0.3,hexagonal,3,Lithuania,0,1,2.1367324308987814
0.3,hexagonal,3,Luxembourg,2,1,4.102285633622428
0.3,hexagonal,3,Netherlands,2,1,1.88967193899802
0.3,hexagonal,3,Norway,2,0,2.698039102455784
0.3,hexagonal,3,Poland,0,1,1.5009086507522313
0.3,hexagonal,3,Portugal,0,1,1.2452471647292798
0.3,hexagonal,3,Slovakia,0,2,1.4803734427409907
0.3,hexagonal,3,Slovenia,1,2,1.4965345231103955
0.3,hexagonal,3,Spain,2,0,3.621526557245427
0.3,hexagonal,3,Sweden,2,0,1.9676782064314426
0.3,hexagonal,3,Switzerland,2,1,3.45951281217061
0.3,hexagonal,3,Ukraine,0,1,5.597928454006287
0.3,hexagonal,3,United Kingdom,2,0,1.9653361001345455
0.3,hexagonal,4,Austria,2,2,1.7815197538994811
0.3,hexagonal,4,Belgium,2,2,1.165600497077943
0.3,hexagonal,4,Bulgaria,0,0,2.697964286738818
0.3,hexagonal,4,Croatia,0,0,2.3420746444135743
0.3,hexagonal,4,Czech Republic,1,0,1.4579986039046149
0.3,hexagonal,4,Denmark,2,2,1.1739022885223718
0.3,hexagonal,4,Estonia,0,0,2.506856295622221
0.3,hexagonal,4,Finland,0,2,1.201027714444881
0.3,hexagonal,4,Germany,0,2,1.7363291928244402
0.3,hexagonal,4,Greece,0,0,3.7073892828127333
0.3,hexagonal,4,Hungary,0,0,1.3159777332043952
0.3,hexagonal,4,Iceland,2,2,2.4828637464166525
0.3,hexagonal,4,Ireland,2,2,2.5227594863694685
0.3,hexagonal,4,Italy,1,2,1.5171616861403772
0.3,hexagonal,4,Latvia,0,1,2.5585516398269266
0.3,hexagonal,4,Lithuania,1,0,2.089135599864531
0.3,hexagonal,4,Luxembourg,2,2,4.136589870557286
0.3,hexagonal,4,Netherlands,2,2,1.8948200058352316
0.3,hexagonal,4,Norway,1,2,2.722598359481233
0.3,hexagonal,4,Poland,0,1,1.3814152754190474
0.3,hexagonal,4,Portugal,0,0,1.1826670383868012
0.3,hexagonal,4,Slovakia,1,0,1.439026199372042
0.3,hexagonal,4,Slovenia,0,0,1.584475477549212
0.3,hexagonal,4,Spain,2,2,3.66308743443107
0.3,hexagonal,4,Sweden,0,2,2.0328414043779723
0.3,hexagonal,4,Switzerland,2,2,3.420714578699686
0.3,hexagonal,4,Ukraine,0,1,5.417500405672331
0.3,hexagonal,4,United Kingdom,1,2,1.9474338832528888
0.3,hexagonal,5,Austria,0,0,1.650784597450026
0.3,hexagonal,5,Belgium,2,0,1.0971025601033237
0.3,hexagonal,5,Bulgaria,1,2,2.63301371388567
0.3,hexagonal,5,Croatia,1,2,2.310228091138954
0.3,hexagonal,5,Czech Republic,0,1,1.404594022267924
0.3,hexagonal,5,Denmark,0,0,1.083375238962297
0.3,hexagonal,5,Estonia,1,2,2.349018624309697
0.3,hexagonal,5,Finland,0,0,1.2443235315255328
0.3,hexagonal,5,Germany,0,0,1.6309074174879092
0.3,hexagonal,5,Greece,2,2,3.7443315878859056
0.3,hexagonal,5,Hungary,1,2,1.1612300226483945
0.3,hexagonal,5,Iceland,0,0,2.473223722712628
0.3,hexagonal,5,Ireland,2,0,2.559273943280102
0.3,hexagonal,5,Italy,0,0,1.4328900756784928
0.3,hexagonal,5,Latvia,1,2,2.3513023630887018
0.3,hexagonal,5,Lithuania,1,2,1.8615169988060893
0.3,hexagonal,5,Luxembourg,0,0,4.049353849021858
0.3,hexagonal,5,Netherlands,0,0,1.7246709036875334
0.3,hexagonal,5,Norway,0,0,2.488690554586823
0.3,hexagonal,5,Poland,1,2,1.3843389411576337
0.3,hexagonal,5,Portugal,2,2,1.1832702740856433
0.3,hexagonal,5,Slovakia,1,2,1.2729879195559266
0.3,hexagonal,5,Slovenia,0,1,1.5869996993259532
0.3,hexagonal,5,Spain,1,1,3.653403360063904
0.3,hexagonal,5,Sweden,0,0,1.9337598335698514
0.3,hexagonal,5,Switzerland,0,0,3.2532750253854097
0.3,hexagonal,5,Ukraine,1,2,5.47061207027579
0.3,hexagonal,5,United Kingdom,2,0,2.0169121596390958
0.3,hexagonal,6,Austria,2,0,1.7962759413181968
0.3,hexagonal,6,Belgium,0,0,1.2045962863197988
0.3,hexagonal,6,Bulgaria,1,2,2.793787880774223
0.3,hexagonal,6,Croatia,1,2,2.3246995727958666
0.3,hexagonal,6,Czech Republic,0,1,1.5019943630385555
0.3,hexagonal,6,Denmark,2,0,1.2103103311607892
0.3,hexagonal,6,Estonia,0,2,2.5120225660816864
0.3,hexagonal,6,Finland,2,0,1.165472990670932
0.3,hexagonal,6,Germany,2,0,1.6868585684727238
0.3,hexagonal,6,Greece,1,0,3.7159702286901264
0.3,hexagonal,6,Hungary,0,2,1.313003454298797
0.3,hexagonal,6,Iceland,0,0,2.4937149023872385
0.3,hexagonal,6,Ireland,0,0,2.449301560517147
0.3,hexagonal,6,Italy,2,0,1.3486233325821397
0.3,hexagonal,6,Latvia,0,2,2.508275832129854
0.3,hexagonal,6,Lithuania,0,2,1.960157782820077
0.3,hexagonal,6,Luxembourg,2,0,4.0690016714865305
0.3,hexagonal,6,Netherlands,2,0,1.7788241160377887
0.3,hexagonal,6,Norway,2,0,2.5079246314158836
0.3,hexagonal,6,Poland,1,1,1.4515165244723844
0.3,hexagonal,6,Portugal,1,2,1.1821005730607597
0.3,hexagonal,6,Slovakia,0,2,1.3086382564027585
0.3,hexagonal,6,Slovenia,0,2,1.6022812272218852
0.3,hexagonal,6,Spain,2,2,3.536042216951782
0.3,hexagonal,6,Sweden,2,0,1.9061078599839552
0.3,hexagonal,6,Switzerland,2,0,3.324253718818141
0.3,hexagonal,6,Ukraine,1,1,5.521486498133458
0.3,hexagonal,6,United Kingdom,2,0,1.9098919953900473
0.3,hexagonal,7,Austria,2,2,1.7473290362231932
0.3,hexagonal,7,Belgium,2,2,1.1153312748766124
0.3,hexagonal,7,Bulgaria,0,0,2.8483002031994857
0.3,hexagonal,7,Croatia,2,0,2.5423010234890264
0.3,hexagonal,7,Czech Republic,1,2,1.4346400434915845
0.3,hexagonal,7,Denmark,2,2,1.1193031115210392
0.3,hexagonal,7,Estonia,0,0,2.638936534736167
0.3,hexagonal,7,Finland,2,0,1.2428149904788648
0.3,hexagonal,7,Germany,2,2,1.7812280697356597
0.3,hexagonal,7,Greece,2,0,3.800653309675034
0.3,hexagonal,7,Hungary,0,0,1.468304502724848
0.3,hexagonal,7,Iceland,1,1,2.5095773975617934
0.3,hexagonal,7,Ireland,2,2,2.5212398753094214
0.3,hexagonal,7,Italy,2,0,1.4586934405996559
0.3,hexagonal,7,Latvia,0,0,2.6415054053064853
0.3,hexagonal,7,Lithuania,0,0,2.1779321085279704
0.3,hexagonal,7,Luxembourg,1,1,4.064057652493685
0.3,hexagonal,7,Netherlands,2,2,1.7762054707808657
0.3,hexagonal,7,Norway,2,2,2.639476189878033
0.3,hexagonal,7,Poland,0,0,1.4175666888448402
0.3,hexagonal,7,Portugal,2,1,1.359282238760704
0.3,hexagonal,7,Slovakia,0,0,1.5690732405115517
0.3,hexagonal,7,Slovenia,1,2,1.6113041477190677
0.3,hexagonal,7,Spain,2,0,3.40901369602221
0.3,hexagonal,7,Sweden,2,0,2.0087363106021137
0.3,hexagonal,7,Switzerland,2,2,3.3229931248611377
0.3,hexagonal,7,Ukraine,0,0,5.455030351508145
0.3,hexagonal,7,United Kingdom,2,0,2.0320531448924957
0.3,hexagonal,8,Austria,2,0,1.6641976040348019
0.3,hexagonal,8,Belgium,2,0,1.0493292529631
0.3,hexagonal,8,Bulgaria,0,2,2.69918432201767
0.3,hexagonal,8,Croatia,0,2,2.344874840829919
0.3,hexagonal,8,Czech Republic,2,1,1.4101596449325293
0.3,hexagonal,8,Denmark,2,0,1.0145759402884635
0.3,hexagonal,8,Estonia,0,2,2.4465170624155617
0.3,hexagonal,8,Finland,1,0,1.3039179396978393
0.3,hexagonal,8,Germany,2,0,1.8074562562978216
0.3,hexagonal,8,Greece,0,1,3.66824355327297
0.3,hexagonal,8,Hungary,0,2,1.2702093359554927
0.3,hexagonal,8,Iceland,2,0,2.414255835819262
0.3,hexagonal,8,Ireland,2,0,2.4571260435818387
0.3,hexagonal,8,Italy,2,0,1.472585837352859
0.3,hexagonal,8,Latvia,0,2,2.4759101809240436
0.3,hexagonal,8,Lithuania,0,2,1.9782640010321155
0.3,hexagonal,8,Luxembourg,2,0,4.009847297339568
0.3,hexagonal,8,Netherlands,2,0,1.668897348560314
0.3,hexagonal,8,Norway,2,0,2.595198901304724
0.3,hexagonal,8,Poland,0,2,1.4112168641287988
0.3,hexagonal,8,Portugal,0,1,1.1578481928265638
0.3,hexagonal,8,Slovakia,0,2,1.3775662053782296
0.3,hexagonal,8,Slovenia,1,1,1.58574873188492
0.3,hexagonal,8,Spain,0,1,3.6251679251896847
0.3,hexagonal,8,Sweden,2,0,2.079068377699054
0.3,hexagonal,8,Switzerland,2,0,3.2190127619461704
0.3,hexagonal,8,Ukraine,0,2,5.529058633286694
0.3,hexagonal,8,United Kingdom,1,0,1.9796637099624856
0.3,hexagonal,9,Austria,2,2,1.7982518848673588
0.3,hexagonal,9,Belgium,2,2,1.132103328380286
0.3,hexagonal,9,Bulgaria,0,2,2.8454786552025766
0.3,hexagonal,9,Croatia,1,1,2.442571415362164
0.3,hexagonal,9,Czech Republic,1,1,1.4362821210507237
0.3,hexagonal,9,Denmark,2,2,1.1305859695236027
0.3,hexagonal,9,Estonia,0,2,2.5844938357052474
0.3,hexagonal,9,Finland,2,0,1.164175980195569
0.3,hexagonal,9,Germany,2,0,1.6333926280024882
0.3,hexagonal,9,Greece,1,1,3.811330031107575
0.3,hexagonal,9,Hungary,0,2,1.3853081352223502
0.3,hexagonal,9,Iceland,1,2,2.534319106417497
0.3,hexagonal,9,Ireland,1,2,2.534839112402329
0.3,hexagonal,9,Italy,2,0,1.323770279856423
0.3,hexagonal,9,Latvia,0,2,2.576386081232112
0.3,hexagonal,9,Lithuania,0,2,2.082866264775979
0.3,hexagonal,9,Luxembourg,1,2,4.121349696430537
0.3,hexagonal,9,Netherlands,2,0,1.7376250224151444
0.3,hexagonal,9,Norway,2,0,2.4404008079493313
0.3,hexagonal,9,Poland,0,2,1.4916499728323245
0.3,hexagonal,9,Portugal,1,1,1.2858626062629561
0.3,hexagonal,9,Slovakia,0,2,1.4179319907497985
0.3,hexagonal,9,Slovenia,1,1,1.5357119866551792
0.3,hexagonal,9,Spain,0,0,3.6150057932683555
0.3,hexagonal,9,Sweden,2,0,1.91492198042603
0.3,hexagonal,9,Switzerland,2,0,3.254320326969765
0.3,hexagonal,9,Ukraine,0,2,5.526032481342388
0.3,hexagonal,9,United Kingdom,2,0,1.9763817141765516
